id,companyName,companyNameKana,industryCode,industryName,prefecture,city,establishedYear,employees,scale,revenueMillionYen,businessDescription,website,demandSignal,demandSignalDetail,registeredActivity,challengeTitle,challengeDetail,challengeCategory,challengeUrgency,seekingProposals,targetDepartment,targetRole,salesScore,existingCustomer,approachStatus,createdAt,fictional,disclaimer
"FC-00001","合同会社アークアグリソリューションズ","合同会社 アーク アグリ ソリューションズ","agriculture","農業・林業","茨城県","あおば市","1966","87","中小企業","1044","スマート農業設備の運営","https://example.invalid/agriculture/001","問い合わせと顧客対応を効率化したい","問い合わせ情報が複数部署に分散しており、対応状況を一元管理できる仕組みを探しています。","人員採用の拡大","問い合わせと顧客対応を効率化したい","問い合わせ情報が複数部署に分散しており、対応状況を一元管理できる仕組みを探しています。","営業・顧客管理","中","true","生産管理部","責任者","72","false","情報収集中","2026-08-30","true","本データはデモ用途の架空企業です。実在の企業・団体とは関係ありません。"
"FC-00002","株式会社アークアグリパートナーズ","株式会社 アーク アグリ パートナーズ","agriculture","農業・林業","新潟県","若葉市","1977","374","中堅企業","4862","農産物の生産・加工・流通","https://example.invalid/agriculture/002","採用後の教育と定着を改善したい","人員拡大に対して教育担当者が不足しており、研修の標準化と定着支援を相談したいです。","既存施設の改修","採用後の教育と定着を改善したい","人員拡大に対して教育担当者が不足しており、研修の標準化と定着支援を相談したいです。","人材・労務","高","true","生産管理部","企画担当","89","false","アプローチ準備中","2026-08-30","true","本データはデモ用途の架空企業です。実在の企業・団体とは関係ありません。"
"FC-00003","合同会社アークアグリワークス","合同会社 アーク アグリ ワークス","agriculture","農業・林業","静岡県","豊栄市","1988","1111","大企業","15554","温室・農業施設の管理","https://example.invalid/agriculture/003","新サービスの販売パートナーを探したい","新サービスの提供地域を広げるため、共同提案や販売連携が可能な企業を探しています。","事業エリアの拡大","新サービスの販売パートナーを探したい","新サービスの提供地域を広げるため、共同提案や販売連携が可能な企業を探しています。","事業開発","低","true","生産管理部","部長","61","false","未対応","2026-08-30","true","本データはデモ用途の架空企業です。実在の企業・団体とは関係ありません。"
"FC-00004","株式会社アークアグリグループ","株式会社 アーク アグリ グループ","agriculture","農業・林業","奈良県","清流市","1999","46","小規模","690","スマート農業設備の運営","https://example.invalid/agriculture/004","現場の安全管理と品質記録を強化したい","点検記録と事故予防の仕組みを見直しており、導入負担の小さい安全管理提案を受け付けています。","DX推進組織の新設","現場の安全管理と品質記録を強化したい","点検記録と事故予防の仕組みを見直しており、導入負担の小さい安全管理提案を受け付けています。","安全・品質","中","true","生産管理部","課長","78","false","情報収集中","2026-08-30","true","本データはデモ用途の架空企業です。実在の企業・団体とは関係ありません。"
"FC-00005","合同会社アークアグリコーポレーション","合同会社 アーク アグリ コーポレーション","agriculture","農業・林業","徳島県","旭市","2010","235","中小企業","3760","農産物の生産・加工・流通","https://example.invalid/agriculture/005","手作業と紙中心の業務をデジタル化したい","部門間の情報共有が手作業になっているため、現場へ定着しやすい業務システムの提案を募集しています。","安全管理方針の強化","手作業と紙中心の業務をデジタル化したい","部門間の情報共有が手作業になっているため、現場へ定着しやすい業務システムの提案を募集しています。","DX・IT","高","true","生産管理部","責任者","95","false","アプローチ準備中","2026-08-30","true","本データはデモ用途の架空企業です。実在の企業・団体とは関係ありません。"
"FC-00006","株式会社ネクサスアグリソリューションズ","株式会社 ネクサス アグリ ソリューションズ","agriculture","農業・林業","熊本県","みなと市","2021","522","中堅企業","8874","温室・農業施設の管理","https://example.invalid/agriculture/006","在庫差異と配送負担を減らしたい","在庫状況の把握に時間がかかっており、入出庫と配送計画を改善する提案を募集しています。","業務提携の締結","在庫差異と配送負担を減らしたい","在庫状況の把握に時間がかかっており、入出庫と配送計画を改善する提案を募集しています。","物流・在庫","低","true","生産管理部","企画担当","67","false","未対応","2026-08-30","true","本データはデモ用途の架空企業です。実在の企業・団体とは関係ありません。"
"FC-00007","合同会社ネクサスアグリパートナーズ","合同会社 ネクサス アグリ パートナーズ","agriculture","農業・林業","岩手県","高台市","1964","1259","大企業","22662","スマート農業設備の運営","https://example.invalid/agriculture/007","エネルギー・運用費を削減したい","拠点運営費が増加しているため、効果を測定できる省エネ・コスト削減策を求めています。","設備更新予算の増額","エネルギー・運用費を削減したい","拠点運営費が増加しているため、効果を測定できる省エネ・コスト削減策を求めています。","コスト削減","中","true","生産管理部","部長","84","false","情報収集中","2026-08-30","true","本データはデモ用途の架空企業です。実在の企業・団体とは関係ありません。"
"FC-00008","株式会社ネクサスアグリワークス","株式会社 ネクサス アグリ ワークス","agriculture","農業・林業","群馬県","新生市","1975","42","小規模","798","農産物の生産・加工・流通","https://example.invalid/agriculture/008","設備の老朽化と保守負担を減らしたい","既存設備の故障と保守工数が増えており、更新計画と運用改善を一緒に提案できる企業を探しています。","省エネ投資の開始","設備の老朽化と保守負担を減らしたい","既存設備の故障と保守工数が増えており、更新計画と運用改善を一緒に提案できる企業を探しています。","設備・施設","高","true","生産管理部","課長","56","false","アプローチ準備中","2026-08-30","true","本データはデモ用途の架空企業です。実在の企業・団体とは関係ありません。"
"FC-00009","合同会社ネクサスアグリグループ","合同会社 ネクサス アグリ グループ","agriculture","農業・林業","石川県","平和市","1986","133","中小企業","2660","温室・農業施設の管理","https://example.invalid/agriculture/009","問い合わせと顧客対応を効率化したい","問い合わせ情報が複数部署に分散しており、対応状況を一元管理できる仕組みを探しています。","新サービスの発表","問い合わせと顧客対応を効率化したい","問い合わせ情報が複数部署に分散しており、対応状況を一元管理できる仕組みを探しています。","営業・顧客管理","低","true","生産管理部","責任者","73","false","未対応","2026-08-30","true","本データはデモ用途の架空企業です。実在の企業・団体とは関係ありません。"
"FC-00010","株式会社ネクサスアグリコーポレーション","株式会社 ネクサス アグリ コーポレーション","agriculture","農業・林業","三重県","希望市","1997","670","中堅企業","14070","スマート農業設備の運営","https://example.invalid/agriculture/010","採用後の教育と定着を改善したい","人員拡大に対して教育担当者が不足しており、研修の標準化と定着支援を相談したいです。","新拠点の開設計画","採用後の教育と定着を改善したい","人員拡大に対して教育担当者が不足しており、研修の標準化と定着支援を相談したいです。","人材・労務","中","true","生産管理部","企画担当","90","false","情報収集中","2026-08-30","true","本データはデモ用途の架空企業です。実在の企業・団体とは関係ありません。"
"FC-00011","合同会社プライムアグリソリューションズ","合同会社 プライム アグリ ソリューションズ","agriculture","農業・林業","鳥取県","文化市","2008","1407","大企業","30954","農産物の生産・加工・流通","https://example.invalid/agriculture/011","新サービスの販売パートナーを探したい","新サービスの提供地域を広げるため、共同提案や販売連携が可能な企業を探しています。","人員採用の拡大","新サービスの販売パートナーを探したい","新サービスの提供地域を広げるため、共同提案や販売連携が可能な企業を探しています。","事業開発","高","true","生産管理部","部長","62","false","アプローチ準備中","2026-08-30","true","本データはデモ用途の架空企業です。実在の企業・団体とは関係ありません。"
"FC-00012","株式会社プライムアグリパートナーズ","株式会社 プライム アグリ パートナーズ","agriculture","農業・林業","愛媛県","産業市","2019","38","小規模","874","温室・農業施設の管理","https://example.invalid/agriculture/012","現場の安全管理と品質記録を強化したい","点検記録と事故予防の仕組みを見直しており、導入負担の小さい安全管理提案を受け付けています。","既存施設の改修","現場の安全管理と品質記録を強化したい","点検記録と事故予防の仕組みを見直しており、導入負担の小さい安全管理提案を受け付けています。","安全・品質","低","true","生産管理部","課長","79","false","未対応","2026-08-30","true","本データはデモ用途の架空企業です。実在の企業・団体とは関係ありません。"
"FC-00013","合同会社プライムアグリワークス","合同会社 プライム アグリ ワークス","agriculture","農業・林業","宮崎県","学園市","1962","281","中小企業","6744","スマート農業設備の運営","https://example.invalid/agriculture/013","手作業と紙中心の業務をデジタル化したい","部門間の情報共有が手作業になっているため、現場へ定着しやすい業務システムの提案を募集しています。","事業エリアの拡大","手作業と紙中心の業務をデジタル化したい","部門間の情報共有が手作業になっているため、現場へ定着しやすい業務システムの提案を募集しています。","DX・IT","中","true","生産管理部","責任者","96","false","情報収集中","2026-08-30","true","本データはデモ用途の架空企業です。実在の企業・団体とは関係ありません。"
"FC-00014","株式会社プライムアグリグループ","株式会社 プライム アグリ グループ","agriculture","農業・林業","秋田県","泉市","1973","818","中堅企業","20450","農産物の生産・加工・流通","https://example.invalid/agriculture/014","在庫差異と配送負担を減らしたい","在庫状況の把握に時間がかかっており、入出庫と配送計画を改善する提案を募集しています。","DX推進組織の新設","在庫差異と配送負担を減らしたい","在庫状況の把握に時間がかかっており、入出庫と配送計画を改善する提案を募集しています。","物流・在庫","高","true","生産管理部","企画担当","68","false","アプローチ準備中","2026-08-30","true","本データはデモ用途の架空企業です。実在の企業・団体とは関係ありません。"
"FC-00015","合同会社プライムアグリコーポレーション","合同会社 プライム アグリ コーポレーション","agriculture","農業・林業","千葉県","丘陵市","1984","1555","大企業","40430","温室・農業施設の管理","https://example.invalid/agriculture/015","エネルギー・運用費を削減したい","拠点運営費が増加しているため、効果を測定できる省エネ・コスト削減策を求めています。","安全管理方針の強化","エネルギー・運用費を削減したい","拠点運営費が増加しているため、効果を測定できる省エネ・コスト削減策を求めています。","コスト削減","低","true","生産管理部","部長","85","false","未対応","2026-08-30","true","本データはデモ用途の架空企業です。実在の企業・団体とは関係ありません。"
"FC-00016","株式会社オルビスアグリソリューションズ","株式会社 オルビス アグリ ソリューションズ","agriculture","農業・林業","山梨県","未来市","1995","34","小規模","918","スマート農業設備の運営","https://example.invalid/agriculture/016","設備の老朽化と保守負担を減らしたい","既存設備の故障と保守工数が増えており、更新計画と運用改善を一緒に提案できる企業を探しています。","業務提携の締結","設備の老朽化と保守負担を減らしたい","既存設備の故障と保守工数が増えており、更新計画と運用改善を一緒に提案できる企業を探しています。","設備・施設","中","true","生産管理部","課長","57","false","情報収集中","2026-08-30","true","本データはデモ用途の架空企業です。実在の企業・団体とは関係ありません。"
"FC-00017","合同会社オルビスアグリパートナーズ","合同会社 オルビス アグリ パートナーズ","agriculture","農業・林業","京都府","中央市","2006","179","中小企業","5012","農産物の生産・加工・流通","https://example.invalid/agriculture/017","問い合わせと顧客対応を効率化したい","問い合わせ情報が複数部署に分散しており、対応状況を一元管理できる仕組みを探しています。","設備更新予算の増額","問い合わせと顧客対応を効率化したい","問い合わせ情報が複数部署に分散しており、対応状況を一元管理できる仕組みを探しています。","営業・顧客管理","高","true","生産管理部","責任者","74","true","アプローチ準備中","2026-08-30","true","本データはデモ用途の架空企業です。実在の企業・団体とは関係ありません。"
"FC-00018","株式会社オルビスアグリワークス","株式会社 オルビス アグリ ワークス","agriculture","農業・林業","岡山県","緑市","2017","966","中堅企業","28014","温室・農業施設の管理","https://example.invalid/agriculture/018","採用後の教育と定着を改善したい","人員拡大に対して教育担当者が不足しており、研修の標準化と定着支援を相談したいです。","省エネ投資の開始","採用後の教育と定着を改善したい","人員拡大に対して教育担当者が不足しており、研修の標準化と定着支援を相談したいです。","人材・労務","低","true","生産管理部","企画担当","91","false","未対応","2026-08-30","true","本データはデモ用途の架空企業です。実在の企業・団体とは関係ありません。"
"FC-00019","合同会社オルビスアグリグループ","合同会社 オルビス アグリ グループ","agriculture","農業・林業","福岡県","さくら市","1960","1703","大企業","18733","スマート農業設備の運営","https://example.invalid/agriculture/019","新サービスの販売パートナーを探したい","新サービスの提供地域を広げるため、共同提案や販売連携が可能な企業を探しています。","新サービスの発表","新サービスの販売パートナーを探したい","新サービスの提供地域を広げるため、共同提案や販売連携が可能な企業を探しています。","事業開発","中","true","生産管理部","部長","63","false","情報収集中","2026-08-30","true","本データはデモ用途の架空企業です。実在の企業・団体とは関係ありません。"
"FC-00020","株式会社オルビスアグリコーポレーション","株式会社 オルビス アグリ コーポレーション","agriculture","農業・林業","沖縄県","ひかり市","1971","30","小規模","360","農産物の生産・加工・流通","https://example.invalid/agriculture/020","現場の安全管理と品質記録を強化したい","点検記録と事故予防の仕組みを見直しており、導入負担の小さい安全管理提案を受け付けています。","新拠点の開設計画","現場の安全管理と品質記録を強化したい","点検記録と事故予防の仕組みを見直しており、導入負担の小さい安全管理提案を受け付けています。","安全・品質","高","true","生産管理部","課長","80","false","アプローチ準備中","2026-08-30","true","本データはデモ用途の架空企業です。実在の企業・団体とは関係ありません。"
"FC-00021","合同会社ノヴァアグリソリューションズ","合同会社 ノヴァ アグリ ソリューションズ","agriculture","農業・林業","福島県","あおば市","1982","77","中小企業","1001","温室・農業施設の管理","https://example.invalid/agriculture/021","手作業と紙中心の業務をデジタル化したい","部門間の情報共有が手作業になっているため、現場へ定着しやすい業務システムの提案を募集しています。","人員採用の拡大","手作業と紙中心の業務をデジタル化したい","部門間の情報共有が手作業になっているため、現場へ定着しやすい業務システムの提案を募集しています。","DX・IT","低","true","生産管理部","責任者","97","false","未対応","2026-08-30","true","本データはデモ用途の架空企業です。実在の企業・団体とは関係ありません。"
"FC-00022","株式会社ノヴァアグリパートナーズ","株式会社 ノヴァ アグリ パートナーズ","agriculture","農業・林業","神奈川県","若葉市","1993","414","中堅企業","5796","スマート農業設備の運営","https://example.invalid/agriculture/022","在庫差異と配送負担を減らしたい","在庫状況の把握に時間がかかっており、入出庫と配送計画を改善する提案を募集しています。","既存施設の改修","在庫差異と配送負担を減らしたい","在庫状況の把握に時間がかかっており、入出庫と配送計画を改善する提案を募集しています。","物流・在庫","中","true","生産管理部","企画担当","69","false","情報収集中","2026-08-30","true","本データはデモ用途の架空企業です。実在の企業・団体とは関係ありません。"
"FC-00023","合同会社ノヴァアグリワークス","合同会社 ノヴァ アグリ ワークス","agriculture","農業・林業","岐阜県","豊栄市","2004","1851","大企業","27765","農産物の生産・加工・流通","https://example.invalid/agriculture/023","エネルギー・運用費を削減したい","拠点運営費が増加しているため、効果を測定できる省エネ・コスト削減策を求めています。","事業エリアの拡大","エネルギー・運用費を削減したい","拠点運営費が増加しているため、効果を測定できる省エネ・コスト削減策を求めています。","コスト削減","高","true","生産管理部","部長","86","false","アプローチ準備中","2026-08-30","true","本データはデモ用途の架空企業です。実在の企業・団体とは関係ありません。"
"FC-00024","株式会社ノヴァアグリグループ","株式会社 ノヴァ アグリ グループ","agriculture","農業・林業","兵庫県","清流市","2015","26","小規模","416","温室・農業施設の管理","https://example.invalid/agriculture/024","設備の老朽化と保守負担を減らしたい","既存設備の故障と保守工数が増えており、更新計画と運用改善を一緒に提案できる企業を探しています。","DX推進組織の新設","設備の老朽化と保守負担を減らしたい","既存設備の故障と保守工数が増えており、更新計画と運用改善を一緒に提案できる企業を探しています。","設備・施設","低","true","生産管理部","課長","58","false","未対応","2026-08-30","true","本データはデモ用途の架空企業です。実在の企業・団体とは関係ありません。"
"FC-00025","合同会社ノヴァアグリコーポレーション","合同会社 ノヴァ アグリ コーポレーション","agriculture","農業・林業","山口県","旭市","1958","225","中小企業","3825","スマート農業設備の運営","https://example.invalid/agriculture/025","問い合わせと顧客対応を効率化したい","問い合わせ情報が複数部署に分散しており、対応状況を一元管理できる仕組みを探しています。","安全管理方針の強化","問い合わせと顧客対応を効率化したい","問い合わせ情報が複数部署に分散しており、対応状況を一元管理できる仕組みを探しています。","営業・顧客管理","中","true","生産管理部","責任者","75","false","情報収集中","2026-08-30","true","本データはデモ用途の架空企業です。実在の企業・団体とは関係ありません。"
"FC-00026","株式会社ユニゾンアグリソリューションズ","株式会社 ユニゾン アグリ ソリューションズ","agriculture","農業・林業","長崎県","みなと市","1969","562","中堅企業","10116","農産物の生産・加工・流通","https://example.invalid/agriculture/026","採用後の教育と定着を改善したい","人員拡大に対して教育担当者が不足しており、研修の標準化と定着支援を相談したいです。","業務提携の締結","採用後の教育と定着を改善したい","人員拡大に対して教育担当者が不足しており、研修の標準化と定着支援を相談したいです。","人材・労務","高","true","生産管理部","企画担当","92","false","アプローチ準備中","2026-08-30","true","本データはデモ用途の架空企業です。実在の企業・団体とは関係ありません。"
"FC-00027","合同会社ユニゾンアグリパートナーズ","合同会社 ユニゾン アグリ パートナーズ","agriculture","農業・林業","青森県","高台市","1980","1999","大企業","37981","温室・農業施設の管理","https://example.invalid/agriculture/027","新サービスの販売パートナーを探したい","新サービスの提供地域を広げるため、共同提案や販売連携が可能な企業を探しています。","設備更新予算の増額","新サービスの販売パートナーを探したい","新サービスの提供地域を広げるため、共同提案や販売連携が可能な企業を探しています。","事業開発","低","true","生産管理部","部長","64","false","未対応","2026-08-30","true","本データはデモ用途の架空企業です。実在の企業・団体とは関係ありません。"
"FC-00028","株式会社ユニゾンアグリワークス","株式会社 ユニゾン アグリ ワークス","agriculture","農業・林業","栃木県","新生市","1991","22","小規模","440","スマート農業設備の運営","https://example.invalid/agriculture/028","現場の安全管理と品質記録を強化したい","点検記録と事故予防の仕組みを見直しており、導入負担の小さい安全管理提案を受け付けています。","省エネ投資の開始","現場の安全管理と品質記録を強化したい","点検記録と事故予防の仕組みを見直しており、導入負担の小さい安全管理提案を受け付けています。","安全・品質","中","true","生産管理部","課長","81","false","情報収集中","2026-08-30","true","本データはデモ用途の架空企業です。実在の企業・団体とは関係ありません。"
"FC-00029","合同会社ユニゾンアグリグループ","合同会社 ユニゾン アグリ グループ","agriculture","農業・林業","富山県","平和市","2002","123","中小企業","2583","農産物の生産・加工・流通","https://example.invalid/agriculture/029","手作業と紙中心の業務をデジタル化したい","部門間の情報共有が手作業になっているため、現場へ定着しやすい業務システムの提案を募集しています。","新サービスの発表","手作業と紙中心の業務をデジタル化したい","部門間の情報共有が手作業になっているため、現場へ定着しやすい業務システムの提案を募集しています。","DX・IT","高","true","生産管理部","責任者","98","false","アプローチ準備中","2026-08-30","true","本データはデモ用途の架空企業です。実在の企業・団体とは関係ありません。"
"FC-00030","株式会社ユニゾンアグリコーポレーション","株式会社 ユニゾン アグリ コーポレーション","agriculture","農業・林業","愛知県","希望市","2013","710","中堅企業","15620","温室・農業施設の管理","https://example.invalid/agriculture/030","在庫差異と配送負担を減らしたい","在庫状況の把握に時間がかかっており、入出庫と配送計画を改善する提案を募集しています。","新拠点の開設計画","在庫差異と配送負担を減らしたい","在庫状況の把握に時間がかかっており、入出庫と配送計画を改善する提案を募集しています。","物流・在庫","低","true","生産管理部","企画担当","70","false","未対応","2026-08-30","true","本データはデモ用途の架空企業です。実在の企業・団体とは関係ありません。"
"FC-00031","合同会社ヴェリタスアグリソリューションズ","合同会社 ヴェリタス アグリ ソリューションズ","agriculture","農業・林業","和歌山県","文化市","1956","2147","大企業","49381","スマート農業設備の運営","https://example.invalid/agriculture/031","エネルギー・運用費を削減したい","拠点運営費が増加しているため、効果を測定できる省エネ・コスト削減策を求めています。","人員採用の拡大","エネルギー・運用費を削減したい","拠点運営費が増加しているため、効果を測定できる省エネ・コスト削減策を求めています。","コスト削減","中","true","生産管理部","部長","87","false","情報収集中","2026-08-30","true","本データはデモ用途の架空企業です。実在の企業・団体とは関係ありません。"
"FC-00032","株式会社ヴェリタスアグリパートナーズ","株式会社 ヴェリタス アグリ パートナーズ","agriculture","農業・林業","香川県","産業市","1967","18","小規模","432","農産物の生産・加工・流通","https://example.invalid/agriculture/032","設備の老朽化と保守負担を減らしたい","既存設備の故障と保守工数が増えており、更新計画と運用改善を一緒に提案できる企業を探しています。","既存施設の改修","設備の老朽化と保守負担を減らしたい","既存設備の故障と保守工数が増えており、更新計画と運用改善を一緒に提案できる企業を探しています。","設備・施設","高","true","生産管理部","課長","59","false","アプローチ準備中","2026-08-30","true","本データはデモ用途の架空企業です。実在の企業・団体とは関係ありません。"
"FC-00033","合同会社ヴェリタスアグリワークス","合同会社 ヴェリタス アグリ ワークス","agriculture","農業・林業","大分県","学園市","1978","271","中小企業","6775","温室・農業施設の管理","https://example.invalid/agriculture/033","問い合わせと顧客対応を効率化したい","問い合わせ情報が複数部署に分散しており、対応状況を一元管理できる仕組みを探しています。","事業エリアの拡大","問い合わせと顧客対応を効率化したい","問い合わせ情報が複数部署に分散しており、対応状況を一元管理できる仕組みを探しています。","営業・顧客管理","低","true","生産管理部","責任者","76","false","未対応","2026-08-30","true","本データはデモ用途の架空企業です。実在の企業・団体とは関係ありません。"
"FC-00034","株式会社ヴェリタスアグリグループ","株式会社 ヴェリタス アグリ グループ","agriculture","農業・林業","宮城県","泉市","1989","858","中堅企業","22308","スマート農業設備の運営","https://example.invalid/agriculture/034","採用後の教育と定着を改善したい","人員拡大に対して教育担当者が不足しており、研修の標準化と定着支援を相談したいです。","DX推進組織の新設","採用後の教育と定着を改善したい","人員拡大に対して教育担当者が不足しており、研修の標準化と定着支援を相談したいです。","人材・労務","中","true","生産管理部","企画担当","93","true","情報収集中","2026-08-30","true","本データはデモ用途の架空企業です。実在の企業・団体とは関係ありません。"
"FC-00035","合同会社ヴェリタスアグリコーポレーション","合同会社 ヴェリタス アグリ コーポレーション","agriculture","農業・林業","埼玉県","丘陵市","2000","2295","大企業","61965","農産物の生産・加工・流通","https://example.invalid/agriculture/035","新サービスの販売パートナーを探したい","新サービスの提供地域を広げるため、共同提案や販売連携が可能な企業を探しています。","安全管理方針の強化","新サービスの販売パートナーを探したい","新サービスの提供地域を広げるため、共同提案や販売連携が可能な企業を探しています。","事業開発","高","true","生産管理部","部長","65","false","アプローチ準備中","2026-08-30","true","本データはデモ用途の架空企業です。実在の企業・団体とは関係ありません。"
"FC-00036","株式会社セントラルアグリソリューションズ","株式会社 セントラル アグリ ソリューションズ","agriculture","農業・林業","福井県","未来市","2011","14","小規模","392","温室・農業施設の管理","https://example.invalid/agriculture/036","現場の安全管理と品質記録を強化したい","点検記録と事故予防の仕組みを見直しており、導入負担の小さい安全管理提案を受け付けています。","業務提携の締結","現場の安全管理と品質記録を強化したい","点検記録と事故予防の仕組みを見直しており、導入負担の小さい安全管理提案を受け付けています。","安全・品質","低","true","生産管理部","課長","82","false","未対応","2026-08-30","true","本データはデモ用途の架空企業です。実在の企業・団体とは関係ありません。"
"FC-00037","合同会社セントラルアグリパートナーズ","合同会社 セントラル アグリ パートナーズ","agriculture","農業・林業","滋賀県","中央市","2022","169","中小企業","4901","スマート農業設備の運営","https://example.invalid/agriculture/037","手作業と紙中心の業務をデジタル化したい","部門間の情報共有が手作業になっているため、現場へ定着しやすい業務システムの提案を募集しています。","設備更新予算の増額","手作業と紙中心の業務をデジタル化したい","部門間の情報共有が手作業になっているため、現場へ定着しやすい業務システムの提案を募集しています。","DX・IT","中","true","生産管理部","責任者","99","false","情報収集中","2026-08-30","true","本データはデモ用途の架空企業です。実在の企業・団体とは関係ありません。"
"FC-00038","株式会社セントラルアグリワークス","株式会社 セントラル アグリ ワークス","agriculture","農業・林業","島根県","緑市","1965","306","中堅企業","3366","農産物の生産・加工・流通","https://example.invalid/agriculture/038","在庫差異と配送負担を減らしたい","在庫状況の把握に時間がかかっており、入出庫と配送計画を改善する提案を募集しています。","省エネ投資の開始","在庫差異と配送負担を減らしたい","在庫状況の把握に時間がかかっており、入出庫と配送計画を改善する提案を募集しています。","物流・在庫","高","true","生産管理部","企画担当","71","false","アプローチ準備中","2026-08-30","true","本データはデモ用途の架空企業です。実在の企業・団体とは関係ありません。"
"FC-00039","合同会社セントラルアグリグループ","合同会社 セントラル アグリ グループ","agriculture","農業・林業","高知県","さくら市","1976","2443","大企業","29316","温室・農業施設の管理","https://example.invalid/agriculture/039","エネルギー・運用費を削減したい","拠点運営費が増加しているため、効果を測定できる省エネ・コスト削減策を求めています。","新サービスの発表","エネルギー・運用費を削減したい","拠点運営費が増加しているため、効果を測定できる省エネ・コスト削減策を求めています。","コスト削減","低","true","生産管理部","部長","88","false","未対応","2026-08-30","true","本データはデモ用途の架空企業です。実在の企業・団体とは関係ありません。"
"FC-00040","株式会社セントラルアグリコーポレーション","株式会社 セントラル アグリ コーポレーション","agriculture","農業・林業","鹿児島県","ひかり市","1987","48","小規模","624","スマート農業設備の運営","https://example.invalid/agriculture/040","設備の老朽化と保守負担を減らしたい","既存設備の故障と保守工数が増えており、更新計画と運用改善を一緒に提案できる企業を探しています。","新拠点の開設計画","設備の老朽化と保守負担を減らしたい","既存設備の故障と保守工数が増えており、更新計画と運用改善を一緒に提案できる企業を探しています。","設備・施設","中","true","生産管理部","課長","60","false","情報収集中","2026-08-30","true","本データはデモ用途の架空企業です。実在の企業・団体とは関係ありません。"
"FC-00041","合同会社エレメントアグリソリューションズ","合同会社 エレメント アグリ ソリューションズ","agriculture","農業・林業","山形県","あおば市","1998","67","中小企業","938","農産物の生産・加工・流通","https://example.invalid/agriculture/041","問い合わせと顧客対応を効率化したい","問い合わせ情報が複数部署に分散しており、対応状況を一元管理できる仕組みを探しています。","人員採用の拡大","問い合わせと顧客対応を効率化したい","問い合わせ情報が複数部署に分散しており、対応状況を一元管理できる仕組みを探しています。","営業・顧客管理","高","true","生産管理部","責任者","77","false","アプローチ準備中","2026-08-30","true","本データはデモ用途の架空企業です。実在の企業・団体とは関係ありません。"
"FC-00042","株式会社エレメントアグリパートナーズ","株式会社 エレメント アグリ パートナーズ","agriculture","農業・林業","東京都","若葉市","2009","454","中堅企業","6810","温室・農業施設の管理","https://example.invalid/agriculture/042","採用後の教育と定着を改善したい","人員拡大に対して教育担当者が不足しており、研修の標準化と定着支援を相談したいです。","既存施設の改修","採用後の教育と定着を改善したい","人員拡大に対して教育担当者が不足しており、研修の標準化と定着支援を相談したいです。","人材・労務","低","true","生産管理部","企画担当","94","false","未対応","2026-08-30","true","本データはデモ用途の架空企業です。実在の企業・団体とは関係ありません。"
"FC-00043","合同会社エレメントアグリワークス","合同会社 エレメント アグリ ワークス","agriculture","農業・林業","長野県","豊栄市","2020","2591","大企業","41456","スマート農業設備の運営","https://example.invalid/agriculture/043","新サービスの販売パートナーを探したい","新サービスの提供地域を広げるため、共同提案や販売連携が可能な企業を探しています。","事業エリアの拡大","新サービスの販売パートナーを探したい","新サービスの提供地域を広げるため、共同提案や販売連携が可能な企業を探しています。","事業開発","中","true","生産管理部","部長","66","false","情報収集中","2026-08-30","true","本データはデモ用途の架空企業です。実在の企業・団体とは関係ありません。"
"FC-00044","株式会社エレメントアグリグループ","株式会社 エレメント アグリ グループ","agriculture","農業・林業","大阪府","清流市","1963","44","小規模","748","農産物の生産・加工・流通","https://example.invalid/agriculture/044","現場の安全管理と品質記録を強化したい","点検記録と事故予防の仕組みを見直しており、導入負担の小さい安全管理提案を受け付けています。","DX推進組織の新設","現場の安全管理と品質記録を強化したい","点検記録と事故予防の仕組みを見直しており、導入負担の小さい安全管理提案を受け付けています。","安全・品質","高","true","生産管理部","課長","83","false","アプローチ準備中","2026-08-30","true","本データはデモ用途の架空企業です。実在の企業・団体とは関係ありません。"
"FC-00045","合同会社エレメントアグリコーポレーション","合同会社 エレメント アグリ コーポレーション","agriculture","農業・林業","広島県","旭市","1974","215","中小企業","3870","温室・農業施設の管理","https://example.invalid/agriculture/045","手作業と紙中心の業務をデジタル化したい","部門間の情報共有が手作業になっているため、現場へ定着しやすい業務システムの提案を募集しています。","安全管理方針の強化","手作業と紙中心の業務をデジタル化したい","部門間の情報共有が手作業になっているため、現場へ定着しやすい業務システムの提案を募集しています。","DX・IT","低","true","生産管理部","責任者","55","false","未対応","2026-08-30","true","本データはデモ用途の架空企業です。実在の企業・団体とは関係ありません。"
"FC-00046","株式会社クレストアグリソリューションズ","株式会社 クレスト アグリ ソリューションズ","agriculture","農業・林業","佐賀県","みなと市","1985","602","中堅企業","11438","スマート農業設備の運営","https://example.invalid/agriculture/046","在庫差異と配送負担を減らしたい","在庫状況の把握に時間がかかっており、入出庫と配送計画を改善する提案を募集しています。","業務提携の締結","在庫差異と配送負担を減らしたい","在庫状況の把握に時間がかかっており、入出庫と配送計画を改善する提案を募集しています。","物流・在庫","中","true","生産管理部","企画担当","72","false","情報収集中","2026-08-30","true","本データはデモ用途の架空企業です。実在の企業・団体とは関係ありません。"
"FC-00047","合同会社クレストアグリパートナーズ","合同会社 クレスト アグリ パートナーズ","agriculture","農業・林業","北海道","高台市","1996","2739","大企業","54780","農産物の生産・加工・流通","https://example.invalid/agriculture/047","エネルギー・運用費を削減したい","拠点運営費が増加しているため、効果を測定できる省エネ・コスト削減策を求めています。","設備更新予算の増額","エネルギー・運用費を削減したい","拠点運営費が増加しているため、効果を測定できる省エネ・コスト削減策を求めています。","コスト削減","高","true","生産管理部","部長","89","false","アプローチ準備中","2026-08-30","true","本データはデモ用途の架空企業です。実在の企業・団体とは関係ありません。"
"FC-00048","株式会社クレストアグリワークス","株式会社 クレスト アグリ ワークス","agriculture","農業・林業","茨城県","新生市","2007","40","小規模","840","温室・農業施設の管理","https://example.invalid/agriculture/048","設備の老朽化と保守負担を減らしたい","既存設備の故障と保守工数が増えており、更新計画と運用改善を一緒に提案できる企業を探しています。","省エネ投資の開始","設備の老朽化と保守負担を減らしたい","既存設備の故障と保守工数が増えており、更新計画と運用改善を一緒に提案できる企業を探しています。","設備・施設","低","true","生産管理部","課長","61","false","未対応","2026-08-30","true","本データはデモ用途の架空企業です。実在の企業・団体とは関係ありません。"
"FC-00049","合同会社クレストアグリグループ","合同会社 クレスト アグリ グループ","agriculture","農業・林業","新潟県","平和市","2018","113","中小企業","2486","スマート農業設備の運営","https://example.invalid/agriculture/049","問い合わせと顧客対応を効率化したい","問い合わせ情報が複数部署に分散しており、対応状況を一元管理できる仕組みを探しています。","新サービスの発表","問い合わせと顧客対応を効率化したい","問い合わせ情報が複数部署に分散しており、対応状況を一元管理できる仕組みを探しています。","営業・顧客管理","中","true","生産管理部","責任者","78","false","情報収集中","2026-08-30","true","本データはデモ用途の架空企業です。実在の企業・団体とは関係ありません。"
"FC-00050","株式会社クレストアグリコーポレーション","株式会社 クレスト アグリ コーポレーション","agriculture","農業・林業","静岡県","希望市","1961","750","中堅企業","17250","農産物の生産・加工・流通","https://example.invalid/agriculture/050","採用後の教育と定着を改善したい","人員拡大に対して教育担当者が不足しており、研修の標準化と定着支援を相談したいです。","新拠点の開設計画","採用後の教育と定着を改善したい","人員拡大に対して教育担当者が不足しており、研修の標準化と定着支援を相談したいです。","人材・労務","高","true","生産管理部","企画担当","95","false","アプローチ準備中","2026-08-30","true","本データはデモ用途の架空企業です。実在の企業・団体とは関係ありません。"
"FC-00051","合同会社シナジーアグリソリューションズ","合同会社 シナジー アグリ ソリューションズ","agriculture","農業・林業","奈良県","文化市","1972","2887","大企業","69288","温室・農業施設の管理","https://example.invalid/agriculture/051","新サービスの販売パートナーを探したい","新サービスの提供地域を広げるため、共同提案や販売連携が可能な企業を探しています。","人員採用の拡大","新サービスの販売パートナーを探したい","新サービスの提供地域を広げるため、共同提案や販売連携が可能な企業を探しています。","事業開発","低","true","生産管理部","部長","67","true","未対応","2026-08-30","true","本データはデモ用途の架空企業です。実在の企業・団体とは関係ありません。"
"FC-00052","株式会社シナジーアグリパートナーズ","株式会社 シナジー アグリ パートナーズ","agriculture","農業・林業","徳島県","産業市","1983","36","小規模","900","スマート農業設備の運営","https://example.invalid/agriculture/052","現場の安全管理と品質記録を強化したい","点検記録と事故予防の仕組みを見直しており、導入負担の小さい安全管理提案を受け付けています。","既存施設の改修","現場の安全管理と品質記録を強化したい","点検記録と事故予防の仕組みを見直しており、導入負担の小さい安全管理提案を受け付けています。","安全・品質","中","true","生産管理部","課長","84","false","情報収集中","2026-08-30","true","本データはデモ用途の架空企業です。実在の企業・団体とは関係ありません。"
"FC-00053","合同会社シナジーアグリワークス","合同会社 シナジー アグリ ワークス","agriculture","農業・林業","熊本県","学園市","1994","261","中小企業","6786","農産物の生産・加工・流通","https://example.invalid/agriculture/053","手作業と紙中心の業務をデジタル化したい","部門間の情報共有が手作業になっているため、現場へ定着しやすい業務システムの提案を募集しています。","事業エリアの拡大","手作業と紙中心の業務をデジタル化したい","部門間の情報共有が手作業になっているため、現場へ定着しやすい業務システムの提案を募集しています。","DX・IT","高","true","生産管理部","責任者","56","false","アプローチ準備中","2026-08-30","true","本データはデモ用途の架空企業です。実在の企業・団体とは関係ありません。"
"FC-00054","株式会社シナジーアグリグループ","株式会社 シナジー アグリ グループ","agriculture","農業・林業","岩手県","泉市","2005","898","中堅企業","24246","温室・農業施設の管理","https://example.invalid/agriculture/054","在庫差異と配送負担を減らしたい","在庫状況の把握に時間がかかっており、入出庫と配送計画を改善する提案を募集しています。","DX推進組織の新設","在庫差異と配送負担を減らしたい","在庫状況の把握に時間がかかっており、入出庫と配送計画を改善する提案を募集しています。","物流・在庫","低","true","生産管理部","企画担当","73","false","未対応","2026-08-30","true","本データはデモ用途の架空企業です。実在の企業・団体とは関係ありません。"
"FC-00055","合同会社シナジーアグリコーポレーション","合同会社 シナジー アグリ コーポレーション","agriculture","農業・林業","群馬県","丘陵市","2016","3035","大企業","84980","スマート農業設備の運営","https://example.invalid/agriculture/055","エネルギー・運用費を削減したい","拠点運営費が増加しているため、効果を測定できる省エネ・コスト削減策を求めています。","安全管理方針の強化","エネルギー・運用費を削減したい","拠点運営費が増加しているため、効果を測定できる省エネ・コスト削減策を求めています。","コスト削減","中","true","生産管理部","部長","90","false","情報収集中","2026-08-30","true","本データはデモ用途の架空企業です。実在の企業・団体とは関係ありません。"
"FC-00056","株式会社アクセルアグリソリューションズ","株式会社 アクセル アグリ ソリューションズ","agriculture","農業・林業","石川県","未来市","1959","32","小規模","928","農産物の生産・加工・流通","https://example.invalid/agriculture/056","設備の老朽化と保守負担を減らしたい","既存設備の故障と保守工数が増えており、更新計画と運用改善を一緒に提案できる企業を探しています。","業務提携の締結","設備の老朽化と保守負担を減らしたい","既存設備の故障と保守工数が増えており、更新計画と運用改善を一緒に提案できる企業を探しています。","設備・施設","高","true","生産管理部","課長","62","false","アプローチ準備中","2026-08-30","true","本データはデモ用途の架空企業です。実在の企業・団体とは関係ありません。"
"FC-00057","合同会社アクセルアグリパートナーズ","合同会社 アクセル アグリ パートナーズ","agriculture","農業・林業","三重県","中央市","1970","159","中小企業","1749","温室・農業施設の管理","https://example.invalid/agriculture/057","問い合わせと顧客対応を効率化したい","問い合わせ情報が複数部署に分散しており、対応状況を一元管理できる仕組みを探しています。","設備更新予算の増額","問い合わせと顧客対応を効率化したい","問い合わせ情報が複数部署に分散しており、対応状況を一元管理できる仕組みを探しています。","営業・顧客管理","低","true","生産管理部","責任者","79","false","未対応","2026-08-30","true","本データはデモ用途の架空企業です。実在の企業・団体とは関係ありません。"
"FC-00058","株式会社アクセルアグリワークス","株式会社 アクセル アグリ ワークス","agriculture","農業・林業","鳥取県","緑市","1981","346","中堅企業","4152","スマート農業設備の運営","https://example.invalid/agriculture/058","採用後の教育と定着を改善したい","人員拡大に対して教育担当者が不足しており、研修の標準化と定着支援を相談したいです。","省エネ投資の開始","採用後の教育と定着を改善したい","人員拡大に対して教育担当者が不足しており、研修の標準化と定着支援を相談したいです。","人材・労務","中","true","生産管理部","企画担当","96","false","情報収集中","2026-08-30","true","本データはデモ用途の架空企業です。実在の企業・団体とは関係ありません。"
"FC-00059","合同会社アクセルアグリグループ","合同会社 アクセル アグリ グループ","agriculture","農業・林業","愛媛県","さくら市","1992","3183","大企業","41379","農産物の生産・加工・流通","https://example.invalid/agriculture/059","新サービスの販売パートナーを探したい","新サービスの提供地域を広げるため、共同提案や販売連携が可能な企業を探しています。","新サービスの発表","新サービスの販売パートナーを探したい","新サービスの提供地域を広げるため、共同提案や販売連携が可能な企業を探しています。","事業開発","高","true","生産管理部","部長","68","false","アプローチ準備中","2026-08-30","true","本データはデモ用途の架空企業です。実在の企業・団体とは関係ありません。"
"FC-00060","株式会社アクセルアグリコーポレーション","株式会社 アクセル アグリ コーポレーション","agriculture","農業・林業","宮崎県","ひかり市","2003","28","小規模","392","温室・農業施設の管理","https://example.invalid/agriculture/060","現場の安全管理と品質記録を強化したい","点検記録と事故予防の仕組みを見直しており、導入負担の小さい安全管理提案を受け付けています。","新拠点の開設計画","現場の安全管理と品質記録を強化したい","点検記録と事故予防の仕組みを見直しており、導入負担の小さい安全管理提案を受け付けています。","安全・品質","低","true","生産管理部","課長","85","false","未対応","2026-08-30","true","本データはデモ用途の架空企業です。実在の企業・団体とは関係ありません。"
"FC-00061","合同会社リードアグリソリューションズ","合同会社 リード アグリ ソリューションズ","agriculture","農業・林業","秋田県","あおば市","2014","57","中小企業","855","スマート農業設備の運営","https://example.invalid/agriculture/061","手作業と紙中心の業務をデジタル化したい","部門間の情報共有が手作業になっているため、現場へ定着しやすい業務システムの提案を募集しています。","人員採用の拡大","手作業と紙中心の業務をデジタル化したい","部門間の情報共有が手作業になっているため、現場へ定着しやすい業務システムの提案を募集しています。","DX・IT","中","true","生産管理部","責任者","57","false","情報収集中","2026-08-30","true","本データはデモ用途の架空企業です。実在の企業・団体とは関係ありません。"
"FC-00062","株式会社リードアグリパートナーズ","株式会社 リード アグリ パートナーズ","agriculture","農業・林業","千葉県","若葉市","1957","494","中堅企業","7904","農産物の生産・加工・流通","https://example.invalid/agriculture/062","在庫差異と配送負担を減らしたい","在庫状況の把握に時間がかかっており、入出庫と配送計画を改善する提案を募集しています。","既存施設の改修","在庫差異と配送負担を減らしたい","在庫状況の把握に時間がかかっており、入出庫と配送計画を改善する提案を募集しています。","物流・在庫","高","true","生産管理部","企画担当","74","false","アプローチ準備中","2026-08-30","true","本データはデモ用途の架空企業です。実在の企業・団体とは関係ありません。"
"FC-00063","合同会社リードアグリワークス","合同会社 リード アグリ ワークス","agriculture","農業・林業","山梨県","豊栄市","1968","3331","大企業","56627","温室・農業施設の管理","https://example.invalid/agriculture/063","エネルギー・運用費を削減したい","拠点運営費が増加しているため、効果を測定できる省エネ・コスト削減策を求めています。","事業エリアの拡大","エネルギー・運用費を削減したい","拠点運営費が増加しているため、効果を測定できる省エネ・コスト削減策を求めています。","コスト削減","低","true","生産管理部","部長","91","false","未対応","2026-08-30","true","本データはデモ用途の架空企業です。実在の企業・団体とは関係ありません。"
"FC-00064","株式会社リードアグリグループ","株式会社 リード アグリ グループ","agriculture","農業・林業","京都府","清流市","1979","24","小規模","432","スマート農業設備の運営","https://example.invalid/agriculture/064","設備の老朽化と保守負担を減らしたい","既存設備の故障と保守工数が増えており、更新計画と運用改善を一緒に提案できる企業を探しています。","DX推進組織の新設","設備の老朽化と保守負担を減らしたい","既存設備の故障と保守工数が増えており、更新計画と運用改善を一緒に提案できる企業を探しています。","設備・施設","中","true","生産管理部","課長","63","false","情報収集中","2026-08-30","true","本データはデモ用途の架空企業です。実在の企業・団体とは関係ありません。"
"FC-00065","合同会社リードアグリコーポレーション","合同会社 リード アグリ コーポレーション","agriculture","農業・林業","岡山県","旭市","1990","205","中小企業","3895","農産物の生産・加工・流通","https://example.invalid/agriculture/065","問い合わせと顧客対応を効率化したい","問い合わせ情報が複数部署に分散しており、対応状況を一元管理できる仕組みを探しています。","安全管理方針の強化","問い合わせと顧客対応を効率化したい","問い合わせ情報が複数部署に分散しており、対応状況を一元管理できる仕組みを探しています。","営業・顧客管理","高","true","生産管理部","責任者","80","false","アプローチ準備中","2026-08-30","true","本データはデモ用途の架空企業です。実在の企業・団体とは関係ありません。"
"FC-00066","株式会社ハーモニーアグリソリューションズ","株式会社 ハーモニー アグリ ソリューションズ","agriculture","農業・林業","福岡県","みなと市","2001","642","中堅企業","12840","温室・農業施設の管理","https://example.invalid/agriculture/066","採用後の教育と定着を改善したい","人員拡大に対して教育担当者が不足しており、研修の標準化と定着支援を相談したいです。","業務提携の締結","採用後の教育と定着を改善したい","人員拡大に対して教育担当者が不足しており、研修の標準化と定着支援を相談したいです。","人材・労務","低","true","生産管理部","企画担当","97","false","未対応","2026-08-30","true","本データはデモ用途の架空企業です。実在の企業・団体とは関係ありません。"
"FC-00067","合同会社ハーモニーアグリパートナーズ","合同会社 ハーモニー アグリ パートナーズ","agriculture","農業・林業","沖縄県","高台市","2012","3479","大企業","73059","スマート農業設備の運営","https://example.invalid/agriculture/067","新サービスの販売パートナーを探したい","新サービスの提供地域を広げるため、共同提案や販売連携が可能な企業を探しています。","設備更新予算の増額","新サービスの販売パートナーを探したい","新サービスの提供地域を広げるため、共同提案や販売連携が可能な企業を探しています。","事業開発","中","true","生産管理部","部長","69","false","情報収集中","2026-08-30","true","本データはデモ用途の架空企業です。実在の企業・団体とは関係ありません。"
"FC-00068","株式会社ハーモニーアグリワークス","株式会社 ハーモニー アグリ ワークス","agriculture","農業・林業","福島県","新生市","1955","20","小規模","440","農産物の生産・加工・流通","https://example.invalid/agriculture/068","現場の安全管理と品質記録を強化したい","点検記録と事故予防の仕組みを見直しており、導入負担の小さい安全管理提案を受け付けています。","省エネ投資の開始","現場の安全管理と品質記録を強化したい","点検記録と事故予防の仕組みを見直しており、導入負担の小さい安全管理提案を受け付けています。","安全・品質","高","true","生産管理部","課長","86","true","アプローチ準備中","2026-08-30","true","本データはデモ用途の架空企業です。実在の企業・団体とは関係ありません。"
"FC-00069","合同会社ハーモニーアグリグループ","合同会社 ハーモニー アグリ グループ","agriculture","農業・林業","神奈川県","平和市","1966","103","中小企業","2369","温室・農業施設の管理","https://example.invalid/agriculture/069","手作業と紙中心の業務をデジタル化したい","部門間の情報共有が手作業になっているため、現場へ定着しやすい業務システムの提案を募集しています。","新サービスの発表","手作業と紙中心の業務をデジタル化したい","部門間の情報共有が手作業になっているため、現場へ定着しやすい業務システムの提案を募集しています。","DX・IT","低","true","生産管理部","責任者","58","false","未対応","2026-08-30","true","本データはデモ用途の架空企業です。実在の企業・団体とは関係ありません。"
"FC-00070","株式会社ハーモニーアグリコーポレーション","株式会社 ハーモニー アグリ コーポレーション","agriculture","農業・林業","岐阜県","希望市","1977","790","中堅企業","18960","スマート農業設備の運営","https://example.invalid/agriculture/070","在庫差異と配送負担を減らしたい","在庫状況の把握に時間がかかっており、入出庫と配送計画を改善する提案を募集しています。","新拠点の開設計画","在庫差異と配送負担を減らしたい","在庫状況の把握に時間がかかっており、入出庫と配送計画を改善する提案を募集しています。","物流・在庫","中","true","生産管理部","企画担当","75","false","情報収集中","2026-08-30","true","本データはデモ用途の架空企業です。実在の企業・団体とは関係ありません。"
"FC-00071","合同会社ブリッジアグリソリューションズ","合同会社 ブリッジ アグリ ソリューションズ","agriculture","農業・林業","兵庫県","文化市","1988","3627","大企業","90675","農産物の生産・加工・流通","https://example.invalid/agriculture/071","エネルギー・運用費を削減したい","拠点運営費が増加しているため、効果を測定できる省エネ・コスト削減策を求めています。","人員採用の拡大","エネルギー・運用費を削減したい","拠点運営費が増加しているため、効果を測定できる省エネ・コスト削減策を求めています。","コスト削減","高","true","生産管理部","部長","92","false","アプローチ準備中","2026-08-30","true","本データはデモ用途の架空企業です。実在の企業・団体とは関係ありません。"
"FC-00072","株式会社ブリッジアグリパートナーズ","株式会社 ブリッジ アグリ パートナーズ","agriculture","農業・林業","山口県","産業市","1999","16","小規模","416","温室・農業施設の管理","https://example.invalid/agriculture/072","設備の老朽化と保守負担を減らしたい","既存設備の故障と保守工数が増えており、更新計画と運用改善を一緒に提案できる企業を探しています。","既存施設の改修","設備の老朽化と保守負担を減らしたい","既存設備の故障と保守工数が増えており、更新計画と運用改善を一緒に提案できる企業を探しています。","設備・施設","低","true","生産管理部","課長","64","false","未対応","2026-08-30","true","本データはデモ用途の架空企業です。実在の企業・団体とは関係ありません。"
"FC-00073","合同会社ブリッジアグリワークス","合同会社 ブリッジ アグリ ワークス","agriculture","農業・林業","長崎県","学園市","2010","251","中小企業","6777","スマート農業設備の運営","https://example.invalid/agriculture/073","問い合わせと顧客対応を効率化したい","問い合わせ情報が複数部署に分散しており、対応状況を一元管理できる仕組みを探しています。","事業エリアの拡大","問い合わせと顧客対応を効率化したい","問い合わせ情報が複数部署に分散しており、対応状況を一元管理できる仕組みを探しています。","営業・顧客管理","中","true","生産管理部","責任者","81","false","情報収集中","2026-08-30","true","本データはデモ用途の架空企業です。実在の企業・団体とは関係ありません。"
"FC-00074","株式会社ブリッジアグリグループ","株式会社 ブリッジ アグリ グループ","agriculture","農業・林業","青森県","泉市","2021","938","中堅企業","26264","農産物の生産・加工・流通","https://example.invalid/agriculture/074","採用後の教育と定着を改善したい","人員拡大に対して教育担当者が不足しており、研修の標準化と定着支援を相談したいです。","DX推進組織の新設","採用後の教育と定着を改善したい","人員拡大に対して教育担当者が不足しており、研修の標準化と定着支援を相談したいです。","人材・労務","高","true","生産管理部","企画担当","98","false","アプローチ準備中","2026-08-30","true","本データはデモ用途の架空企業です。実在の企業・団体とは関係ありません。"
"FC-00075","合同会社ブリッジアグリコーポレーション","合同会社 ブリッジ アグリ コーポレーション","agriculture","農業・林業","栃木県","丘陵市","1964","3775","大企業","109475","温室・農業施設の管理","https://example.invalid/agriculture/075","新サービスの販売パートナーを探したい","新サービスの提供地域を広げるため、共同提案や販売連携が可能な企業を探しています。","安全管理方針の強化","新サービスの販売パートナーを探したい","新サービスの提供地域を広げるため、共同提案や販売連携が可能な企業を探しています。","事業開発","低","true","生産管理部","部長","70","false","未対応","2026-08-30","true","本データはデモ用途の架空企業です。実在の企業・団体とは関係ありません。"
"FC-00076","株式会社フォーカスアグリソリューションズ","株式会社 フォーカス アグリ ソリューションズ","agriculture","農業・林業","富山県","未来市","1975","12","小規模","132","スマート農業設備の運営","https://example.invalid/agriculture/076","現場の安全管理と品質記録を強化したい","点検記録と事故予防の仕組みを見直しており、導入負担の小さい安全管理提案を受け付けています。","業務提携の締結","現場の安全管理と品質記録を強化したい","点検記録と事故予防の仕組みを見直しており、導入負担の小さい安全管理提案を受け付けています。","安全・品質","中","true","生産管理部","課長","87","false","情報収集中","2026-08-30","true","本データはデモ用途の架空企業です。実在の企業・団体とは関係ありません。"
"FC-00077","合同会社フォーカスアグリパートナーズ","合同会社 フォーカス アグリ パートナーズ","agriculture","農業・林業","愛知県","中央市","1986","149","中小企業","1788","農産物の生産・加工・流通","https://example.invalid/agriculture/077","手作業と紙中心の業務をデジタル化したい","部門間の情報共有が手作業になっているため、現場へ定着しやすい業務システムの提案を募集しています。","設備更新予算の増額","手作業と紙中心の業務をデジタル化したい","部門間の情報共有が手作業になっているため、現場へ定着しやすい業務システムの提案を募集しています。","DX・IT","高","true","生産管理部","責任者","59","false","アプローチ準備中","2026-08-30","true","本データはデモ用途の架空企業です。実在の企業・団体とは関係ありません。"
"FC-00078","株式会社フォーカスアグリワークス","株式会社 フォーカス アグリ ワークス","agriculture","農業・林業","和歌山県","緑市","1997","386","中堅企業","5018","温室・農業施設の管理","https://example.invalid/agriculture/078","在庫差異と配送負担を減らしたい","在庫状況の把握に時間がかかっており、入出庫と配送計画を改善する提案を募集しています。","省エネ投資の開始","在庫差異と配送負担を減らしたい","在庫状況の把握に時間がかかっており、入出庫と配送計画を改善する提案を募集しています。","物流・在庫","低","true","生産管理部","企画担当","76","false","未対応","2026-08-30","true","本データはデモ用途の架空企業です。実在の企業・団体とは関係ありません。"
"FC-00079","合同会社フォーカスアグリグループ","合同会社 フォーカス アグリ グループ","agriculture","農業・林業","香川県","さくら市","2008","3923","大企業","54922","スマート農業設備の運営","https://example.invalid/agriculture/079","エネルギー・運用費を削減したい","拠点運営費が増加しているため、効果を測定できる省エネ・コスト削減策を求めています。","新サービスの発表","エネルギー・運用費を削減したい","拠点運営費が増加しているため、効果を測定できる省エネ・コスト削減策を求めています。","コスト削減","中","true","生産管理部","部長","93","false","情報収集中","2026-08-30","true","本データはデモ用途の架空企業です。実在の企業・団体とは関係ありません。"
"FC-00080","株式会社フォーカスアグリコーポレーション","株式会社 フォーカス アグリ コーポレーション","agriculture","農業・林業","大分県","ひかり市","2019","46","小規模","690","農産物の生産・加工・流通","https://example.invalid/agriculture/080","設備の老朽化と保守負担を減らしたい","既存設備の故障と保守工数が増えており、更新計画と運用改善を一緒に提案できる企業を探しています。","新拠点の開設計画","設備の老朽化と保守負担を減らしたい","既存設備の故障と保守工数が増えており、更新計画と運用改善を一緒に提案できる企業を探しています。","設備・施設","高","true","生産管理部","課長","65","false","アプローチ準備中","2026-08-30","true","本データはデモ用途の架空企業です。実在の企業・団体とは関係ありません。"
"FC-00081","合同会社ビジョンアグリソリューションズ","合同会社 ビジョン アグリ ソリューションズ","agriculture","農業・林業","宮城県","あおば市","1962","297","中小企業","4752","温室・農業施設の管理","https://example.invalid/agriculture/081","問い合わせと顧客対応を効率化したい","問い合わせ情報が複数部署に分散しており、対応状況を一元管理できる仕組みを探しています。","人員採用の拡大","問い合わせと顧客対応を効率化したい","問い合わせ情報が複数部署に分散しており、対応状況を一元管理できる仕組みを探しています。","営業・顧客管理","低","true","生産管理部","責任者","82","false","未対応","2026-08-30","true","本データはデモ用途の架空企業です。実在の企業・団体とは関係ありません。"
"FC-00082","株式会社ビジョンアグリパートナーズ","株式会社 ビジョン アグリ パートナーズ","agriculture","農業・林業","埼玉県","若葉市","1973","534","中堅企業","9078","スマート農業設備の運営","https://example.invalid/agriculture/082","採用後の教育と定着を改善したい","人員拡大に対して教育担当者が不足しており、研修の標準化と定着支援を相談したいです。","既存施設の改修","採用後の教育と定着を改善したい","人員拡大に対して教育担当者が不足しており、研修の標準化と定着支援を相談したいです。","人材・労務","中","true","生産管理部","企画担当","99","false","情報収集中","2026-08-30","true","本データはデモ用途の架空企業です。実在の企業・団体とは関係ありません。"
"FC-00083","合同会社ビジョンアグリワークス","合同会社 ビジョン アグリ ワークス","agriculture","農業・林業","福井県","豊栄市","1984","4071","大企業","73278","農産物の生産・加工・流通","https://example.invalid/agriculture/083","新サービスの販売パートナーを探したい","新サービスの提供地域を広げるため、共同提案や販売連携が可能な企業を探しています。","事業エリアの拡大","新サービスの販売パートナーを探したい","新サービスの提供地域を広げるため、共同提案や販売連携が可能な企業を探しています。","事業開発","高","true","生産管理部","部長","71","false","アプローチ準備中","2026-08-30","true","本データはデモ用途の架空企業です。実在の企業・団体とは関係ありません。"
"FC-00084","株式会社ビジョンアグリグループ","株式会社 ビジョン アグリ グループ","agriculture","農業・林業","滋賀県","清流市","1995","42","小規模","798","温室・農業施設の管理","https://example.invalid/agriculture/084","現場の安全管理と品質記録を強化したい","点検記録と事故予防の仕組みを見直しており、導入負担の小さい安全管理提案を受け付けています。","DX推進組織の新設","現場の安全管理と品質記録を強化したい","点検記録と事故予防の仕組みを見直しており、導入負担の小さい安全管理提案を受け付けています。","安全・品質","低","true","生産管理部","課長","88","false","未対応","2026-08-30","true","本データはデモ用途の架空企業です。実在の企業・団体とは関係ありません。"
"FC-00085","合同会社ビジョンアグリコーポレーション","合同会社 ビジョン アグリ コーポレーション","agriculture","農業・林業","島根県","旭市","2006","195","中小企業","3900","スマート農業設備の運営","https://example.invalid/agriculture/085","手作業と紙中心の業務をデジタル化したい","部門間の情報共有が手作業になっているため、現場へ定着しやすい業務システムの提案を募集しています。","安全管理方針の強化","手作業と紙中心の業務をデジタル化したい","部門間の情報共有が手作業になっているため、現場へ定着しやすい業務システムの提案を募集しています。","DX・IT","中","true","生産管理部","責任者","60","true","情報収集中","2026-08-30","true","本データはデモ用途の架空企業です。実在の企業・団体とは関係ありません。"
"FC-00086","株式会社コアアグリソリューションズ","株式会社 コア アグリ ソリューションズ","agriculture","農業・林業","高知県","みなと市","2017","682","中堅企業","14322","農産物の生産・加工・流通","https://example.invalid/agriculture/086","在庫差異と配送負担を減らしたい","在庫状況の把握に時間がかかっており、入出庫と配送計画を改善する提案を募集しています。","業務提携の締結","在庫差異と配送負担を減らしたい","在庫状況の把握に時間がかかっており、入出庫と配送計画を改善する提案を募集しています。","物流・在庫","高","true","生産管理部","企画担当","77","false","アプローチ準備中","2026-08-30","true","本データはデモ用途の架空企業です。実在の企業・団体とは関係ありません。"
"FC-00087","合同会社コアアグリパートナーズ","合同会社 コア アグリ パートナーズ","agriculture","農業・林業","鹿児島県","高台市","1960","4219","大企業","92818","温室・農業施設の管理","https://example.invalid/agriculture/087","エネルギー・運用費を削減したい","拠点運営費が増加しているため、効果を測定できる省エネ・コスト削減策を求めています。","設備更新予算の増額","エネルギー・運用費を削減したい","拠点運営費が増加しているため、効果を測定できる省エネ・コスト削減策を求めています。","コスト削減","低","true","生産管理部","部長","94","false","未対応","2026-08-30","true","本データはデモ用途の架空企業です。実在の企業・団体とは関係ありません。"
"FC-00088","株式会社コアアグリワークス","株式会社 コア アグリ ワークス","agriculture","農業・林業","山形県","新生市","1971","38","小規模","874","スマート農業設備の運営","https://example.invalid/agriculture/088","設備の老朽化と保守負担を減らしたい","既存設備の故障と保守工数が増えており、更新計画と運用改善を一緒に提案できる企業を探しています。","省エネ投資の開始","設備の老朽化と保守負担を減らしたい","既存設備の故障と保守工数が増えており、更新計画と運用改善を一緒に提案できる企業を探しています。","設備・施設","中","true","生産管理部","課長","66","false","情報収集中","2026-08-30","true","本データはデモ用途の架空企業です。実在の企業・団体とは関係ありません。"
"FC-00089","合同会社コアアグリグループ","合同会社 コア アグリ グループ","agriculture","農業・林業","東京都","平和市","1982","93","中小企業","2232","農産物の生産・加工・流通","https://example.invalid/agriculture/089","問い合わせと顧客対応を効率化したい","問い合わせ情報が複数部署に分散しており、対応状況を一元管理できる仕組みを探しています。","新サービスの発表","問い合わせと顧客対応を効率化したい","問い合わせ情報が複数部署に分散しており、対応状況を一元管理できる仕組みを探しています。","営業・顧客管理","高","true","生産管理部","責任者","83","false","アプローチ準備中","2026-08-30","true","本データはデモ用途の架空企業です。実在の企業・団体とは関係ありません。"
"FC-00090","株式会社コアアグリコーポレーション","株式会社 コア アグリ コーポレーション","agriculture","農業・林業","長野県","希望市","1993","830","中堅企業","20750","温室・農業施設の管理","https://example.invalid/agriculture/090","採用後の教育と定着を改善したい","人員拡大に対して教育担当者が不足しており、研修の標準化と定着支援を相談したいです。","新拠点の開設計画","採用後の教育と定着を改善したい","人員拡大に対して教育担当者が不足しており、研修の標準化と定着支援を相談したいです。","人材・労務","低","true","生産管理部","企画担当","55","false","未対応","2026-08-30","true","本データはデモ用途の架空企業です。実在の企業・団体とは関係ありません。"
"FC-00091","合同会社アドバンスアグリソリューションズ","合同会社 アドバンス アグリ ソリューションズ","agriculture","農業・林業","大阪府","文化市","2004","4367","大企業","113542","スマート農業設備の運営","https://example.invalid/agriculture/091","新サービスの販売パートナーを探したい","新サービスの提供地域を広げるため、共同提案や販売連携が可能な企業を探しています。","人員採用の拡大","新サービスの販売パートナーを探したい","新サービスの提供地域を広げるため、共同提案や販売連携が可能な企業を探しています。","事業開発","中","true","生産管理部","部長","72","false","情報収集中","2026-08-30","true","本データはデモ用途の架空企業です。実在の企業・団体とは関係ありません。"
"FC-00092","株式会社アドバンスアグリパートナーズ","株式会社 アドバンス アグリ パートナーズ","agriculture","農業・林業","広島県","産業市","2015","34","小規模","918","農産物の生産・加工・流通","https://example.invalid/agriculture/092","現場の安全管理と品質記録を強化したい","点検記録と事故予防の仕組みを見直しており、導入負担の小さい安全管理提案を受け付けています。","既存施設の改修","現場の安全管理と品質記録を強化したい","点検記録と事故予防の仕組みを見直しており、導入負担の小さい安全管理提案を受け付けています。","安全・品質","高","true","生産管理部","課長","89","false","アプローチ準備中","2026-08-30","true","本データはデモ用途の架空企業です。実在の企業・団体とは関係ありません。"
"FC-00093","合同会社アドバンスアグリワークス","合同会社 アドバンス アグリ ワークス","agriculture","農業・林業","佐賀県","学園市","1958","241","中小企業","6748","温室・農業施設の管理","https://example.invalid/agriculture/093","手作業と紙中心の業務をデジタル化したい","部門間の情報共有が手作業になっているため、現場へ定着しやすい業務システムの提案を募集しています。","事業エリアの拡大","手作業と紙中心の業務をデジタル化したい","部門間の情報共有が手作業になっているため、現場へ定着しやすい業務システムの提案を募集しています。","DX・IT","低","true","生産管理部","責任者","61","false","未対応","2026-08-30","true","本データはデモ用途の架空企業です。実在の企業・団体とは関係ありません。"
"FC-00094","株式会社アドバンスアグリグループ","株式会社 アドバンス アグリ グループ","agriculture","農業・林業","北海道","泉市","1969","978","中堅企業","28362","スマート農業設備の運営","https://example.invalid/agriculture/094","在庫差異と配送負担を減らしたい","在庫状況の把握に時間がかかっており、入出庫と配送計画を改善する提案を募集しています。","DX推進組織の新設","在庫差異と配送負担を減らしたい","在庫状況の把握に時間がかかっており、入出庫と配送計画を改善する提案を募集しています。","物流・在庫","中","true","生産管理部","企画担当","78","false","情報収集中","2026-08-30","true","本データはデモ用途の架空企業です。実在の企業・団体とは関係ありません。"
"FC-00095","合同会社アドバンスアグリコーポレーション","合同会社 アドバンス アグリ コーポレーション","agriculture","農業・林業","茨城県","丘陵市","1980","4515","大企業","49665","農産物の生産・加工・流通","https://example.invalid/agriculture/095","エネルギー・運用費を削減したい","拠点運営費が増加しているため、効果を測定できる省エネ・コスト削減策を求めています。","安全管理方針の強化","エネルギー・運用費を削減したい","拠点運営費が増加しているため、効果を測定できる省エネ・コスト削減策を求めています。","コスト削減","高","true","生産管理部","部長","95","false","アプローチ準備中","2026-08-30","true","本データはデモ用途の架空企業です。実在の企業・団体とは関係ありません。"
"FC-00096","株式会社インテグラアグリソリューションズ","株式会社 インテグラ アグリ ソリューションズ","agriculture","農業・林業","新潟県","未来市","1991","30","小規模","360","温室・農業施設の管理","https://example.invalid/agriculture/096","設備の老朽化と保守負担を減らしたい","既存設備の故障と保守工数が増えており、更新計画と運用改善を一緒に提案できる企業を探しています。","業務提携の締結","設備の老朽化と保守負担を減らしたい","既存設備の故障と保守工数が増えており、更新計画と運用改善を一緒に提案できる企業を探しています。","設備・施設","低","true","生産管理部","課長","67","false","未対応","2026-08-30","true","本データはデモ用途の架空企業です。実在の企業・団体とは関係ありません。"
"FC-00097","合同会社インテグラアグリパートナーズ","合同会社 インテグラ アグリ パートナーズ","agriculture","農業・林業","静岡県","中央市","2002","139","中小企業","1807","スマート農業設備の運営","https://example.invalid/agriculture/097","問い合わせと顧客対応を効率化したい","問い合わせ情報が複数部署に分散しており、対応状況を一元管理できる仕組みを探しています。","設備更新予算の増額","問い合わせと顧客対応を効率化したい","問い合わせ情報が複数部署に分散しており、対応状況を一元管理できる仕組みを探しています。","営業・顧客管理","中","true","生産管理部","責任者","84","false","情報収集中","2026-08-30","true","本データはデモ用途の架空企業です。実在の企業・団体とは関係ありません。"
"FC-00098","株式会社インテグラアグリワークス","株式会社 インテグラ アグリ ワークス","agriculture","農業・林業","奈良県","緑市","2013","426","中堅企業","5964","農産物の生産・加工・流通","https://example.invalid/agriculture/098","採用後の教育と定着を改善したい","人員拡大に対して教育担当者が不足しており、研修の標準化と定着支援を相談したいです。","省エネ投資の開始","採用後の教育と定着を改善したい","人員拡大に対して教育担当者が不足しており、研修の標準化と定着支援を相談したいです。","人材・労務","高","true","生産管理部","企画担当","56","false","アプローチ準備中","2026-08-30","true","本データはデモ用途の架空企業です。実在の企業・団体とは関係ありません。"
"FC-00099","合同会社インテグラアグリグループ","合同会社 インテグラ アグリ グループ","agriculture","農業・林業","徳島県","さくら市","1956","4663","大企業","69945","温室・農業施設の管理","https://example.invalid/agriculture/099","新サービスの販売パートナーを探したい","新サービスの提供地域を広げるため、共同提案や販売連携が可能な企業を探しています。","新サービスの発表","新サービスの販売パートナーを探したい","新サービスの提供地域を広げるため、共同提案や販売連携が可能な企業を探しています。","事業開発","低","true","生産管理部","部長","73","false","未対応","2026-08-30","true","本データはデモ用途の架空企業です。実在の企業・団体とは関係ありません。"
"FC-00100","株式会社インテグラアグリコーポレーション","株式会社 インテグラ アグリ コーポレーション","agriculture","農業・林業","熊本県","ひかり市","1967","26","小規模","416","スマート農業設備の運営","https://example.invalid/agriculture/100","現場の安全管理と品質記録を強化したい","点検記録と事故予防の仕組みを見直しており、導入負担の小さい安全管理提案を受け付けています。","新拠点の開設計画","現場の安全管理と品質記録を強化したい","点検記録と事故予防の仕組みを見直しており、導入負担の小さい安全管理提案を受け付けています。","安全・品質","中","true","生産管理部","課長","90","false","情報収集中","2026-08-30","true","本データはデモ用途の架空企業です。実在の企業・団体とは関係ありません。"
"FC-00101","合同会社アークマリンソリューションズ","合同会社 アーク マリン ソリューションズ","fisheries","漁業","岩手県","あおば市","1978","287","中小企業","4879","水産物の養殖・加工","https://example.invalid/fisheries/001","手作業と紙中心の業務をデジタル化したい","部門間の情報共有が手作業になっているため、現場へ定着しやすい業務システムの提案を募集しています。","人員採用の拡大","手作業と紙中心の業務をデジタル化したい","部門間の情報共有が手作業になっているため、現場へ定着しやすい業務システムの提案を募集しています。","DX・IT","高","true","品質管理部","責任者","62","false","アプローチ準備中","2026-08-30","true","本データはデモ用途の架空企業です。実在の企業・団体とは関係ありません。"
"FC-00102","株式会社アークマリンパートナーズ","株式会社 アーク マリン パートナーズ","fisheries","漁業","群馬県","若葉市","1989","574","中堅企業","10332","漁業設備と冷凍網の運営","https://example.invalid/fisheries/002","在庫差異と配送負担を減らしたい","在庫状況の把握に時間がかかっており、入出庫と配送計画を改善する提案を募集しています。","既存施設の改修","在庫差異と配送負担を減らしたい","在庫状況の把握に時間がかかっており、入出庫と配送計画を改善する提案を募集しています。","物流・在庫","低","true","品質管理部","企画担当","79","true","未対応","2026-08-30","true","本データはデモ用途の架空企業です。実在の企業・団体とは関係ありません。"
"FC-00103","合同会社アークマリンワークス","合同会社 アーク マリン ワークス","fisheries","漁業","石川県","豊栄市","2000","4811","大企業","91409","水産物流通","https://example.invalid/fisheries/003","エネルギー・運用費を削減したい","拠点運営費が増加しているため、効果を測定できる省エネ・コスト削減策を求めています。","事業エリアの拡大","エネルギー・運用費を削減したい","拠点運営費が増加しているため、効果を測定できる省エネ・コスト削減策を求めています。","コスト削減","中","true","品質管理部","部長","96","false","情報収集中","2026-08-30","true","本データはデモ用途の架空企業です。実在の企業・団体とは関係ありません。"
"FC-00104","株式会社アークマリングループ","株式会社 アーク マリン グループ","fisheries","漁業","三重県","清流市","2011","22","小規模","440","水産物の養殖・加工","https://example.invalid/fisheries/004","設備の老朽化と保守負担を減らしたい","既存設備の故障と保守工数が増えており、更新計画と運用改善を一緒に提案できる企業を探しています。","DX推進組織の新設","設備の老朽化と保守負担を減らしたい","既存設備の故障と保守工数が増えており、更新計画と運用改善を一緒に提案できる企業を探しています。","設備・施設","高","true","品質管理部","課長","68","false","アプローチ準備中","2026-08-30","true","本データはデモ用途の架空企業です。実在の企業・団体とは関係ありません。"
"FC-00105","合同会社アークマリンコーポレーション","合同会社 アーク マリン コーポレーション","fisheries","漁業","鳥取県","旭市","2022","185","中小企業","3885","漁業設備と冷凍網の運営","https://example.invalid/fisheries/005","問い合わせと顧客対応を効率化したい","問い合わせ情報が複数部署に分散しており、対応状況を一元管理できる仕組みを探しています。","安全管理方針の強化","問い合わせと顧客対応を効率化したい","問い合わせ情報が複数部署に分散しており、対応状況を一元管理できる仕組みを探しています。","営業・顧客管理","低","true","品質管理部","責任者","85","false","未対応","2026-08-30","true","本データはデモ用途の架空企業です。実在の企業・団体とは関係ありません。"
"FC-00106","株式会社ネクサスマリンソリューションズ","株式会社 ネクサス マリン ソリューションズ","fisheries","漁業","愛媛県","みなと市","1965","722","中堅企業","15884","水産物流通","https://example.invalid/fisheries/006","採用後の教育と定着を改善したい","人員拡大に対して教育担当者が不足しており、研修の標準化と定着支援を相談したいです。","業務提携の締結","採用後の教育と定着を改善したい","人員拡大に対して教育担当者が不足しており、研修の標準化と定着支援を相談したいです。","人材・労務","中","true","品質管理部","企画担当","57","false","情報収集中","2026-08-30","true","本データはデモ用途の架空企業です。実在の企業・団体とは関係ありません。"
"FC-00107","合同会社ネクサスマリンパートナーズ","合同会社 ネクサス マリン パートナーズ","fisheries","漁業","宮崎県","高台市","1976","4959","大企業","114057","水産物の養殖・加工","https://example.invalid/fisheries/007","新サービスの販売パートナーを探したい","新サービスの提供地域を広げるため、共同提案や販売連携が可能な企業を探しています。","設備更新予算の増額","新サービスの販売パートナーを探したい","新サービスの提供地域を広げるため、共同提案や販売連携が可能な企業を探しています。","事業開発","高","true","品質管理部","部長","74","false","アプローチ準備中","2026-08-30","true","本データはデモ用途の架空企業です。実在の企業・団体とは関係ありません。"
"FC-00108","株式会社ネクサスマリンワークス","株式会社 ネクサス マリン ワークス","fisheries","漁業","秋田県","新生市","1987","18","小規模","432","漁業設備と冷凍網の運営","https://example.invalid/fisheries/008","現場の安全管理と品質記録を強化したい","点検記録と事故予防の仕組みを見直しており、導入負担の小さい安全管理提案を受け付けています。","省エネ投資の開始","現場の安全管理と品質記録を強化したい","点検記録と事故予防の仕組みを見直しており、導入負担の小さい安全管理提案を受け付けています。","安全・品質","低","true","品質管理部","課長","91","false","未対応","2026-08-30","true","本データはデモ用途の架空企業です。実在の企業・団体とは関係ありません。"
"FC-00109","合同会社ネクサスマリングループ","合同会社 ネクサス マリン グループ","fisheries","漁業","千葉県","平和市","1998","83","中小企業","2075","水産物流通","https://example.invalid/fisheries/009","手作業と紙中心の業務をデジタル化したい","部門間の情報共有が手作業になっているため、現場へ定着しやすい業務システムの提案を募集しています。","新サービスの発表","手作業と紙中心の業務をデジタル化したい","部門間の情報共有が手作業になっているため、現場へ定着しやすい業務システムの提案を募集しています。","DX・IT","中","true","品質管理部","責任者","63","false","情報収集中","2026-08-30","true","本データはデモ用途の架空企業です。実在の企業・団体とは関係ありません。"
"FC-00110","株式会社ネクサスマリンコーポレーション","株式会社 ネクサス マリン コーポレーション","fisheries","漁業","山梨県","希望市","2009","870","中堅企業","22620","水産物の養殖・加工","https://example.invalid/fisheries/010","在庫差異と配送負担を減らしたい","在庫状況の把握に時間がかかっており、入出庫と配送計画を改善する提案を募集しています。","新拠点の開設計画","在庫差異と配送負担を減らしたい","在庫状況の把握に時間がかかっており、入出庫と配送計画を改善する提案を募集しています。","物流・在庫","高","true","品質管理部","企画担当","80","false","アプローチ準備中","2026-08-30","true","本データはデモ用途の架空企業です。実在の企業・団体とは関係ありません。"
"FC-00111","合同会社プライムマリンソリューションズ","合同会社 プライム マリン ソリューションズ","fisheries","漁業","京都府","文化市","2020","1107","大企業","29889","漁業設備と冷凍網の運営","https://example.invalid/fisheries/011","エネルギー・運用費を削減したい","拠点運営費が増加しているため、効果を測定できる省エネ・コスト削減策を求めています。","人員採用の拡大","エネルギー・運用費を削減したい","拠点運営費が増加しているため、効果を測定できる省エネ・コスト削減策を求めています。","コスト削減","低","true","品質管理部","部長","97","false","未対応","2026-08-30","true","本データはデモ用途の架空企業です。実在の企業・団体とは関係ありません。"
"FC-00112","株式会社プライムマリンパートナーズ","株式会社 プライム マリン パートナーズ","fisheries","漁業","岡山県","産業市","1963","14","小規模","392","水産物流通","https://example.invalid/fisheries/012","設備の老朽化と保守負担を減らしたい","既存設備の故障と保守工数が増えており、更新計画と運用改善を一緒に提案できる企業を探しています。","既存施設の改修","設備の老朽化と保守負担を減らしたい","既存設備の故障と保守工数が増えており、更新計画と運用改善を一緒に提案できる企業を探しています。","設備・施設","中","true","品質管理部","課長","69","false","情報収集中","2026-08-30","true","本データはデモ用途の架空企業です。実在の企業・団体とは関係ありません。"
"FC-00113","合同会社プライムマリンワークス","合同会社 プライム マリン ワークス","fisheries","漁業","福岡県","学園市","1974","231","中小企業","6699","水産物の養殖・加工","https://example.invalid/fisheries/013","問い合わせと顧客対応を効率化したい","問い合わせ情報が複数部署に分散しており、対応状況を一元管理できる仕組みを探しています。","事業エリアの拡大","問い合わせと顧客対応を効率化したい","問い合わせ情報が複数部署に分散しており、対応状況を一元管理できる仕組みを探しています。","営業・顧客管理","高","true","品質管理部","責任者","86","false","アプローチ準備中","2026-08-30","true","本データはデモ用途の架空企業です。実在の企業・団体とは関係ありません。"
"FC-00114","株式会社プライムマリングループ","株式会社 プライム マリン グループ","fisheries","漁業","沖縄県","泉市","1985","318","中堅企業","3498","漁業設備と冷凍網の運営","https://example.invalid/fisheries/014","採用後の教育と定着を改善したい","人員拡大に対して教育担当者が不足しており、研修の標準化と定着支援を相談したいです。","DX推進組織の新設","採用後の教育と定着を改善したい","人員拡大に対して教育担当者が不足しており、研修の標準化と定着支援を相談したいです。","人材・労務","低","true","品質管理部","企画担当","58","false","未対応","2026-08-30","true","本データはデモ用途の架空企業です。実在の企業・団体とは関係ありません。"
"FC-00115","合同会社プライムマリンコーポレーション","合同会社 プライム マリン コーポレーション","fisheries","漁業","福島県","丘陵市","1996","1255","大企業","15060","水産物流通","https://example.invalid/fisheries/015","新サービスの販売パートナーを探したい","新サービスの提供地域を広げるため、共同提案や販売連携が可能な企業を探しています。","安全管理方針の強化","新サービスの販売パートナーを探したい","新サービスの提供地域を広げるため、共同提案や販売連携が可能な企業を探しています。","事業開発","中","true","品質管理部","部長","75","false","情報収集中","2026-08-30","true","本データはデモ用途の架空企業です。実在の企業・団体とは関係ありません。"
"FC-00116","株式会社オルビスマリンソリューションズ","株式会社 オルビス マリン ソリューションズ","fisheries","漁業","神奈川県","未来市","2007","48","小規模","624","水産物の養殖・加工","https://example.invalid/fisheries/016","現場の安全管理と品質記録を強化したい","点検記録と事故予防の仕組みを見直しており、導入負担の小さい安全管理提案を受け付けています。","業務提携の締結","現場の安全管理と品質記録を強化したい","点検記録と事故予防の仕組みを見直しており、導入負担の小さい安全管理提案を受け付けています。","安全・品質","高","true","品質管理部","課長","92","false","アプローチ準備中","2026-08-30","true","本データはデモ用途の架空企業です。実在の企業・団体とは関係ありません。"
"FC-00117","合同会社オルビスマリンパートナーズ","合同会社 オルビス マリン パートナーズ","fisheries","漁業","岐阜県","中央市","2018","129","中小企業","1806","漁業設備と冷凍網の運営","https://example.invalid/fisheries/017","手作業と紙中心の業務をデジタル化したい","部門間の情報共有が手作業になっているため、現場へ定着しやすい業務システムの提案を募集しています。","設備更新予算の増額","手作業と紙中心の業務をデジタル化したい","部門間の情報共有が手作業になっているため、現場へ定着しやすい業務システムの提案を募集しています。","DX・IT","低","true","品質管理部","責任者","64","false","未対応","2026-08-30","true","本データはデモ用途の架空企業です。実在の企業・団体とは関係ありません。"
"FC-00118","株式会社オルビスマリンワークス","株式会社 オルビス マリン ワークス","fisheries","漁業","兵庫県","緑市","1961","466","中堅企業","6990","水産物流通","https://example.invalid/fisheries/018","在庫差異と配送負担を減らしたい","在庫状況の把握に時間がかかっており、入出庫と配送計画を改善する提案を募集しています。","省エネ投資の開始","在庫差異と配送負担を減らしたい","在庫状況の把握に時間がかかっており、入出庫と配送計画を改善する提案を募集しています。","物流・在庫","中","true","品質管理部","企画担当","81","false","情報収集中","2026-08-30","true","本データはデモ用途の架空企業です。実在の企業・団体とは関係ありません。"
"FC-00119","合同会社オルビスマリングループ","合同会社 オルビス マリン グループ","fisheries","漁業","山口県","さくら市","1972","1403","大企業","22448","水産物の養殖・加工","https://example.invalid/fisheries/019","エネルギー・運用費を削減したい","拠点運営費が増加しているため、効果を測定できる省エネ・コスト削減策を求めています。","新サービスの発表","エネルギー・運用費を削減したい","拠点運営費が増加しているため、効果を測定できる省エネ・コスト削減策を求めています。","コスト削減","高","true","品質管理部","部長","98","true","アプローチ準備中","2026-08-30","true","本データはデモ用途の架空企業です。実在の企業・団体とは関係ありません。"
"FC-00120","株式会社オルビスマリンコーポレーション","株式会社 オルビス マリン コーポレーション","fisheries","漁業","長崎県","ひかり市","1983","44","小規模","748","漁業設備と冷凍網の運営","https://example.invalid/fisheries/020","設備の老朽化と保守負担を減らしたい","既存設備の故障と保守工数が増えており、更新計画と運用改善を一緒に提案できる企業を探しています。","新拠点の開設計画","設備の老朽化と保守負担を減らしたい","既存設備の故障と保守工数が増えており、更新計画と運用改善を一緒に提案できる企業を探しています。","設備・施設","低","true","品質管理部","課長","70","false","未対応","2026-08-30","true","本データはデモ用途の架空企業です。実在の企業・団体とは関係ありません。"
"FC-00121","合同会社ノヴァマリンソリューションズ","合同会社 ノヴァ マリン ソリューションズ","fisheries","漁業","青森県","あおば市","1994","277","中小企業","4986","水産物流通","https://example.invalid/fisheries/021","問い合わせと顧客対応を効率化したい","問い合わせ情報が複数部署に分散しており、対応状況を一元管理できる仕組みを探しています。","人員採用の拡大","問い合わせと顧客対応を効率化したい","問い合わせ情報が複数部署に分散しており、対応状況を一元管理できる仕組みを探しています。","営業・顧客管理","中","true","品質管理部","責任者","87","false","情報収集中","2026-08-30","true","本データはデモ用途の架空企業です。実在の企業・団体とは関係ありません。"
"FC-00122","株式会社ノヴァマリンパートナーズ","株式会社 ノヴァ マリン パートナーズ","fisheries","漁業","栃木県","若葉市","2005","614","中堅企業","11666","水産物の養殖・加工","https://example.invalid/fisheries/022","採用後の教育と定着を改善したい","人員拡大に対して教育担当者が不足しており、研修の標準化と定着支援を相談したいです。","既存施設の改修","採用後の教育と定着を改善したい","人員拡大に対して教育担当者が不足しており、研修の標準化と定着支援を相談したいです。","人材・労務","高","true","品質管理部","企画担当","59","false","アプローチ準備中","2026-08-30","true","本データはデモ用途の架空企業です。実在の企業・団体とは関係ありません。"
"FC-00123","合同会社ノヴァマリンワークス","合同会社 ノヴァ マリン ワークス","fisheries","漁業","富山県","豊栄市","2016","1551","大企業","31020","漁業設備と冷凍網の運営","https://example.invalid/fisheries/023","新サービスの販売パートナーを探したい","新サービスの提供地域を広げるため、共同提案や販売連携が可能な企業を探しています。","事業エリアの拡大","新サービスの販売パートナーを探したい","新サービスの提供地域を広げるため、共同提案や販売連携が可能な企業を探しています。","事業開発","低","true","品質管理部","部長","76","false","未対応","2026-08-30","true","本データはデモ用途の架空企業です。実在の企業・団体とは関係ありません。"
"FC-00124","株式会社ノヴァマリングループ","株式会社 ノヴァ マリン グループ","fisheries","漁業","愛知県","清流市","1959","40","小規模","840","水産物流通","https://example.invalid/fisheries/024","現場の安全管理と品質記録を強化したい","点検記録と事故予防の仕組みを見直しており、導入負担の小さい安全管理提案を受け付けています。","DX推進組織の新設","現場の安全管理と品質記録を強化したい","点検記録と事故予防の仕組みを見直しており、導入負担の小さい安全管理提案を受け付けています。","安全・品質","中","true","品質管理部","課長","93","false","情報収集中","2026-08-30","true","本データはデモ用途の架空企業です。実在の企業・団体とは関係ありません。"
"FC-00125","合同会社ノヴァマリンコーポレーション","合同会社 ノヴァ マリン コーポレーション","fisheries","漁業","和歌山県","旭市","1970","175","中小企業","3850","水産物の養殖・加工","https://example.invalid/fisheries/025","手作業と紙中心の業務をデジタル化したい","部門間の情報共有が手作業になっているため、現場へ定着しやすい業務システムの提案を募集しています。","安全管理方針の強化","手作業と紙中心の業務をデジタル化したい","部門間の情報共有が手作業になっているため、現場へ定着しやすい業務システムの提案を募集しています。","DX・IT","高","true","品質管理部","責任者","65","false","アプローチ準備中","2026-08-30","true","本データはデモ用途の架空企業です。実在の企業・団体とは関係ありません。"
"FC-00126","株式会社ユニゾンマリンソリューションズ","株式会社 ユニゾン マリン ソリューションズ","fisheries","漁業","香川県","みなと市","1981","762","中堅企業","17526","漁業設備と冷凍網の運営","https://example.invalid/fisheries/026","在庫差異と配送負担を減らしたい","在庫状況の把握に時間がかかっており、入出庫と配送計画を改善する提案を募集しています。","業務提携の締結","在庫差異と配送負担を減らしたい","在庫状況の把握に時間がかかっており、入出庫と配送計画を改善する提案を募集しています。","物流・在庫","低","true","品質管理部","企画担当","82","false","未対応","2026-08-30","true","本データはデモ用途の架空企業です。実在の企業・団体とは関係ありません。"
"FC-00127","合同会社ユニゾンマリンパートナーズ","合同会社 ユニゾン マリン パートナーズ","fisheries","漁業","大分県","高台市","1992","1699","大企業","40776","水産物流通","https://example.invalid/fisheries/027","エネルギー・運用費を削減したい","拠点運営費が増加しているため、効果を測定できる省エネ・コスト削減策を求めています。","設備更新予算の増額","エネルギー・運用費を削減したい","拠点運営費が増加しているため、効果を測定できる省エネ・コスト削減策を求めています。","コスト削減","中","true","品質管理部","部長","99","false","情報収集中","2026-08-30","true","本データはデモ用途の架空企業です。実在の企業・団体とは関係ありません。"
"FC-00128","株式会社ユニゾンマリンワークス","株式会社 ユニゾン マリン ワークス","fisheries","漁業","宮城県","新生市","2003","36","小規模","900","水産物の養殖・加工","https://example.invalid/fisheries/028","設備の老朽化と保守負担を減らしたい","既存設備の故障と保守工数が増えており、更新計画と運用改善を一緒に提案できる企業を探しています。","省エネ投資の開始","設備の老朽化と保守負担を減らしたい","既存設備の故障と保守工数が増えており、更新計画と運用改善を一緒に提案できる企業を探しています。","設備・施設","高","true","品質管理部","課長","71","false","アプローチ準備中","2026-08-30","true","本データはデモ用途の架空企業です。実在の企業・団体とは関係ありません。"
"FC-00129","合同会社ユニゾンマリングループ","合同会社 ユニゾン マリン グループ","fisheries","漁業","埼玉県","平和市","2014","73","中小企業","1898","漁業設備と冷凍網の運営","https://example.invalid/fisheries/029","問い合わせと顧客対応を効率化したい","問い合わせ情報が複数部署に分散しており、対応状況を一元管理できる仕組みを探しています。","新サービスの発表","問い合わせと顧客対応を効率化したい","問い合わせ情報が複数部署に分散しており、対応状況を一元管理できる仕組みを探しています。","営業・顧客管理","低","true","品質管理部","責任者","88","false","未対応","2026-08-30","true","本データはデモ用途の架空企業です。実在の企業・団体とは関係ありません。"
"FC-00130","株式会社ユニゾンマリンコーポレーション","株式会社 ユニゾン マリン コーポレーション","fisheries","漁業","福井県","希望市","1957","910","中堅企業","24570","水産物流通","https://example.invalid/fisheries/030","採用後の教育と定着を改善したい","人員拡大に対して教育担当者が不足しており、研修の標準化と定着支援を相談したいです。","新拠点の開設計画","採用後の教育と定着を改善したい","人員拡大に対して教育担当者が不足しており、研修の標準化と定着支援を相談したいです。","人材・労務","中","true","品質管理部","企画担当","60","false","情報収集中","2026-08-30","true","本データはデモ用途の架空企業です。実在の企業・団体とは関係ありません。"
"FC-00131","合同会社ヴェリタスマリンソリューションズ","合同会社 ヴェリタス マリン ソリューションズ","fisheries","漁業","滋賀県","文化市","1968","1847","大企業","51716","水産物の養殖・加工","https://example.invalid/fisheries/031","新サービスの販売パートナーを探したい","新サービスの提供地域を広げるため、共同提案や販売連携が可能な企業を探しています。","人員採用の拡大","新サービスの販売パートナーを探したい","新サービスの提供地域を広げるため、共同提案や販売連携が可能な企業を探しています。","事業開発","高","true","品質管理部","部長","77","false","アプローチ準備中","2026-08-30","true","本データはデモ用途の架空企業です。実在の企業・団体とは関係ありません。"
"FC-00132","株式会社ヴェリタスマリンパートナーズ","株式会社 ヴェリタス マリン パートナーズ","fisheries","漁業","島根県","産業市","1979","32","小規模","928","漁業設備と冷凍網の運営","https://example.invalid/fisheries/032","現場の安全管理と品質記録を強化したい","点検記録と事故予防の仕組みを見直しており、導入負担の小さい安全管理提案を受け付けています。","既存施設の改修","現場の安全管理と品質記録を強化したい","点検記録と事故予防の仕組みを見直しており、導入負担の小さい安全管理提案を受け付けています。","安全・品質","低","true","品質管理部","課長","94","false","未対応","2026-08-30","true","本データはデモ用途の架空企業です。実在の企業・団体とは関係ありません。"
"FC-00133","合同会社ヴェリタスマリンワークス","合同会社 ヴェリタス マリン ワークス","fisheries","漁業","高知県","学園市","1990","221","中小企業","2431","水産物流通","https://example.invalid/fisheries/033","手作業と紙中心の業務をデジタル化したい","部門間の情報共有が手作業になっているため、現場へ定着しやすい業務システムの提案を募集しています。","事業エリアの拡大","手作業と紙中心の業務をデジタル化したい","部門間の情報共有が手作業になっているため、現場へ定着しやすい業務システムの提案を募集しています。","DX・IT","中","true","品質管理部","責任者","66","false","情報収集中","2026-08-30","true","本データはデモ用途の架空企業です。実在の企業・団体とは関係ありません。"
"FC-00134","株式会社ヴェリタスマリングループ","株式会社 ヴェリタス マリン グループ","fisheries","漁業","鹿児島県","泉市","2001","358","中堅企業","4296","水産物の養殖・加工","https://example.invalid/fisheries/034","在庫差異と配送負担を減らしたい","在庫状況の把握に時間がかかっており、入出庫と配送計画を改善する提案を募集しています。","DX推進組織の新設","在庫差異と配送負担を減らしたい","在庫状況の把握に時間がかかっており、入出庫と配送計画を改善する提案を募集しています。","物流・在庫","高","true","品質管理部","企画担当","83","false","アプローチ準備中","2026-08-30","true","本データはデモ用途の架空企業です。実在の企業・団体とは関係ありません。"
"FC-00135","合同会社ヴェリタスマリンコーポレーション","合同会社 ヴェリタス マリン コーポレーション","fisheries","漁業","山形県","丘陵市","2012","1995","大企業","25935","漁業設備と冷凍網の運営","https://example.invalid/fisheries/035","エネルギー・運用費を削減したい","拠点運営費が増加しているため、効果を測定できる省エネ・コスト削減策を求めています。","安全管理方針の強化","エネルギー・運用費を削減したい","拠点運営費が増加しているため、効果を測定できる省エネ・コスト削減策を求めています。","コスト削減","低","true","品質管理部","部長","55","false","未対応","2026-08-30","true","本データはデモ用途の架空企業です。実在の企業・団体とは関係ありません。"
"FC-00136","株式会社セントラルマリンソリューションズ","株式会社 セントラル マリン ソリューションズ","fisheries","漁業","東京都","未来市","1955","28","小規模","392","水産物流通","https://example.invalid/fisheries/036","設備の老朽化と保守負担を減らしたい","既存設備の故障と保守工数が増えており、更新計画と運用改善を一緒に提案できる企業を探しています。","業務提携の締結","設備の老朽化と保守負担を減らしたい","既存設備の故障と保守工数が増えており、更新計画と運用改善を一緒に提案できる企業を探しています。","設備・施設","中","true","品質管理部","課長","72","true","情報収集中","2026-08-30","true","本データはデモ用途の架空企業です。実在の企業・団体とは関係ありません。"
"FC-00137","合同会社セントラルマリンパートナーズ","合同会社 セントラル マリン パートナーズ","fisheries","漁業","長野県","中央市","1966","119","中小企業","1785","水産物の養殖・加工","https://example.invalid/fisheries/037","問い合わせと顧客対応を効率化したい","問い合わせ情報が複数部署に分散しており、対応状況を一元管理できる仕組みを探しています。","設備更新予算の増額","問い合わせと顧客対応を効率化したい","問い合わせ情報が複数部署に分散しており、対応状況を一元管理できる仕組みを探しています。","営業・顧客管理","高","true","品質管理部","責任者","89","false","アプローチ準備中","2026-08-30","true","本データはデモ用途の架空企業です。実在の企業・団体とは関係ありません。"
"FC-00138","株式会社セントラルマリンワークス","株式会社 セントラル マリン ワークス","fisheries","漁業","大阪府","緑市","1977","506","中堅企業","8096","漁業設備と冷凍網の運営","https://example.invalid/fisheries/038","採用後の教育と定着を改善したい","人員拡大に対して教育担当者が不足しており、研修の標準化と定着支援を相談したいです。","省エネ投資の開始","採用後の教育と定着を改善したい","人員拡大に対して教育担当者が不足しており、研修の標準化と定着支援を相談したいです。","人材・労務","低","true","品質管理部","企画担当","61","false","未対応","2026-08-30","true","本データはデモ用途の架空企業です。実在の企業・団体とは関係ありません。"
"FC-00139","合同会社セントラルマリングループ","合同会社 セントラル マリン グループ","fisheries","漁業","広島県","さくら市","1988","2143","大企業","36431","水産物流通","https://example.invalid/fisheries/039","新サービスの販売パートナーを探したい","新サービスの提供地域を広げるため、共同提案や販売連携が可能な企業を探しています。","新サービスの発表","新サービスの販売パートナーを探したい","新サービスの提供地域を広げるため、共同提案や販売連携が可能な企業を探しています。","事業開発","中","true","品質管理部","部長","78","false","情報収集中","2026-08-30","true","本データはデモ用途の架空企業です。実在の企業・団体とは関係ありません。"
"FC-00140","株式会社セントラルマリンコーポレーション","株式会社 セントラル マリン コーポレーション","fisheries","漁業","佐賀県","ひかり市","1999","24","小規模","432","水産物の養殖・加工","https://example.invalid/fisheries/040","現場の安全管理と品質記録を強化したい","点検記録と事故予防の仕組みを見直しており、導入負担の小さい安全管理提案を受け付けています。","新拠点の開設計画","現場の安全管理と品質記録を強化したい","点検記録と事故予防の仕組みを見直しており、導入負担の小さい安全管理提案を受け付けています。","安全・品質","高","true","品質管理部","課長","95","false","アプローチ準備中","2026-08-30","true","本データはデモ用途の架空企業です。実在の企業・団体とは関係ありません。"
"FC-00141","合同会社エレメントマリンソリューションズ","合同会社 エレメント マリン ソリューションズ","fisheries","漁業","北海道","あおば市","2010","267","中小企業","5073","漁業設備と冷凍網の運営","https://example.invalid/fisheries/041","手作業と紙中心の業務をデジタル化したい","部門間の情報共有が手作業になっているため、現場へ定着しやすい業務システムの提案を募集しています。","人員採用の拡大","手作業と紙中心の業務をデジタル化したい","部門間の情報共有が手作業になっているため、現場へ定着しやすい業務システムの提案を募集しています。","DX・IT","低","true","品質管理部","責任者","67","false","未対応","2026-08-30","true","本データはデモ用途の架空企業です。実在の企業・団体とは関係ありません。"
"FC-00142","株式会社エレメントマリンパートナーズ","株式会社 エレメント マリン パートナーズ","fisheries","漁業","茨城県","若葉市","2021","654","中堅企業","13080","水産物流通","https://example.invalid/fisheries/042","在庫差異と配送負担を減らしたい","在庫状況の把握に時間がかかっており、入出庫と配送計画を改善する提案を募集しています。","既存施設の改修","在庫差異と配送負担を減らしたい","在庫状況の把握に時間がかかっており、入出庫と配送計画を改善する提案を募集しています。","物流・在庫","中","true","品質管理部","企画担当","84","false","情報収集中","2026-08-30","true","本データはデモ用途の架空企業です。実在の企業・団体とは関係ありません。"
"FC-00143","合同会社エレメントマリンワークス","合同会社 エレメント マリン ワークス","fisheries","漁業","新潟県","豊栄市","1964","2291","大企業","48111","水産物の養殖・加工","https://example.invalid/fisheries/043","エネルギー・運用費を削減したい","拠点運営費が増加しているため、効果を測定できる省エネ・コスト削減策を求めています。","事業エリアの拡大","エネルギー・運用費を削減したい","拠点運営費が増加しているため、効果を測定できる省エネ・コスト削減策を求めています。","コスト削減","高","true","品質管理部","部長","56","false","アプローチ準備中","2026-08-30","true","本データはデモ用途の架空企業です。実在の企業・団体とは関係ありません。"
"FC-00144","株式会社エレメントマリングループ","株式会社 エレメント マリン グループ","fisheries","漁業","静岡県","清流市","1975","20","小規模","440","漁業設備と冷凍網の運営","https://example.invalid/fisheries/044","設備の老朽化と保守負担を減らしたい","既存設備の故障と保守工数が増えており、更新計画と運用改善を一緒に提案できる企業を探しています。","DX推進組織の新設","設備の老朽化と保守負担を減らしたい","既存設備の故障と保守工数が増えており、更新計画と運用改善を一緒に提案できる企業を探しています。","設備・施設","低","true","品質管理部","課長","73","false","未対応","2026-08-30","true","本データはデモ用途の架空企業です。実在の企業・団体とは関係ありません。"
"FC-00145","合同会社エレメントマリンコーポレーション","合同会社 エレメント マリン コーポレーション","fisheries","漁業","奈良県","旭市","1986","165","中小企業","3795","水産物流通","https://example.invalid/fisheries/045","問い合わせと顧客対応を効率化したい","問い合わせ情報が複数部署に分散しており、対応状況を一元管理できる仕組みを探しています。","安全管理方針の強化","問い合わせと顧客対応を効率化したい","問い合わせ情報が複数部署に分散しており、対応状況を一元管理できる仕組みを探しています。","営業・顧客管理","中","true","品質管理部","責任者","90","false","情報収集中","2026-08-30","true","本データはデモ用途の架空企業です。実在の企業・団体とは関係ありません。"
"FC-00146","株式会社クレストマリンソリューションズ","株式会社 クレスト マリン ソリューションズ","fisheries","漁業","徳島県","みなと市","1997","802","中堅企業","19248","水産物の養殖・加工","https://example.invalid/fisheries/046","採用後の教育と定着を改善したい","人員拡大に対して教育担当者が不足しており、研修の標準化と定着支援を相談したいです。","業務提携の締結","採用後の教育と定着を改善したい","人員拡大に対して教育担当者が不足しており、研修の標準化と定着支援を相談したいです。","人材・労務","高","true","品質管理部","企画担当","62","false","アプローチ準備中","2026-08-30","true","本データはデモ用途の架空企業です。実在の企業・団体とは関係ありません。"
"FC-00147","合同会社クレストマリンパートナーズ","合同会社 クレスト マリン パートナーズ","fisheries","漁業","熊本県","高台市","2008","2439","大企業","60975","漁業設備と冷凍網の運営","https://example.invalid/fisheries/047","新サービスの販売パートナーを探したい","新サービスの提供地域を広げるため、共同提案や販売連携が可能な企業を探しています。","設備更新予算の増額","新サービスの販売パートナーを探したい","新サービスの提供地域を広げるため、共同提案や販売連携が可能な企業を探しています。","事業開発","低","true","品質管理部","部長","79","false","未対応","2026-08-30","true","本データはデモ用途の架空企業です。実在の企業・団体とは関係ありません。"
"FC-00148","株式会社クレストマリンワークス","株式会社 クレスト マリン ワークス","fisheries","漁業","岩手県","新生市","2019","16","小規模","416","水産物流通","https://example.invalid/fisheries/048","現場の安全管理と品質記録を強化したい","点検記録と事故予防の仕組みを見直しており、導入負担の小さい安全管理提案を受け付けています。","省エネ投資の開始","現場の安全管理と品質記録を強化したい","点検記録と事故予防の仕組みを見直しており、導入負担の小さい安全管理提案を受け付けています。","安全・品質","中","true","品質管理部","課長","96","false","情報収集中","2026-08-30","true","本データはデモ用途の架空企業です。実在の企業・団体とは関係ありません。"
"FC-00149","合同会社クレストマリングループ","合同会社 クレスト マリン グループ","fisheries","漁業","群馬県","平和市","1962","63","中小企業","1701","水産物の養殖・加工","https://example.invalid/fisheries/049","手作業と紙中心の業務をデジタル化したい","部門間の情報共有が手作業になっているため、現場へ定着しやすい業務システムの提案を募集しています。","新サービスの発表","手作業と紙中心の業務をデジタル化したい","部門間の情報共有が手作業になっているため、現場へ定着しやすい業務システムの提案を募集しています。","DX・IT","高","true","品質管理部","責任者","68","false","アプローチ準備中","2026-08-30","true","本データはデモ用途の架空企業です。実在の企業・団体とは関係ありません。"
"FC-00150","株式会社クレストマリンコーポレーション","株式会社 クレスト マリン コーポレーション","fisheries","漁業","石川県","希望市","1973","950","中堅企業","26600","漁業設備と冷凍網の運営","https://example.invalid/fisheries/050","在庫差異と配送負担を減らしたい","在庫状況の把握に時間がかかっており、入出庫と配送計画を改善する提案を募集しています。","新拠点の開設計画","在庫差異と配送負担を減らしたい","在庫状況の把握に時間がかかっており、入出庫と配送計画を改善する提案を募集しています。","物流・在庫","低","true","品質管理部","企画担当","85","false","未対応","2026-08-30","true","本データはデモ用途の架空企業です。実在の企業・団体とは関係ありません。"
"FC-00151","合同会社シナジーマリンソリューションズ","合同会社 シナジー マリン ソリューションズ","fisheries","漁業","三重県","文化市","1984","2587","大企業","75023","水産物流通","https://example.invalid/fisheries/051","エネルギー・運用費を削減したい","拠点運営費が増加しているため、効果を測定できる省エネ・コスト削減策を求めています。","人員採用の拡大","エネルギー・運用費を削減したい","拠点運営費が増加しているため、効果を測定できる省エネ・コスト削減策を求めています。","コスト削減","中","true","品質管理部","部長","57","false","情報収集中","2026-08-30","true","本データはデモ用途の架空企業です。実在の企業・団体とは関係ありません。"
"FC-00152","株式会社シナジーマリンパートナーズ","株式会社 シナジー マリン パートナーズ","fisheries","漁業","鳥取県","産業市","1995","12","小規模","132","水産物の養殖・加工","https://example.invalid/fisheries/052","設備の老朽化と保守負担を減らしたい","既存設備の故障と保守工数が増えており、更新計画と運用改善を一緒に提案できる企業を探しています。","既存施設の改修","設備の老朽化と保守負担を減らしたい","既存設備の故障と保守工数が増えており、更新計画と運用改善を一緒に提案できる企業を探しています。","設備・施設","高","true","品質管理部","課長","74","false","アプローチ準備中","2026-08-30","true","本データはデモ用途の架空企業です。実在の企業・団体とは関係ありません。"
"FC-00153","合同会社シナジーマリンワークス","合同会社 シナジー マリン ワークス","fisheries","漁業","愛媛県","学園市","2006","211","中小企業","2532","漁業設備と冷凍網の運営","https://example.invalid/fisheries/053","問い合わせと顧客対応を効率化したい","問い合わせ情報が複数部署に分散しており、対応状況を一元管理できる仕組みを探しています。","事業エリアの拡大","問い合わせと顧客対応を効率化したい","問い合わせ情報が複数部署に分散しており、対応状況を一元管理できる仕組みを探しています。","営業・顧客管理","低","true","品質管理部","責任者","91","true","未対応","2026-08-30","true","本データはデモ用途の架空企業です。実在の企業・団体とは関係ありません。"
"FC-00154","株式会社シナジーマリングループ","株式会社 シナジー マリン グループ","fisheries","漁業","宮崎県","泉市","2017","398","中堅企業","5174","水産物流通","https://example.invalid/fisheries/054","採用後の教育と定着を改善したい","人員拡大に対して教育担当者が不足しており、研修の標準化と定着支援を相談したいです。","DX推進組織の新設","採用後の教育と定着を改善したい","人員拡大に対して教育担当者が不足しており、研修の標準化と定着支援を相談したいです。","人材・労務","中","true","品質管理部","企画担当","63","false","情報収集中","2026-08-30","true","本データはデモ用途の架空企業です。実在の企業・団体とは関係ありません。"
"FC-00155","合同会社シナジーマリンコーポレーション","合同会社 シナジー マリン コーポレーション","fisheries","漁業","秋田県","丘陵市","1960","2735","大企業","38290","水産物の養殖・加工","https://example.invalid/fisheries/055","新サービスの販売パートナーを探したい","新サービスの提供地域を広げるため、共同提案や販売連携が可能な企業を探しています。","安全管理方針の強化","新サービスの販売パートナーを探したい","新サービスの提供地域を広げるため、共同提案や販売連携が可能な企業を探しています。","事業開発","高","true","品質管理部","部長","80","false","アプローチ準備中","2026-08-30","true","本データはデモ用途の架空企業です。実在の企業・団体とは関係ありません。"
"FC-00156","株式会社アクセルマリンソリューションズ","株式会社 アクセル マリン ソリューションズ","fisheries","漁業","千葉県","未来市","1971","46","小規模","690","漁業設備と冷凍網の運営","https://example.invalid/fisheries/056","現場の安全管理と品質記録を強化したい","点検記録と事故予防の仕組みを見直しており、導入負担の小さい安全管理提案を受け付けています。","業務提携の締結","現場の安全管理と品質記録を強化したい","点検記録と事故予防の仕組みを見直しており、導入負担の小さい安全管理提案を受け付けています。","安全・品質","低","true","品質管理部","課長","97","false","未対応","2026-08-30","true","本データはデモ用途の架空企業です。実在の企業・団体とは関係ありません。"
"FC-00157","合同会社アクセルマリンパートナーズ","合同会社 アクセル マリン パートナーズ","fisheries","漁業","山梨県","中央市","1982","109","中小企業","1744","水産物流通","https://example.invalid/fisheries/057","手作業と紙中心の業務をデジタル化したい","部門間の情報共有が手作業になっているため、現場へ定着しやすい業務システムの提案を募集しています。","設備更新予算の増額","手作業と紙中心の業務をデジタル化したい","部門間の情報共有が手作業になっているため、現場へ定着しやすい業務システムの提案を募集しています。","DX・IT","中","true","品質管理部","責任者","69","false","情報収集中","2026-08-30","true","本データはデモ用途の架空企業です。実在の企業・団体とは関係ありません。"
"FC-00158","株式会社アクセルマリンワークス","株式会社 アクセル マリン ワークス","fisheries","漁業","京都府","緑市","1993","546","中堅企業","9282","水産物の養殖・加工","https://example.invalid/fisheries/058","在庫差異と配送負担を減らしたい","在庫状況の把握に時間がかかっており、入出庫と配送計画を改善する提案を募集しています。","省エネ投資の開始","在庫差異と配送負担を減らしたい","在庫状況の把握に時間がかかっており、入出庫と配送計画を改善する提案を募集しています。","物流・在庫","高","true","品質管理部","企画担当","86","false","アプローチ準備中","2026-08-30","true","本データはデモ用途の架空企業です。実在の企業・団体とは関係ありません。"
"FC-00159","合同会社アクセルマリングループ","合同会社 アクセル マリン グループ","fisheries","漁業","岡山県","さくら市","2004","2883","大企業","51894","漁業設備と冷凍網の運営","https://example.invalid/fisheries/059","エネルギー・運用費を削減したい","拠点運営費が増加しているため、効果を測定できる省エネ・コスト削減策を求めています。","新サービスの発表","エネルギー・運用費を削減したい","拠点運営費が増加しているため、効果を測定できる省エネ・コスト削減策を求めています。","コスト削減","低","true","品質管理部","部長","58","false","未対応","2026-08-30","true","本データはデモ用途の架空企業です。実在の企業・団体とは関係ありません。"
"FC-00160","株式会社アクセルマリンコーポレーション","株式会社 アクセル マリン コーポレーション","fisheries","漁業","福岡県","ひかり市","2015","42","小規模","798","水産物流通","https://example.invalid/fisheries/060","設備の老朽化と保守負担を減らしたい","既存設備の故障と保守工数が増えており、更新計画と運用改善を一緒に提案できる企業を探しています。","新拠点の開設計画","設備の老朽化と保守負担を減らしたい","既存設備の故障と保守工数が増えており、更新計画と運用改善を一緒に提案できる企業を探しています。","設備・施設","中","true","品質管理部","課長","75","false","情報収集中","2026-08-30","true","本データはデモ用途の架空企業です。実在の企業・団体とは関係ありません。"
"FC-00161","合同会社リードマリンソリューションズ","合同会社 リード マリン ソリューションズ","fisheries","漁業","沖縄県","あおば市","1958","257","中小企業","5140","水産物の養殖・加工","https://example.invalid/fisheries/061","問い合わせと顧客対応を効率化したい","問い合わせ情報が複数部署に分散しており、対応状況を一元管理できる仕組みを探しています。","人員採用の拡大","問い合わせと顧客対応を効率化したい","問い合わせ情報が複数部署に分散しており、対応状況を一元管理できる仕組みを探しています。","営業・顧客管理","高","true","品質管理部","責任者","92","false","アプローチ準備中","2026-08-30","true","本データはデモ用途の架空企業です。実在の企業・団体とは関係ありません。"
"FC-00162","株式会社リードマリンパートナーズ","株式会社 リード マリン パートナーズ","fisheries","漁業","福島県","若葉市","1969","694","中堅企業","14574","漁業設備と冷凍網の運営","https://example.invalid/fisheries/062","採用後の教育と定着を改善したい","人員拡大に対して教育担当者が不足しており、研修の標準化と定着支援を相談したいです。","既存施設の改修","採用後の教育と定着を改善したい","人員拡大に対して教育担当者が不足しており、研修の標準化と定着支援を相談したいです。","人材・労務","低","true","品質管理部","企画担当","64","false","未対応","2026-08-30","true","本データはデモ用途の架空企業です。実在の企業・団体とは関係ありません。"
"FC-00163","合同会社リードマリンワークス","合同会社 リード マリン ワークス","fisheries","漁業","神奈川県","豊栄市","1980","3031","大企業","66682","水産物流通","https://example.invalid/fisheries/063","新サービスの販売パートナーを探したい","新サービスの提供地域を広げるため、共同提案や販売連携が可能な企業を探しています。","事業エリアの拡大","新サービスの販売パートナーを探したい","新サービスの提供地域を広げるため、共同提案や販売連携が可能な企業を探しています。","事業開発","中","true","品質管理部","部長","81","false","情報収集中","2026-08-30","true","本データはデモ用途の架空企業です。実在の企業・団体とは関係ありません。"
"FC-00164","株式会社リードマリングループ","株式会社 リード マリン グループ","fisheries","漁業","岐阜県","清流市","1991","38","小規模","874","水産物の養殖・加工","https://example.invalid/fisheries/064","現場の安全管理と品質記録を強化したい","点検記録と事故予防の仕組みを見直しており、導入負担の小さい安全管理提案を受け付けています。","DX推進組織の新設","現場の安全管理と品質記録を強化したい","点検記録と事故予防の仕組みを見直しており、導入負担の小さい安全管理提案を受け付けています。","安全・品質","高","true","品質管理部","課長","98","false","アプローチ準備中","2026-08-30","true","本データはデモ用途の架空企業です。実在の企業・団体とは関係ありません。"
"FC-00165","合同会社リードマリンコーポレーション","合同会社 リード マリン コーポレーション","fisheries","漁業","兵庫県","旭市","2002","155","中小企業","3720","漁業設備と冷凍網の運営","https://example.invalid/fisheries/065","手作業と紙中心の業務をデジタル化したい","部門間の情報共有が手作業になっているため、現場へ定着しやすい業務システムの提案を募集しています。","安全管理方針の強化","手作業と紙中心の業務をデジタル化したい","部門間の情報共有が手作業になっているため、現場へ定着しやすい業務システムの提案を募集しています。","DX・IT","低","true","品質管理部","責任者","70","false","未対応","2026-08-30","true","本データはデモ用途の架空企業です。実在の企業・団体とは関係ありません。"
"FC-00166","株式会社ハーモニーマリンソリューションズ","株式会社 ハーモニー マリン ソリューションズ","fisheries","漁業","山口県","みなと市","2013","842","中堅企業","21050","水産物流通","https://example.invalid/fisheries/066","在庫差異と配送負担を減らしたい","在庫状況の把握に時間がかかっており、入出庫と配送計画を改善する提案を募集しています。","業務提携の締結","在庫差異と配送負担を減らしたい","在庫状況の把握に時間がかかっており、入出庫と配送計画を改善する提案を募集しています。","物流・在庫","中","true","品質管理部","企画担当","87","false","情報収集中","2026-08-30","true","本データはデモ用途の架空企業です。実在の企業・団体とは関係ありません。"
"FC-00167","合同会社ハーモニーマリンパートナーズ","合同会社 ハーモニー マリン パートナーズ","fisheries","漁業","長崎県","高台市","1956","3179","大企業","82654","水産物の養殖・加工","https://example.invalid/fisheries/067","エネルギー・運用費を削減したい","拠点運営費が増加しているため、効果を測定できる省エネ・コスト削減策を求めています。","設備更新予算の増額","エネルギー・運用費を削減したい","拠点運営費が増加しているため、効果を測定できる省エネ・コスト削減策を求めています。","コスト削減","高","true","品質管理部","部長","59","false","アプローチ準備中","2026-08-30","true","本データはデモ用途の架空企業です。実在の企業・団体とは関係ありません。"
"FC-00168","株式会社ハーモニーマリンワークス","株式会社 ハーモニー マリン ワークス","fisheries","漁業","青森県","新生市","1967","34","小規模","918","漁業設備と冷凍網の運営","https://example.invalid/fisheries/068","設備の老朽化と保守負担を減らしたい","既存設備の故障と保守工数が増えており、更新計画と運用改善を一緒に提案できる企業を探しています。","省エネ投資の開始","設備の老朽化と保守負担を減らしたい","既存設備の故障と保守工数が増えており、更新計画と運用改善を一緒に提案できる企業を探しています。","設備・施設","低","true","品質管理部","課長","76","false","未対応","2026-08-30","true","本データはデモ用途の架空企業です。実在の企業・団体とは関係ありません。"
"FC-00169","合同会社ハーモニーマリングループ","合同会社 ハーモニー マリン グループ","fisheries","漁業","栃木県","平和市","1978","53","中小企業","1484","水産物流通","https://example.invalid/fisheries/069","問い合わせと顧客対応を効率化したい","問い合わせ情報が複数部署に分散しており、対応状況を一元管理できる仕組みを探しています。","新サービスの発表","問い合わせと顧客対応を効率化したい","問い合わせ情報が複数部署に分散しており、対応状況を一元管理できる仕組みを探しています。","営業・顧客管理","中","true","品質管理部","責任者","93","false","情報収集中","2026-08-30","true","本データはデモ用途の架空企業です。実在の企業・団体とは関係ありません。"
"FC-00170","株式会社ハーモニーマリンコーポレーション","株式会社 ハーモニー マリン コーポレーション","fisheries","漁業","富山県","希望市","1989","990","中堅企業","28710","水産物の養殖・加工","https://example.invalid/fisheries/070","採用後の教育と定着を改善したい","人員拡大に対して教育担当者が不足しており、研修の標準化と定着支援を相談したいです。","新拠点の開設計画","採用後の教育と定着を改善したい","人員拡大に対して教育担当者が不足しており、研修の標準化と定着支援を相談したいです。","人材・労務","高","true","品質管理部","企画担当","65","true","アプローチ準備中","2026-08-30","true","本データはデモ用途の架空企業です。実在の企業・団体とは関係ありません。"
"FC-00171","合同会社ブリッジマリンソリューションズ","合同会社 ブリッジ マリン ソリューションズ","fisheries","漁業","愛知県","文化市","2000","3327","大企業","36597","漁業設備と冷凍網の運営","https://example.invalid/fisheries/071","新サービスの販売パートナーを探したい","新サービスの提供地域を広げるため、共同提案や販売連携が可能な企業を探しています。","人員採用の拡大","新サービスの販売パートナーを探したい","新サービスの提供地域を広げるため、共同提案や販売連携が可能な企業を探しています。","事業開発","低","true","品質管理部","部長","82","false","未対応","2026-08-30","true","本データはデモ用途の架空企業です。実在の企業・団体とは関係ありません。"
"FC-00172","株式会社ブリッジマリンパートナーズ","株式会社 ブリッジ マリン パートナーズ","fisheries","漁業","和歌山県","産業市","2011","30","小規模","360","水産物流通","https://example.invalid/fisheries/072","現場の安全管理と品質記録を強化したい","点検記録と事故予防の仕組みを見直しており、導入負担の小さい安全管理提案を受け付けています。","既存施設の改修","現場の安全管理と品質記録を強化したい","点検記録と事故予防の仕組みを見直しており、導入負担の小さい安全管理提案を受け付けています。","安全・品質","中","true","品質管理部","課長","99","false","情報収集中","2026-08-30","true","本データはデモ用途の架空企業です。実在の企業・団体とは関係ありません。"
"FC-00173","合同会社ブリッジマリンワークス","合同会社 ブリッジ マリン ワークス","fisheries","漁業","香川県","学園市","2022","201","中小企業","2613","水産物の養殖・加工","https://example.invalid/fisheries/073","手作業と紙中心の業務をデジタル化したい","部門間の情報共有が手作業になっているため、現場へ定着しやすい業務システムの提案を募集しています。","事業エリアの拡大","手作業と紙中心の業務をデジタル化したい","部門間の情報共有が手作業になっているため、現場へ定着しやすい業務システムの提案を募集しています。","DX・IT","高","true","品質管理部","責任者","71","false","アプローチ準備中","2026-08-30","true","本データはデモ用途の架空企業です。実在の企業・団体とは関係ありません。"
"FC-00174","株式会社ブリッジマリングループ","株式会社 ブリッジ マリン グループ","fisheries","漁業","大分県","泉市","1965","438","中堅企業","6132","漁業設備と冷凍網の運営","https://example.invalid/fisheries/074","在庫差異と配送負担を減らしたい","在庫状況の把握に時間がかかっており、入出庫と配送計画を改善する提案を募集しています。","DX推進組織の新設","在庫差異と配送負担を減らしたい","在庫状況の把握に時間がかかっており、入出庫と配送計画を改善する提案を募集しています。","物流・在庫","低","true","品質管理部","企画担当","88","false","未対応","2026-08-30","true","本データはデモ用途の架空企業です。実在の企業・団体とは関係ありません。"
"FC-00175","合同会社ブリッジマリンコーポレーション","合同会社 ブリッジ マリン コーポレーション","fisheries","漁業","宮城県","丘陵市","1976","3475","大企業","52125","水産物流通","https://example.invalid/fisheries/075","エネルギー・運用費を削減したい","拠点運営費が増加しているため、効果を測定できる省エネ・コスト削減策を求めています。","安全管理方針の強化","エネルギー・運用費を削減したい","拠点運営費が増加しているため、効果を測定できる省エネ・コスト削減策を求めています。","コスト削減","中","true","品質管理部","部長","60","false","情報収集中","2026-08-30","true","本データはデモ用途の架空企業です。実在の企業・団体とは関係ありません。"
"FC-00176","株式会社フォーカスマリンソリューションズ","株式会社 フォーカス マリン ソリューションズ","fisheries","漁業","埼玉県","未来市","1987","26","小規模","416","水産物の養殖・加工","https://example.invalid/fisheries/076","設備の老朽化と保守負担を減らしたい","既存設備の故障と保守工数が増えており、更新計画と運用改善を一緒に提案できる企業を探しています。","業務提携の締結","設備の老朽化と保守負担を減らしたい","既存設備の故障と保守工数が増えており、更新計画と運用改善を一緒に提案できる企業を探しています。","設備・施設","高","true","品質管理部","課長","77","false","アプローチ準備中","2026-08-30","true","本データはデモ用途の架空企業です。実在の企業・団体とは関係ありません。"
"FC-00177","合同会社フォーカスマリンパートナーズ","合同会社 フォーカス マリン パートナーズ","fisheries","漁業","福井県","中央市","1998","99","中小企業","1683","漁業設備と冷凍網の運営","https://example.invalid/fisheries/077","問い合わせと顧客対応を効率化したい","問い合わせ情報が複数部署に分散しており、対応状況を一元管理できる仕組みを探しています。","設備更新予算の増額","問い合わせと顧客対応を効率化したい","問い合わせ情報が複数部署に分散しており、対応状況を一元管理できる仕組みを探しています。","営業・顧客管理","低","true","品質管理部","責任者","94","false","未対応","2026-08-30","true","本データはデモ用途の架空企業です。実在の企業・団体とは関係ありません。"
"FC-00178","株式会社フォーカスマリンワークス","株式会社 フォーカス マリン ワークス","fisheries","漁業","滋賀県","緑市","2009","586","中堅企業","10548","水産物流通","https://example.invalid/fisheries/078","採用後の教育と定着を改善したい","人員拡大に対して教育担当者が不足しており、研修の標準化と定着支援を相談したいです。","省エネ投資の開始","採用後の教育と定着を改善したい","人員拡大に対して教育担当者が不足しており、研修の標準化と定着支援を相談したいです。","人材・労務","中","true","品質管理部","企画担当","66","false","情報収集中","2026-08-30","true","本データはデモ用途の架空企業です。実在の企業・団体とは関係ありません。"
"FC-00179","合同会社フォーカスマリングループ","合同会社 フォーカス マリン グループ","fisheries","漁業","島根県","さくら市","2020","3623","大企業","68837","水産物の養殖・加工","https://example.invalid/fisheries/079","新サービスの販売パートナーを探したい","新サービスの提供地域を広げるため、共同提案や販売連携が可能な企業を探しています。","新サービスの発表","新サービスの販売パートナーを探したい","新サービスの提供地域を広げるため、共同提案や販売連携が可能な企業を探しています。","事業開発","高","true","品質管理部","部長","83","false","アプローチ準備中","2026-08-30","true","本データはデモ用途の架空企業です。実在の企業・団体とは関係ありません。"
"FC-00180","株式会社フォーカスマリンコーポレーション","株式会社 フォーカス マリン コーポレーション","fisheries","漁業","高知県","ひかり市","1963","22","小規模","440","漁業設備と冷凍網の運営","https://example.invalid/fisheries/080","現場の安全管理と品質記録を強化したい","点検記録と事故予防の仕組みを見直しており、導入負担の小さい安全管理提案を受け付けています。","新拠点の開設計画","現場の安全管理と品質記録を強化したい","点検記録と事故予防の仕組みを見直しており、導入負担の小さい安全管理提案を受け付けています。","安全・品質","低","true","品質管理部","課長","55","false","未対応","2026-08-30","true","本データはデモ用途の架空企業です。実在の企業・団体とは関係ありません。"
"FC-00181","合同会社ビジョンマリンソリューションズ","合同会社 ビジョン マリン ソリューションズ","fisheries","漁業","鹿児島県","あおば市","1974","247","中小企業","5187","水産物流通","https://example.invalid/fisheries/081","手作業と紙中心の業務をデジタル化したい","部門間の情報共有が手作業になっているため、現場へ定着しやすい業務システムの提案を募集しています。","人員採用の拡大","手作業と紙中心の業務をデジタル化したい","部門間の情報共有が手作業になっているため、現場へ定着しやすい業務システムの提案を募集しています。","DX・IT","中","true","品質管理部","責任者","72","false","情報収集中","2026-08-30","true","本データはデモ用途の架空企業です。実在の企業・団体とは関係ありません。"
"FC-00182","株式会社ビジョンマリンパートナーズ","株式会社 ビジョン マリン パートナーズ","fisheries","漁業","山形県","若葉市","1985","734","中堅企業","16148","水産物の養殖・加工","https://example.invalid/fisheries/082","在庫差異と配送負担を減らしたい","在庫状況の把握に時間がかかっており、入出庫と配送計画を改善する提案を募集しています。","既存施設の改修","在庫差異と配送負担を減らしたい","在庫状況の把握に時間がかかっており、入出庫と配送計画を改善する提案を募集しています。","物流・在庫","高","true","品質管理部","企画担当","89","false","アプローチ準備中","2026-08-30","true","本データはデモ用途の架空企業です。実在の企業・団体とは関係ありません。"
"FC-00183","合同会社ビジョンマリンワークス","合同会社 ビジョン マリン ワークス","fisheries","漁業","東京都","豊栄市","1996","3771","大企業","86733","漁業設備と冷凍網の運営","https://example.invalid/fisheries/083","エネルギー・運用費を削減したい","拠点運営費が増加しているため、効果を測定できる省エネ・コスト削減策を求めています。","事業エリアの拡大","エネルギー・運用費を削減したい","拠点運営費が増加しているため、効果を測定できる省エネ・コスト削減策を求めています。","コスト削減","低","true","品質管理部","部長","61","false","未対応","2026-08-30","true","本データはデモ用途の架空企業です。実在の企業・団体とは関係ありません。"
"FC-00184","株式会社ビジョンマリングループ","株式会社 ビジョン マリン グループ","fisheries","漁業","長野県","清流市","2007","18","小規模","432","水産物流通","https://example.invalid/fisheries/084","設備の老朽化と保守負担を減らしたい","既存設備の故障と保守工数が増えており、更新計画と運用改善を一緒に提案できる企業を探しています。","DX推進組織の新設","設備の老朽化と保守負担を減らしたい","既存設備の故障と保守工数が増えており、更新計画と運用改善を一緒に提案できる企業を探しています。","設備・施設","中","true","品質管理部","課長","78","false","情報収集中","2026-08-30","true","本データはデモ用途の架空企業です。実在の企業・団体とは関係ありません。"
"FC-00185","合同会社ビジョンマリンコーポレーション","合同会社 ビジョン マリン コーポレーション","fisheries","漁業","大阪府","旭市","2018","145","中小企業","3625","水産物の養殖・加工","https://example.invalid/fisheries/085","問い合わせと顧客対応を効率化したい","問い合わせ情報が複数部署に分散しており、対応状況を一元管理できる仕組みを探しています。","安全管理方針の強化","問い合わせと顧客対応を効率化したい","問い合わせ情報が複数部署に分散しており、対応状況を一元管理できる仕組みを探しています。","営業・顧客管理","高","true","品質管理部","責任者","95","false","アプローチ準備中","2026-08-30","true","本データはデモ用途の架空企業です。実在の企業・団体とは関係ありません。"
"FC-00186","株式会社コアマリンソリューションズ","株式会社 コア マリン ソリューションズ","fisheries","漁業","広島県","みなと市","1961","882","中堅企業","22932","漁業設備と冷凍網の運営","https://example.invalid/fisheries/086","採用後の教育と定着を改善したい","人員拡大に対して教育担当者が不足しており、研修の標準化と定着支援を相談したいです。","業務提携の締結","採用後の教育と定着を改善したい","人員拡大に対して教育担当者が不足しており、研修の標準化と定着支援を相談したいです。","人材・労務","低","true","品質管理部","企画担当","67","false","未対応","2026-08-30","true","本データはデモ用途の架空企業です。実在の企業・団体とは関係ありません。"
"FC-00187","合同会社コアマリンパートナーズ","合同会社 コア マリン パートナーズ","fisheries","漁業","佐賀県","高台市","1972","3919","大企業","105813","水産物流通","https://example.invalid/fisheries/087","新サービスの販売パートナーを探したい","新サービスの提供地域を広げるため、共同提案や販売連携が可能な企業を探しています。","設備更新予算の増額","新サービスの販売パートナーを探したい","新サービスの提供地域を広げるため、共同提案や販売連携が可能な企業を探しています。","事業開発","中","true","品質管理部","部長","84","true","情報収集中","2026-08-30","true","本データはデモ用途の架空企業です。実在の企業・団体とは関係ありません。"
"FC-00188","株式会社コアマリンワークス","株式会社 コア マリン ワークス","fisheries","漁業","北海道","新生市","1983","14","小規模","392","水産物の養殖・加工","https://example.invalid/fisheries/088","現場の安全管理と品質記録を強化したい","点検記録と事故予防の仕組みを見直しており、導入負担の小さい安全管理提案を受け付けています。","省エネ投資の開始","現場の安全管理と品質記録を強化したい","点検記録と事故予防の仕組みを見直しており、導入負担の小さい安全管理提案を受け付けています。","安全・品質","高","true","品質管理部","課長","56","false","アプローチ準備中","2026-08-30","true","本データはデモ用途の架空企業です。実在の企業・団体とは関係ありません。"
"FC-00189","合同会社コアマリングループ","合同会社 コア マリン グループ","fisheries","漁業","茨城県","平和市","1994","293","中小企業","8497","漁業設備と冷凍網の運営","https://example.invalid/fisheries/089","手作業と紙中心の業務をデジタル化したい","部門間の情報共有が手作業になっているため、現場へ定着しやすい業務システムの提案を募集しています。","新サービスの発表","手作業と紙中心の業務をデジタル化したい","部門間の情報共有が手作業になっているため、現場へ定着しやすい業務システムの提案を募集しています。","DX・IT","低","true","品質管理部","責任者","73","false","未対応","2026-08-30","true","本データはデモ用途の架空企業です。実在の企業・団体とは関係ありません。"
"FC-00190","株式会社コアマリンコーポレーション","株式会社 コア マリン コーポレーション","fisheries","漁業","新潟県","希望市","2005","330","中堅企業","3630","水産物流通","https://example.invalid/fisheries/090","在庫差異と配送負担を減らしたい","在庫状況の把握に時間がかかっており、入出庫と配送計画を改善する提案を募集しています。","新拠点の開設計画","在庫差異と配送負担を減らしたい","在庫状況の把握に時間がかかっており、入出庫と配送計画を改善する提案を募集しています。","物流・在庫","中","true","品質管理部","企画担当","90","false","情報収集中","2026-08-30","true","本データはデモ用途の架空企業です。実在の企業・団体とは関係ありません。"
"FC-00191","合同会社アドバンスマリンソリューションズ","合同会社 アドバンス マリン ソリューションズ","fisheries","漁業","静岡県","文化市","2016","4067","大企業","48804","水産物の養殖・加工","https://example.invalid/fisheries/091","エネルギー・運用費を削減したい","拠点運営費が増加しているため、効果を測定できる省エネ・コスト削減策を求めています。","人員採用の拡大","エネルギー・運用費を削減したい","拠点運営費が増加しているため、効果を測定できる省エネ・コスト削減策を求めています。","コスト削減","高","true","品質管理部","部長","62","false","アプローチ準備中","2026-08-30","true","本データはデモ用途の架空企業です。実在の企業・団体とは関係ありません。"
"FC-00192","株式会社アドバンスマリンパートナーズ","株式会社 アドバンス マリン パートナーズ","fisheries","漁業","奈良県","産業市","1959","48","小規模","624","漁業設備と冷凍網の運営","https://example.invalid/fisheries/092","設備の老朽化と保守負担を減らしたい","既存設備の故障と保守工数が増えており、更新計画と運用改善を一緒に提案できる企業を探しています。","既存施設の改修","設備の老朽化と保守負担を減らしたい","既存設備の故障と保守工数が増えており、更新計画と運用改善を一緒に提案できる企業を探しています。","設備・施設","低","true","品質管理部","課長","79","false","未対応","2026-08-30","true","本データはデモ用途の架空企業です。実在の企業・団体とは関係ありません。"
"FC-00193","合同会社アドバンスマリンワークス","合同会社 アドバンス マリン ワークス","fisheries","漁業","徳島県","学園市","1970","191","中小企業","2674","水産物流通","https://example.invalid/fisheries/093","問い合わせと顧客対応を効率化したい","問い合わせ情報が複数部署に分散しており、対応状況を一元管理できる仕組みを探しています。","事業エリアの拡大","問い合わせと顧客対応を効率化したい","問い合わせ情報が複数部署に分散しており、対応状況を一元管理できる仕組みを探しています。","営業・顧客管理","中","true","品質管理部","責任者","96","false","情報収集中","2026-08-30","true","本データはデモ用途の架空企業です。実在の企業・団体とは関係ありません。"
"FC-00194","株式会社アドバンスマリングループ","株式会社 アドバンス マリン グループ","fisheries","漁業","熊本県","泉市","1981","478","中堅企業","7170","水産物の養殖・加工","https://example.invalid/fisheries/094","採用後の教育と定着を改善したい","人員拡大に対して教育担当者が不足しており、研修の標準化と定着支援を相談したいです。","DX推進組織の新設","採用後の教育と定着を改善したい","人員拡大に対して教育担当者が不足しており、研修の標準化と定着支援を相談したいです。","人材・労務","高","true","品質管理部","企画担当","68","false","アプローチ準備中","2026-08-30","true","本データはデモ用途の架空企業です。実在の企業・団体とは関係ありません。"
"FC-00195","合同会社アドバンスマリンコーポレーション","合同会社 アドバンス マリン コーポレーション","fisheries","漁業","岩手県","丘陵市","1992","4215","大企業","67440","漁業設備と冷凍網の運営","https://example.invalid/fisheries/095","新サービスの販売パートナーを探したい","新サービスの提供地域を広げるため、共同提案や販売連携が可能な企業を探しています。","安全管理方針の強化","新サービスの販売パートナーを探したい","新サービスの提供地域を広げるため、共同提案や販売連携が可能な企業を探しています。","事業開発","低","true","品質管理部","部長","85","false","未対応","2026-08-30","true","本データはデモ用途の架空企業です。実在の企業・団体とは関係ありません。"
"FC-00196","株式会社インテグラマリンソリューションズ","株式会社 インテグラ マリン ソリューションズ","fisheries","漁業","群馬県","未来市","2003","44","小規模","748","水産物流通","https://example.invalid/fisheries/096","現場の安全管理と品質記録を強化したい","点検記録と事故予防の仕組みを見直しており、導入負担の小さい安全管理提案を受け付けています。","業務提携の締結","現場の安全管理と品質記録を強化したい","点検記録と事故予防の仕組みを見直しており、導入負担の小さい安全管理提案を受け付けています。","安全・品質","中","true","品質管理部","課長","57","false","情報収集中","2026-08-30","true","本データはデモ用途の架空企業です。実在の企業・団体とは関係ありません。"
"FC-00197","合同会社インテグラマリンパートナーズ","合同会社 インテグラ マリン パートナーズ","fisheries","漁業","石川県","中央市","2014","89","中小企業","1602","水産物の養殖・加工","https://example.invalid/fisheries/097","手作業と紙中心の業務をデジタル化したい","部門間の情報共有が手作業になっているため、現場へ定着しやすい業務システムの提案を募集しています。","設備更新予算の増額","手作業と紙中心の業務をデジタル化したい","部門間の情報共有が手作業になっているため、現場へ定着しやすい業務システムの提案を募集しています。","DX・IT","高","true","品質管理部","責任者","74","false","アプローチ準備中","2026-08-30","true","本データはデモ用途の架空企業です。実在の企業・団体とは関係ありません。"
"FC-00198","株式会社インテグラマリンワークス","株式会社 インテグラ マリン ワークス","fisheries","漁業","三重県","緑市","1957","626","中堅企業","11894","漁業設備と冷凍網の運営","https://example.invalid/fisheries/098","在庫差異と配送負担を減らしたい","在庫状況の把握に時間がかかっており、入出庫と配送計画を改善する提案を募集しています。","省エネ投資の開始","在庫差異と配送負担を減らしたい","在庫状況の把握に時間がかかっており、入出庫と配送計画を改善する提案を募集しています。","物流・在庫","低","true","品質管理部","企画担当","91","false","未対応","2026-08-30","true","本データはデモ用途の架空企業です。実在の企業・団体とは関係ありません。"
"FC-00199","合同会社インテグラマリングループ","合同会社 インテグラ マリン グループ","fisheries","漁業","鳥取県","さくら市","1968","4363","大企業","87260","水産物流通","https://example.invalid/fisheries/099","エネルギー・運用費を削減したい","拠点運営費が増加しているため、効果を測定できる省エネ・コスト削減策を求めています。","新サービスの発表","エネルギー・運用費を削減したい","拠点運営費が増加しているため、効果を測定できる省エネ・コスト削減策を求めています。","コスト削減","中","true","品質管理部","部長","63","false","情報収集中","2026-08-30","true","本データはデモ用途の架空企業です。実在の企業・団体とは関係ありません。"
"FC-00200","株式会社インテグラマリンコーポレーション","株式会社 インテグラ マリン コーポレーション","fisheries","漁業","愛媛県","ひかり市","1979","40","小規模","840","水産物の養殖・加工","https://example.invalid/fisheries/100","設備の老朽化と保守負担を減らしたい","既存設備の故障と保守工数が増えており、更新計画と運用改善を一緒に提案できる企業を探しています。","新拠点の開設計画","設備の老朽化と保守負担を減らしたい","既存設備の故障と保守工数が増えており、更新計画と運用改善を一緒に提案できる企業を探しています。","設備・施設","高","true","品質管理部","課長","80","false","アプローチ準備中","2026-08-30","true","本データはデモ用途の架空企業です。実在の企業・団体とは関係ありません。"
"FC-00201","合同会社アークリソースソリューションズ","合同会社 アーク リソース ソリューションズ","mining","鉱業・採石業","宮崎県","あおば市","1990","237","中小企業","5214","鉱物資源の採掘・加工","https://example.invalid/mining/001","問い合わせと顧客対応を効率化したい","問い合わせ情報が複数部署に分散しており、対応状況を一元管理できる仕組みを探しています。","人員採用の拡大","問い合わせと顧客対応を効率化したい","問い合わせ情報が複数部署に分散しており、対応状況を一元管理できる仕組みを探しています。","営業・顧客管理","低","true","設備管理部","責任者","97","false","未対応","2026-08-30","true","本データはデモ用途の架空企業です。実在の企業・団体とは関係ありません。"
"FC-00202","株式会社アークリソースパートナーズ","株式会社 アーク リソース パートナーズ","mining","鉱業・採石業","秋田県","若葉市","2001","774","中堅企業","17802","砕石・資源リサイクル","https://example.invalid/mining/002","採用後の教育と定着を改善したい","人員拡大に対して教育担当者が不足しており、研修の標準化と定着支援を相談したいです。","既存施設の改修","採用後の教育と定着を改善したい","人員拡大に対して教育担当者が不足しており、研修の標準化と定着支援を相談したいです。","人材・労務","中","true","設備管理部","企画担当","69","false","情報収集中","2026-08-30","true","本データはデモ用途の架空企業です。実在の企業・団体とは関係ありません。"
"FC-00203","合同会社アークリソースワークス","合同会社 アーク リソース ワークス","mining","鉱業・採石業","千葉県","豊栄市","2012","4511","大企業","108264","採掘設備の保守","https://example.invalid/mining/003","新サービスの販売パートナーを探したい","新サービスの提供地域を広げるため、共同提案や販売連携が可能な企業を探しています。","事業エリアの拡大","新サービスの販売パートナーを探したい","新サービスの提供地域を広げるため、共同提案や販売連携が可能な企業を探しています。","事業開発","高","true","設備管理部","部長","86","false","アプローチ準備中","2026-08-30","true","本データはデモ用途の架空企業です。実在の企業・団体とは関係ありません。"
"FC-00204","株式会社アークリソースグループ","株式会社 アーク リソース グループ","mining","鉱業・採石業","山梨県","清流市","1955","36","小規模","900","鉱物資源の採掘・加工","https://example.invalid/mining/004","現場の安全管理と品質記録を強化したい","点検記録と事故予防の仕組みを見直しており、導入負担の小さい安全管理提案を受け付けています。","DX推進組織の新設","現場の安全管理と品質記録を強化したい","点検記録と事故予防の仕組みを見直しており、導入負担の小さい安全管理提案を受け付けています。","安全・品質","低","true","設備管理部","課長","58","true","未対応","2026-08-30","true","本データはデモ用途の架空企業です。実在の企業・団体とは関係ありません。"
"FC-00205","合同会社アークリソースコーポレーション","合同会社 アーク リソース コーポレーション","mining","鉱業・採石業","京都府","旭市","1966","135","中小企業","3510","砕石・資源リサイクル","https://example.invalid/mining/005","手作業と紙中心の業務をデジタル化したい","部門間の情報共有が手作業になっているため、現場へ定着しやすい業務システムの提案を募集しています。","安全管理方針の強化","手作業と紙中心の業務をデジタル化したい","部門間の情報共有が手作業になっているため、現場へ定着しやすい業務システムの提案を募集しています。","DX・IT","中","true","設備管理部","責任者","75","false","情報収集中","2026-08-30","true","本データはデモ用途の架空企業です。実在の企業・団体とは関係ありません。"
"FC-00206","株式会社ネクサスリソースソリューションズ","株式会社 ネクサス リソース ソリューションズ","mining","鉱業・採石業","岡山県","みなと市","1977","922","中堅企業","24894","採掘設備の保守","https://example.invalid/mining/006","在庫差異と配送負担を減らしたい","在庫状況の把握に時間がかかっており、入出庫と配送計画を改善する提案を募集しています。","業務提携の締結","在庫差異と配送負担を減らしたい","在庫状況の把握に時間がかかっており、入出庫と配送計画を改善する提案を募集しています。","物流・在庫","高","true","設備管理部","企画担当","92","false","アプローチ準備中","2026-08-30","true","本データはデモ用途の架空企業です。実在の企業・団体とは関係ありません。"
"FC-00207","合同会社ネクサスリソースパートナーズ","合同会社 ネクサス リソース パートナーズ","mining","鉱業・採石業","福岡県","高台市","1988","4659","大企業","130452","鉱物資源の採掘・加工","https://example.invalid/mining/007","エネルギー・運用費を削減したい","拠点運営費が増加しているため、効果を測定できる省エネ・コスト削減策を求めています。","設備更新予算の増額","エネルギー・運用費を削減したい","拠点運営費が増加しているため、効果を測定できる省エネ・コスト削減策を求めています。","コスト削減","低","true","設備管理部","部長","64","false","未対応","2026-08-30","true","本データはデモ用途の架空企業です。実在の企業・団体とは関係ありません。"
"FC-00208","株式会社ネクサスリソースワークス","株式会社 ネクサス リソース ワークス","mining","鉱業・採石業","沖縄県","新生市","1999","32","小規模","928","砕石・資源リサイクル","https://example.invalid/mining/008","設備の老朽化と保守負担を減らしたい","既存設備の故障と保守工数が増えており、更新計画と運用改善を一緒に提案できる企業を探しています。","省エネ投資の開始","設備の老朽化と保守負担を減らしたい","既存設備の故障と保守工数が増えており、更新計画と運用改善を一緒に提案できる企業を探しています。","設備・施設","中","true","設備管理部","課長","81","false","情報収集中","2026-08-30","true","本データはデモ用途の架空企業です。実在の企業・団体とは関係ありません。"
"FC-00209","合同会社ネクサスリソースグループ","合同会社 ネクサス リソース グループ","mining","鉱業・採石業","福島県","平和市","2010","283","中小企業","3113","採掘設備の保守","https://example.invalid/mining/009","問い合わせと顧客対応を効率化したい","問い合わせ情報が複数部署に分散しており、対応状況を一元管理できる仕組みを探しています。","新サービスの発表","問い合わせと顧客対応を効率化したい","問い合わせ情報が複数部署に分散しており、対応状況を一元管理できる仕組みを探しています。","営業・顧客管理","高","true","設備管理部","責任者","98","false","アプローチ準備中","2026-08-30","true","本データはデモ用途の架空企業です。実在の企業・団体とは関係ありません。"
"FC-00210","株式会社ネクサスリソースコーポレーション","株式会社 ネクサス リソース コーポレーション","mining","鉱業・採石業","神奈川県","希望市","2021","370","中堅企業","4440","鉱物資源の採掘・加工","https://example.invalid/mining/010","採用後の教育と定着を改善したい","人員拡大に対して教育担当者が不足しており、研修の標準化と定着支援を相談したいです。","新拠点の開設計画","採用後の教育と定着を改善したい","人員拡大に対して教育担当者が不足しており、研修の標準化と定着支援を相談したいです。","人材・労務","低","true","設備管理部","企画担当","70","false","未対応","2026-08-30","true","本データはデモ用途の架空企業です。実在の企業・団体とは関係ありません。"
"FC-00211","合同会社プライムリソースソリューションズ","合同会社 プライム リソース ソリューションズ","mining","鉱業・採石業","岐阜県","文化市","1964","4807","大企業","62491","砕石・資源リサイクル","https://example.invalid/mining/011","新サービスの販売パートナーを探したい","新サービスの提供地域を広げるため、共同提案や販売連携が可能な企業を探しています。","人員採用の拡大","新サービスの販売パートナーを探したい","新サービスの提供地域を広げるため、共同提案や販売連携が可能な企業を探しています。","事業開発","中","true","設備管理部","部長","87","false","情報収集中","2026-08-30","true","本データはデモ用途の架空企業です。実在の企業・団体とは関係ありません。"
"FC-00212","株式会社プライムリソースパートナーズ","株式会社 プライム リソース パートナーズ","mining","鉱業・採石業","兵庫県","産業市","1975","28","小規模","392","採掘設備の保守","https://example.invalid/mining/012","現場の安全管理と品質記録を強化したい","点検記録と事故予防の仕組みを見直しており、導入負担の小さい安全管理提案を受け付けています。","既存施設の改修","現場の安全管理と品質記録を強化したい","点検記録と事故予防の仕組みを見直しており、導入負担の小さい安全管理提案を受け付けています。","安全・品質","高","true","設備管理部","課長","59","false","アプローチ準備中","2026-08-30","true","本データはデモ用途の架空企業です。実在の企業・団体とは関係ありません。"
"FC-00213","合同会社プライムリソースワークス","合同会社 プライム リソース ワークス","mining","鉱業・採石業","山口県","学園市","1986","181","中小企業","2715","鉱物資源の採掘・加工","https://example.invalid/mining/013","手作業と紙中心の業務をデジタル化したい","部門間の情報共有が手作業になっているため、現場へ定着しやすい業務システムの提案を募集しています。","事業エリアの拡大","手作業と紙中心の業務をデジタル化したい","部門間の情報共有が手作業になっているため、現場へ定着しやすい業務システムの提案を募集しています。","DX・IT","低","true","設備管理部","責任者","76","false","未対応","2026-08-30","true","本データはデモ用途の架空企業です。実在の企業・団体とは関係ありません。"
"FC-00214","株式会社プライムリソースグループ","株式会社 プライム リソース グループ","mining","鉱業・採石業","長崎県","泉市","1997","518","中堅企業","8288","砕石・資源リサイクル","https://example.invalid/mining/014","在庫差異と配送負担を減らしたい","在庫状況の把握に時間がかかっており、入出庫と配送計画を改善する提案を募集しています。","DX推進組織の新設","在庫差異と配送負担を減らしたい","在庫状況の把握に時間がかかっており、入出庫と配送計画を改善する提案を募集しています。","物流・在庫","中","true","設備管理部","企画担当","93","false","情報収集中","2026-08-30","true","本データはデモ用途の架空企業です。実在の企業・団体とは関係ありません。"
"FC-00215","合同会社プライムリソースコーポレーション","合同会社 プライム リソース コーポレーション","mining","鉱業・採石業","青森県","丘陵市","2008","4955","大企業","84235","採掘設備の保守","https://example.invalid/mining/015","エネルギー・運用費を削減したい","拠点運営費が増加しているため、効果を測定できる省エネ・コスト削減策を求めています。","安全管理方針の強化","エネルギー・運用費を削減したい","拠点運営費が増加しているため、効果を測定できる省エネ・コスト削減策を求めています。","コスト削減","高","true","設備管理部","部長","65","false","アプローチ準備中","2026-08-30","true","本データはデモ用途の架空企業です。実在の企業・団体とは関係ありません。"
"FC-00216","株式会社オルビスリソースソリューションズ","株式会社 オルビス リソース ソリューションズ","mining","鉱業・採石業","栃木県","未来市","2019","24","小規模","432","鉱物資源の採掘・加工","https://example.invalid/mining/016","設備の老朽化と保守負担を減らしたい","既存設備の故障と保守工数が増えており、更新計画と運用改善を一緒に提案できる企業を探しています。","業務提携の締結","設備の老朽化と保守負担を減らしたい","既存設備の故障と保守工数が増えており、更新計画と運用改善を一緒に提案できる企業を探しています。","設備・施設","低","true","設備管理部","課長","82","false","未対応","2026-08-30","true","本データはデモ用途の架空企業です。実在の企業・団体とは関係ありません。"
"FC-00217","合同会社オルビスリソースパートナーズ","合同会社 オルビス リソース パートナーズ","mining","鉱業・採石業","富山県","中央市","1962","79","中小企業","1501","砕石・資源リサイクル","https://example.invalid/mining/017","問い合わせと顧客対応を効率化したい","問い合わせ情報が複数部署に分散しており、対応状況を一元管理できる仕組みを探しています。","設備更新予算の増額","問い合わせと顧客対応を効率化したい","問い合わせ情報が複数部署に分散しており、対応状況を一元管理できる仕組みを探しています。","営業・顧客管理","中","true","設備管理部","責任者","99","false","情報収集中","2026-08-30","true","本データはデモ用途の架空企業です。実在の企業・団体とは関係ありません。"
"FC-00218","株式会社オルビスリソースワークス","株式会社 オルビス リソース ワークス","mining","鉱業・採石業","愛知県","緑市","1973","666","中堅企業","13320","採掘設備の保守","https://example.invalid/mining/018","採用後の教育と定着を改善したい","人員拡大に対して教育担当者が不足しており、研修の標準化と定着支援を相談したいです。","省エネ投資の開始","採用後の教育と定着を改善したい","人員拡大に対して教育担当者が不足しており、研修の標準化と定着支援を相談したいです。","人材・労務","高","true","設備管理部","企画担当","71","false","アプローチ準備中","2026-08-30","true","本データはデモ用途の架空企業です。実在の企業・団体とは関係ありません。"
"FC-00219","合同会社オルビスリソースグループ","合同会社 オルビス リソース グループ","mining","鉱業・採石業","和歌山県","さくら市","1984","1103","大企業","23163","鉱物資源の採掘・加工","https://example.invalid/mining/019","新サービスの販売パートナーを探したい","新サービスの提供地域を広げるため、共同提案や販売連携が可能な企業を探しています。","新サービスの発表","新サービスの販売パートナーを探したい","新サービスの提供地域を広げるため、共同提案や販売連携が可能な企業を探しています。","事業開発","低","true","設備管理部","部長","88","false","未対応","2026-08-30","true","本データはデモ用途の架空企業です。実在の企業・団体とは関係ありません。"
"FC-00220","株式会社オルビスリソースコーポレーション","株式会社 オルビス リソース コーポレーション","mining","鉱業・採石業","香川県","ひかり市","1995","20","小規模","440","砕石・資源リサイクル","https://example.invalid/mining/020","現場の安全管理と品質記録を強化したい","点検記録と事故予防の仕組みを見直しており、導入負担の小さい安全管理提案を受け付けています。","新拠点の開設計画","現場の安全管理と品質記録を強化したい","点検記録と事故予防の仕組みを見直しており、導入負担の小さい安全管理提案を受け付けています。","安全・品質","中","true","設備管理部","課長","60","false","情報収集中","2026-08-30","true","本データはデモ用途の架空企業です。実在の企業・団体とは関係ありません。"
"FC-00221","合同会社ノヴァリソースソリューションズ","合同会社 ノヴァ リソース ソリューションズ","mining","鉱業・採石業","大分県","あおば市","2006","227","中小企業","5221","採掘設備の保守","https://example.invalid/mining/021","手作業と紙中心の業務をデジタル化したい","部門間の情報共有が手作業になっているため、現場へ定着しやすい業務システムの提案を募集しています。","人員採用の拡大","手作業と紙中心の業務をデジタル化したい","部門間の情報共有が手作業になっているため、現場へ定着しやすい業務システムの提案を募集しています。","DX・IT","高","true","設備管理部","責任者","77","true","アプローチ準備中","2026-08-30","true","本データはデモ用途の架空企業です。実在の企業・団体とは関係ありません。"
"FC-00222","株式会社ノヴァリソースパートナーズ","株式会社 ノヴァ リソース パートナーズ","mining","鉱業・採石業","宮城県","若葉市","2017","814","中堅企業","19536","鉱物資源の採掘・加工","https://example.invalid/mining/022","在庫差異と配送負担を減らしたい","在庫状況の把握に時間がかかっており、入出庫と配送計画を改善する提案を募集しています。","既存施設の改修","在庫差異と配送負担を減らしたい","在庫状況の把握に時間がかかっており、入出庫と配送計画を改善する提案を募集しています。","物流・在庫","低","true","設備管理部","企画担当","94","false","未対応","2026-08-30","true","本データはデモ用途の架空企業です。実在の企業・団体とは関係ありません。"
"FC-00223","合同会社ノヴァリソースワークス","合同会社 ノヴァ リソース ワークス","mining","鉱業・採石業","埼玉県","豊栄市","1960","1251","大企業","31275","砕石・資源リサイクル","https://example.invalid/mining/023","エネルギー・運用費を削減したい","拠点運営費が増加しているため、効果を測定できる省エネ・コスト削減策を求めています。","事業エリアの拡大","エネルギー・運用費を削減したい","拠点運営費が増加しているため、効果を測定できる省エネ・コスト削減策を求めています。","コスト削減","中","true","設備管理部","部長","66","false","情報収集中","2026-08-30","true","本データはデモ用途の架空企業です。実在の企業・団体とは関係ありません。"
"FC-00224","株式会社ノヴァリソースグループ","株式会社 ノヴァ リソース グループ","mining","鉱業・採石業","福井県","清流市","1971","16","小規模","416","採掘設備の保守","https://example.invalid/mining/024","設備の老朽化と保守負担を減らしたい","既存設備の故障と保守工数が増えており、更新計画と運用改善を一緒に提案できる企業を探しています。","DX推進組織の新設","設備の老朽化と保守負担を減らしたい","既存設備の故障と保守工数が増えており、更新計画と運用改善を一緒に提案できる企業を探しています。","設備・施設","高","true","設備管理部","課長","83","false","アプローチ準備中","2026-08-30","true","本データはデモ用途の架空企業です。実在の企業・団体とは関係ありません。"
"FC-00225","合同会社ノヴァリソースコーポレーション","合同会社 ノヴァ リソース コーポレーション","mining","鉱業・採石業","滋賀県","旭市","1982","125","中小企業","3375","鉱物資源の採掘・加工","https://example.invalid/mining/025","問い合わせと顧客対応を効率化したい","問い合わせ情報が複数部署に分散しており、対応状況を一元管理できる仕組みを探しています。","安全管理方針の強化","問い合わせと顧客対応を効率化したい","問い合わせ情報が複数部署に分散しており、対応状況を一元管理できる仕組みを探しています。","営業・顧客管理","低","true","設備管理部","責任者","55","false","未対応","2026-08-30","true","本データはデモ用途の架空企業です。実在の企業・団体とは関係ありません。"
"FC-00226","株式会社ユニゾンリソースソリューションズ","株式会社 ユニゾン リソース ソリューションズ","mining","鉱業・採石業","島根県","みなと市","1993","962","中堅企業","26936","砕石・資源リサイクル","https://example.invalid/mining/026","採用後の教育と定着を改善したい","人員拡大に対して教育担当者が不足しており、研修の標準化と定着支援を相談したいです。","業務提携の締結","採用後の教育と定着を改善したい","人員拡大に対して教育担当者が不足しており、研修の標準化と定着支援を相談したいです。","人材・労務","中","true","設備管理部","企画担当","72","false","情報収集中","2026-08-30","true","本データはデモ用途の架空企業です。実在の企業・団体とは関係ありません。"
"FC-00227","合同会社ユニゾンリソースパートナーズ","合同会社 ユニゾン リソース パートナーズ","mining","鉱業・採石業","高知県","高台市","2004","1399","大企業","40571","採掘設備の保守","https://example.invalid/mining/027","新サービスの販売パートナーを探したい","新サービスの提供地域を広げるため、共同提案や販売連携が可能な企業を探しています。","設備更新予算の増額","新サービスの販売パートナーを探したい","新サービスの提供地域を広げるため、共同提案や販売連携が可能な企業を探しています。","事業開発","高","true","設備管理部","部長","89","false","アプローチ準備中","2026-08-30","true","本データはデモ用途の架空企業です。実在の企業・団体とは関係ありません。"
"FC-00228","株式会社ユニゾンリソースワークス","株式会社 ユニゾン リソース ワークス","mining","鉱業・採石業","鹿児島県","新生市","2015","12","小規模","132","鉱物資源の採掘・加工","https://example.invalid/mining/028","現場の安全管理と品質記録を強化したい","点検記録と事故予防の仕組みを見直しており、導入負担の小さい安全管理提案を受け付けています。","省エネ投資の開始","現場の安全管理と品質記録を強化したい","点検記録と事故予防の仕組みを見直しており、導入負担の小さい安全管理提案を受け付けています。","安全・品質","低","true","設備管理部","課長","61","false","未対応","2026-08-30","true","本データはデモ用途の架空企業です。実在の企業・団体とは関係ありません。"
"FC-00229","合同会社ユニゾンリソースグループ","合同会社 ユニゾン リソース グループ","mining","鉱業・採石業","山形県","平和市","1958","273","中小企業","3276","砕石・資源リサイクル","https://example.invalid/mining/029","手作業と紙中心の業務をデジタル化したい","部門間の情報共有が手作業になっているため、現場へ定着しやすい業務システムの提案を募集しています。","新サービスの発表","手作業と紙中心の業務をデジタル化したい","部門間の情報共有が手作業になっているため、現場へ定着しやすい業務システムの提案を募集しています。","DX・IT","中","true","設備管理部","責任者","78","false","情報収集中","2026-08-30","true","本データはデモ用途の架空企業です。実在の企業・団体とは関係ありません。"
"FC-00230","株式会社ユニゾンリソースコーポレーション","株式会社 ユニゾン リソース コーポレーション","mining","鉱業・採石業","東京都","希望市","1969","410","中堅企業","5330","採掘設備の保守","https://example.invalid/mining/030","在庫差異と配送負担を減らしたい","在庫状況の把握に時間がかかっており、入出庫と配送計画を改善する提案を募集しています。","新拠点の開設計画","在庫差異と配送負担を減らしたい","在庫状況の把握に時間がかかっており、入出庫と配送計画を改善する提案を募集しています。","物流・在庫","高","true","設備管理部","企画担当","95","false","アプローチ準備中","2026-08-30","true","本データはデモ用途の架空企業です。実在の企業・団体とは関係ありません。"
"FC-00231","合同会社ヴェリタスリソースソリューションズ","合同会社 ヴェリタス リソース ソリューションズ","mining","鉱業・採石業","長野県","文化市","1980","1547","大企業","21658","鉱物資源の採掘・加工","https://example.invalid/mining/031","エネルギー・運用費を削減したい","拠点運営費が増加しているため、効果を測定できる省エネ・コスト削減策を求めています。","人員採用の拡大","エネルギー・運用費を削減したい","拠点運営費が増加しているため、効果を測定できる省エネ・コスト削減策を求めています。","コスト削減","低","true","設備管理部","部長","67","false","未対応","2026-08-30","true","本データはデモ用途の架空企業です。実在の企業・団体とは関係ありません。"
"FC-00232","株式会社ヴェリタスリソースパートナーズ","株式会社 ヴェリタス リソース パートナーズ","mining","鉱業・採石業","大阪府","産業市","1991","46","小規模","690","砕石・資源リサイクル","https://example.invalid/mining/032","設備の老朽化と保守負担を減らしたい","既存設備の故障と保守工数が増えており、更新計画と運用改善を一緒に提案できる企業を探しています。","既存施設の改修","設備の老朽化と保守負担を減らしたい","既存設備の故障と保守工数が増えており、更新計画と運用改善を一緒に提案できる企業を探しています。","設備・施設","中","true","設備管理部","課長","84","false","情報収集中","2026-08-30","true","本データはデモ用途の架空企業です。実在の企業・団体とは関係ありません。"
"FC-00233","合同会社ヴェリタスリソースワークス","合同会社 ヴェリタス リソース ワークス","mining","鉱業・採石業","広島県","学園市","2002","171","中小企業","2736","採掘設備の保守","https://example.invalid/mining/033","問い合わせと顧客対応を効率化したい","問い合わせ情報が複数部署に分散しており、対応状況を一元管理できる仕組みを探しています。","事業エリアの拡大","問い合わせと顧客対応を効率化したい","問い合わせ情報が複数部署に分散しており、対応状況を一元管理できる仕組みを探しています。","営業・顧客管理","高","true","設備管理部","責任者","56","false","アプローチ準備中","2026-08-30","true","本データはデモ用途の架空企業です。実在の企業・団体とは関係ありません。"
"FC-00234","株式会社ヴェリタスリソースグループ","株式会社 ヴェリタス リソース グループ","mining","鉱業・採石業","佐賀県","泉市","2013","558","中堅企業","9486","鉱物資源の採掘・加工","https://example.invalid/mining/034","採用後の教育と定着を改善したい","人員拡大に対して教育担当者が不足しており、研修の標準化と定着支援を相談したいです。","DX推進組織の新設","採用後の教育と定着を改善したい","人員拡大に対して教育担当者が不足しており、研修の標準化と定着支援を相談したいです。","人材・労務","低","true","設備管理部","企画担当","73","false","未対応","2026-08-30","true","本データはデモ用途の架空企業です。実在の企業・団体とは関係ありません。"
"FC-00235","合同会社ヴェリタスリソースコーポレーション","合同会社 ヴェリタス リソース コーポレーション","mining","鉱業・採石業","北海道","丘陵市","1956","1695","大企業","30510","砕石・資源リサイクル","https://example.invalid/mining/035","新サービスの販売パートナーを探したい","新サービスの提供地域を広げるため、共同提案や販売連携が可能な企業を探しています。","安全管理方針の強化","新サービスの販売パートナーを探したい","新サービスの提供地域を広げるため、共同提案や販売連携が可能な企業を探しています。","事業開発","中","true","設備管理部","部長","90","false","情報収集中","2026-08-30","true","本データはデモ用途の架空企業です。実在の企業・団体とは関係ありません。"
"FC-00236","株式会社セントラルリソースソリューションズ","株式会社 セントラル リソース ソリューションズ","mining","鉱業・採石業","茨城県","未来市","1967","42","小規模","798","採掘設備の保守","https://example.invalid/mining/036","現場の安全管理と品質記録を強化したい","点検記録と事故予防の仕組みを見直しており、導入負担の小さい安全管理提案を受け付けています。","業務提携の締結","現場の安全管理と品質記録を強化したい","点検記録と事故予防の仕組みを見直しており、導入負担の小さい安全管理提案を受け付けています。","安全・品質","高","true","設備管理部","課長","62","false","アプローチ準備中","2026-08-30","true","本データはデモ用途の架空企業です。実在の企業・団体とは関係ありません。"
"FC-00237","合同会社セントラルリソースパートナーズ","合同会社 セントラル リソース パートナーズ","mining","鉱業・採石業","新潟県","中央市","1978","69","中小企業","1380","鉱物資源の採掘・加工","https://example.invalid/mining/037","手作業と紙中心の業務をデジタル化したい","部門間の情報共有が手作業になっているため、現場へ定着しやすい業務システムの提案を募集しています。","設備更新予算の増額","手作業と紙中心の業務をデジタル化したい","部門間の情報共有が手作業になっているため、現場へ定着しやすい業務システムの提案を募集しています。","DX・IT","低","true","設備管理部","責任者","79","false","未対応","2026-08-30","true","本データはデモ用途の架空企業です。実在の企業・団体とは関係ありません。"
"FC-00238","株式会社セントラルリソースワークス","株式会社 セントラル リソース ワークス","mining","鉱業・採石業","静岡県","緑市","1989","706","中堅企業","14826","砕石・資源リサイクル","https://example.invalid/mining/038","在庫差異と配送負担を減らしたい","在庫状況の把握に時間がかかっており、入出庫と配送計画を改善する提案を募集しています。","省エネ投資の開始","在庫差異と配送負担を減らしたい","在庫状況の把握に時間がかかっており、入出庫と配送計画を改善する提案を募集しています。","物流・在庫","中","true","設備管理部","企画担当","96","true","情報収集中","2026-08-30","true","本データはデモ用途の架空企業です。実在の企業・団体とは関係ありません。"
"FC-00239","合同会社セントラルリソースグループ","合同会社 セントラル リソース グループ","mining","鉱業・採石業","奈良県","さくら市","2000","1843","大企業","40546","採掘設備の保守","https://example.invalid/mining/039","エネルギー・運用費を削減したい","拠点運営費が増加しているため、効果を測定できる省エネ・コスト削減策を求めています。","新サービスの発表","エネルギー・運用費を削減したい","拠点運営費が増加しているため、効果を測定できる省エネ・コスト削減策を求めています。","コスト削減","高","true","設備管理部","部長","68","false","アプローチ準備中","2026-08-30","true","本データはデモ用途の架空企業です。実在の企業・団体とは関係ありません。"
"FC-00240","株式会社セントラルリソースコーポレーション","株式会社 セントラル リソース コーポレーション","mining","鉱業・採石業","徳島県","ひかり市","2011","38","小規模","874","鉱物資源の採掘・加工","https://example.invalid/mining/040","設備の老朽化と保守負担を減らしたい","既存設備の故障と保守工数が増えており、更新計画と運用改善を一緒に提案できる企業を探しています。","新拠点の開設計画","設備の老朽化と保守負担を減らしたい","既存設備の故障と保守工数が増えており、更新計画と運用改善を一緒に提案できる企業を探しています。","設備・施設","低","true","設備管理部","課長","85","false","未対応","2026-08-30","true","本データはデモ用途の架空企業です。実在の企業・団体とは関係ありません。"
"FC-00241","合同会社エレメントリソースソリューションズ","合同会社 エレメント リソース ソリューションズ","mining","鉱業・採石業","熊本県","あおば市","2022","217","中小企業","5208","砕石・資源リサイクル","https://example.invalid/mining/041","問い合わせと顧客対応を効率化したい","問い合わせ情報が複数部署に分散しており、対応状況を一元管理できる仕組みを探しています。","人員採用の拡大","問い合わせと顧客対応を効率化したい","問い合わせ情報が複数部署に分散しており、対応状況を一元管理できる仕組みを探しています。","営業・顧客管理","中","true","設備管理部","責任者","57","false","情報収集中","2026-08-30","true","本データはデモ用途の架空企業です。実在の企業・団体とは関係ありません。"
"FC-00242","株式会社エレメントリソースパートナーズ","株式会社 エレメント リソース パートナーズ","mining","鉱業・採石業","岩手県","若葉市","1965","854","中堅企業","21350","採掘設備の保守","https://example.invalid/mining/042","採用後の教育と定着を改善したい","人員拡大に対して教育担当者が不足しており、研修の標準化と定着支援を相談したいです。","既存施設の改修","採用後の教育と定着を改善したい","人員拡大に対して教育担当者が不足しており、研修の標準化と定着支援を相談したいです。","人材・労務","高","true","設備管理部","企画担当","74","false","アプローチ準備中","2026-08-30","true","本データはデモ用途の架空企業です。実在の企業・団体とは関係ありません。"
"FC-00243","合同会社エレメントリソースワークス","合同会社 エレメント リソース ワークス","mining","鉱業・採石業","群馬県","豊栄市","1976","1991","大企業","51766","鉱物資源の採掘・加工","https://example.invalid/mining/043","新サービスの販売パートナーを探したい","新サービスの提供地域を広げるため、共同提案や販売連携が可能な企業を探しています。","事業エリアの拡大","新サービスの販売パートナーを探したい","新サービスの提供地域を広げるため、共同提案や販売連携が可能な企業を探しています。","事業開発","低","true","設備管理部","部長","91","false","未対応","2026-08-30","true","本データはデモ用途の架空企業です。実在の企業・団体とは関係ありません。"
"FC-00244","株式会社エレメントリソースグループ","株式会社 エレメント リソース グループ","mining","鉱業・採石業","石川県","清流市","1987","34","小規模","918","砕石・資源リサイクル","https://example.invalid/mining/044","現場の安全管理と品質記録を強化したい","点検記録と事故予防の仕組みを見直しており、導入負担の小さい安全管理提案を受け付けています。","DX推進組織の新設","現場の安全管理と品質記録を強化したい","点検記録と事故予防の仕組みを見直しており、導入負担の小さい安全管理提案を受け付けています。","安全・品質","中","true","設備管理部","課長","63","false","情報収集中","2026-08-30","true","本データはデモ用途の架空企業です。実在の企業・団体とは関係ありません。"
"FC-00245","合同会社エレメントリソースコーポレーション","合同会社 エレメント リソース コーポレーション","mining","鉱業・採石業","三重県","旭市","1998","115","中小企業","3220","採掘設備の保守","https://example.invalid/mining/045","手作業と紙中心の業務をデジタル化したい","部門間の情報共有が手作業になっているため、現場へ定着しやすい業務システムの提案を募集しています。","安全管理方針の強化","手作業と紙中心の業務をデジタル化したい","部門間の情報共有が手作業になっているため、現場へ定着しやすい業務システムの提案を募集しています。","DX・IT","高","true","設備管理部","責任者","80","false","アプローチ準備中","2026-08-30","true","本データはデモ用途の架空企業です。実在の企業・団体とは関係ありません。"
"FC-00246","株式会社クレストリソースソリューションズ","株式会社 クレスト リソース ソリューションズ","mining","鉱業・採石業","鳥取県","みなと市","2009","302","中堅企業","8758","鉱物資源の採掘・加工","https://example.invalid/mining/046","在庫差異と配送負担を減らしたい","在庫状況の把握に時間がかかっており、入出庫と配送計画を改善する提案を募集しています。","業務提携の締結","在庫差異と配送負担を減らしたい","在庫状況の把握に時間がかかっており、入出庫と配送計画を改善する提案を募集しています。","物流・在庫","低","true","設備管理部","企画担当","97","false","未対応","2026-08-30","true","本データはデモ用途の架空企業です。実在の企業・団体とは関係ありません。"
"FC-00247","合同会社クレストリソースパートナーズ","合同会社 クレスト リソース パートナーズ","mining","鉱業・採石業","愛媛県","高台市","2020","2139","大企業","23529","砕石・資源リサイクル","https://example.invalid/mining/047","エネルギー・運用費を削減したい","拠点運営費が増加しているため、効果を測定できる省エネ・コスト削減策を求めています。","設備更新予算の増額","エネルギー・運用費を削減したい","拠点運営費が増加しているため、効果を測定できる省エネ・コスト削減策を求めています。","コスト削減","中","true","設備管理部","部長","69","false","情報収集中","2026-08-30","true","本データはデモ用途の架空企業です。実在の企業・団体とは関係ありません。"
"FC-00248","株式会社クレストリソースワークス","株式会社 クレスト リソース ワークス","mining","鉱業・採石業","宮崎県","新生市","1963","30","小規模","360","採掘設備の保守","https://example.invalid/mining/048","設備の老朽化と保守負担を減らしたい","既存設備の故障と保守工数が増えており、更新計画と運用改善を一緒に提案できる企業を探しています。","省エネ投資の開始","設備の老朽化と保守負担を減らしたい","既存設備の故障と保守工数が増えており、更新計画と運用改善を一緒に提案できる企業を探しています。","設備・施設","高","true","設備管理部","課長","86","false","アプローチ準備中","2026-08-30","true","本データはデモ用途の架空企業です。実在の企業・団体とは関係ありません。"
"FC-00249","合同会社クレストリソースグループ","合同会社 クレスト リソース グループ","mining","鉱業・採石業","秋田県","平和市","1974","263","中小企業","3419","鉱物資源の採掘・加工","https://example.invalid/mining/049","問い合わせと顧客対応を効率化したい","問い合わせ情報が複数部署に分散しており、対応状況を一元管理できる仕組みを探しています。","新サービスの発表","問い合わせと顧客対応を効率化したい","問い合わせ情報が複数部署に分散しており、対応状況を一元管理できる仕組みを探しています。","営業・顧客管理","低","true","設備管理部","責任者","58","false","未対応","2026-08-30","true","本データはデモ用途の架空企業です。実在の企業・団体とは関係ありません。"
"FC-00250","株式会社クレストリソースコーポレーション","株式会社 クレスト リソース コーポレーション","mining","鉱業・採石業","千葉県","希望市","1985","450","中堅企業","6300","砕石・資源リサイクル","https://example.invalid/mining/050","採用後の教育と定着を改善したい","人員拡大に対して教育担当者が不足しており、研修の標準化と定着支援を相談したいです。","新拠点の開設計画","採用後の教育と定着を改善したい","人員拡大に対して教育担当者が不足しており、研修の標準化と定着支援を相談したいです。","人材・労務","中","true","設備管理部","企画担当","75","false","情報収集中","2026-08-30","true","本データはデモ用途の架空企業です。実在の企業・団体とは関係ありません。"
"FC-00251","合同会社シナジーリソースソリューションズ","合同会社 シナジー リソース ソリューションズ","mining","鉱業・採石業","山梨県","文化市","1996","2287","大企業","34305","採掘設備の保守","https://example.invalid/mining/051","新サービスの販売パートナーを探したい","新サービスの提供地域を広げるため、共同提案や販売連携が可能な企業を探しています。","人員採用の拡大","新サービスの販売パートナーを探したい","新サービスの提供地域を広げるため、共同提案や販売連携が可能な企業を探しています。","事業開発","高","true","設備管理部","部長","92","false","アプローチ準備中","2026-08-30","true","本データはデモ用途の架空企業です。実在の企業・団体とは関係ありません。"
"FC-00252","株式会社シナジーリソースパートナーズ","株式会社 シナジー リソース パートナーズ","mining","鉱業・採石業","京都府","産業市","2007","26","小規模","416","鉱物資源の採掘・加工","https://example.invalid/mining/052","現場の安全管理と品質記録を強化したい","点検記録と事故予防の仕組みを見直しており、導入負担の小さい安全管理提案を受け付けています。","既存施設の改修","現場の安全管理と品質記録を強化したい","点検記録と事故予防の仕組みを見直しており、導入負担の小さい安全管理提案を受け付けています。","安全・品質","低","true","設備管理部","課長","64","false","未対応","2026-08-30","true","本データはデモ用途の架空企業です。実在の企業・団体とは関係ありません。"
"FC-00253","合同会社シナジーリソースワークス","合同会社 シナジー リソース ワークス","mining","鉱業・採石業","岡山県","学園市","2018","161","中小企業","2737","砕石・資源リサイクル","https://example.invalid/mining/053","手作業と紙中心の業務をデジタル化したい","部門間の情報共有が手作業になっているため、現場へ定着しやすい業務システムの提案を募集しています。","事業エリアの拡大","手作業と紙中心の業務をデジタル化したい","部門間の情報共有が手作業になっているため、現場へ定着しやすい業務システムの提案を募集しています。","DX・IT","中","true","設備管理部","責任者","81","false","情報収集中","2026-08-30","true","本データはデモ用途の架空企業です。実在の企業・団体とは関係ありません。"
"FC-00254","株式会社シナジーリソースグループ","株式会社 シナジー リソース グループ","mining","鉱業・採石業","福岡県","泉市","1961","598","中堅企業","10764","採掘設備の保守","https://example.invalid/mining/054","在庫差異と配送負担を減らしたい","在庫状況の把握に時間がかかっており、入出庫と配送計画を改善する提案を募集しています。","DX推進組織の新設","在庫差異と配送負担を減らしたい","在庫状況の把握に時間がかかっており、入出庫と配送計画を改善する提案を募集しています。","物流・在庫","高","true","設備管理部","企画担当","98","false","アプローチ準備中","2026-08-30","true","本データはデモ用途の架空企業です。実在の企業・団体とは関係ありません。"
"FC-00255","合同会社シナジーリソースコーポレーション","合同会社 シナジー リソース コーポレーション","mining","鉱業・採石業","沖縄県","丘陵市","1972","2435","大企業","46265","鉱物資源の採掘・加工","https://example.invalid/mining/055","エネルギー・運用費を削減したい","拠点運営費が増加しているため、効果を測定できる省エネ・コスト削減策を求めています。","安全管理方針の強化","エネルギー・運用費を削減したい","拠点運営費が増加しているため、効果を測定できる省エネ・コスト削減策を求めています。","コスト削減","低","true","設備管理部","部長","70","true","未対応","2026-08-30","true","本データはデモ用途の架空企業です。実在の企業・団体とは関係ありません。"
"FC-00256","株式会社アクセルリソースソリューションズ","株式会社 アクセル リソース ソリューションズ","mining","鉱業・採石業","福島県","未来市","1983","22","小規模","440","砕石・資源リサイクル","https://example.invalid/mining/056","設備の老朽化と保守負担を減らしたい","既存設備の故障と保守工数が増えており、更新計画と運用改善を一緒に提案できる企業を探しています。","業務提携の締結","設備の老朽化と保守負担を減らしたい","既存設備の故障と保守工数が増えており、更新計画と運用改善を一緒に提案できる企業を探しています。","設備・施設","中","true","設備管理部","課長","87","false","情報収集中","2026-08-30","true","本データはデモ用途の架空企業です。実在の企業・団体とは関係ありません。"
"FC-00257","合同会社アクセルリソースパートナーズ","合同会社 アクセル リソース パートナーズ","mining","鉱業・採石業","神奈川県","中央市","1994","59","中小企業","1239","採掘設備の保守","https://example.invalid/mining/057","問い合わせと顧客対応を効率化したい","問い合わせ情報が複数部署に分散しており、対応状況を一元管理できる仕組みを探しています。","設備更新予算の増額","問い合わせと顧客対応を効率化したい","問い合わせ情報が複数部署に分散しており、対応状況を一元管理できる仕組みを探しています。","営業・顧客管理","高","true","設備管理部","責任者","59","false","アプローチ準備中","2026-08-30","true","本データはデモ用途の架空企業です。実在の企業・団体とは関係ありません。"
"FC-00258","株式会社アクセルリソースワークス","株式会社 アクセル リソース ワークス","mining","鉱業・採石業","岐阜県","緑市","2005","746","中堅企業","16412","鉱物資源の採掘・加工","https://example.invalid/mining/058","採用後の教育と定着を改善したい","人員拡大に対して教育担当者が不足しており、研修の標準化と定着支援を相談したいです。","省エネ投資の開始","採用後の教育と定着を改善したい","人員拡大に対して教育担当者が不足しており、研修の標準化と定着支援を相談したいです。","人材・労務","低","true","設備管理部","企画担当","76","false","未対応","2026-08-30","true","本データはデモ用途の架空企業です。実在の企業・団体とは関係ありません。"
"FC-00259","合同会社アクセルリソースグループ","合同会社 アクセル リソース グループ","mining","鉱業・採石業","兵庫県","さくら市","2016","2583","大企業","59409","砕石・資源リサイクル","https://example.invalid/mining/059","新サービスの販売パートナーを探したい","新サービスの提供地域を広げるため、共同提案や販売連携が可能な企業を探しています。","新サービスの発表","新サービスの販売パートナーを探したい","新サービスの提供地域を広げるため、共同提案や販売連携が可能な企業を探しています。","事業開発","中","true","設備管理部","部長","93","false","情報収集中","2026-08-30","true","本データはデモ用途の架空企業です。実在の企業・団体とは関係ありません。"
"FC-00260","株式会社アクセルリソースコーポレーション","株式会社 アクセル リソース コーポレーション","mining","鉱業・採石業","山口県","ひかり市","1959","18","小規模","432","採掘設備の保守","https://example.invalid/mining/060","現場の安全管理と品質記録を強化したい","点検記録と事故予防の仕組みを見直しており、導入負担の小さい安全管理提案を受け付けています。","新拠点の開設計画","現場の安全管理と品質記録を強化したい","点検記録と事故予防の仕組みを見直しており、導入負担の小さい安全管理提案を受け付けています。","安全・品質","高","true","設備管理部","課長","65","false","アプローチ準備中","2026-08-30","true","本データはデモ用途の架空企業です。実在の企業・団体とは関係ありません。"
"FC-00261","合同会社リードリソースソリューションズ","合同会社 リード リソース ソリューションズ","mining","鉱業・採石業","長崎県","あおば市","1970","207","中小企業","5175","鉱物資源の採掘・加工","https://example.invalid/mining/061","手作業と紙中心の業務をデジタル化したい","部門間の情報共有が手作業になっているため、現場へ定着しやすい業務システムの提案を募集しています。","人員採用の拡大","手作業と紙中心の業務をデジタル化したい","部門間の情報共有が手作業になっているため、現場へ定着しやすい業務システムの提案を募集しています。","DX・IT","低","true","設備管理部","責任者","82","false","未対応","2026-08-30","true","本データはデモ用途の架空企業です。実在の企業・団体とは関係ありません。"
"FC-00262","株式会社リードリソースパートナーズ","株式会社 リード リソース パートナーズ","mining","鉱業・採石業","青森県","若葉市","1981","894","中堅企業","23244","砕石・資源リサイクル","https://example.invalid/mining/062","在庫差異と配送負担を減らしたい","在庫状況の把握に時間がかかっており、入出庫と配送計画を改善する提案を募集しています。","既存施設の改修","在庫差異と配送負担を減らしたい","在庫状況の把握に時間がかかっており、入出庫と配送計画を改善する提案を募集しています。","物流・在庫","中","true","設備管理部","企画担当","99","false","情報収集中","2026-08-30","true","本データはデモ用途の架空企業です。実在の企業・団体とは関係ありません。"
"FC-00263","合同会社リードリソースワークス","合同会社 リード リソース ワークス","mining","鉱業・採石業","栃木県","豊栄市","1992","2731","大企業","73737","採掘設備の保守","https://example.invalid/mining/063","エネルギー・運用費を削減したい","拠点運営費が増加しているため、効果を測定できる省エネ・コスト削減策を求めています。","事業エリアの拡大","エネルギー・運用費を削減したい","拠点運営費が増加しているため、効果を測定できる省エネ・コスト削減策を求めています。","コスト削減","高","true","設備管理部","部長","71","false","アプローチ準備中","2026-08-30","true","本データはデモ用途の架空企業です。実在の企業・団体とは関係ありません。"
"FC-00264","株式会社リードリソースグループ","株式会社 リード リソース グループ","mining","鉱業・採石業","富山県","清流市","2003","14","小規模","392","鉱物資源の採掘・加工","https://example.invalid/mining/064","設備の老朽化と保守負担を減らしたい","既存設備の故障と保守工数が増えており、更新計画と運用改善を一緒に提案できる企業を探しています。","DX推進組織の新設","設備の老朽化と保守負担を減らしたい","既存設備の故障と保守工数が増えており、更新計画と運用改善を一緒に提案できる企業を探しています。","設備・施設","低","true","設備管理部","課長","88","false","未対応","2026-08-30","true","本データはデモ用途の架空企業です。実在の企業・団体とは関係ありません。"
"FC-00265","合同会社リードリソースコーポレーション","合同会社 リード リソース コーポレーション","mining","鉱業・採石業","愛知県","旭市","2014","105","中小企業","3045","砕石・資源リサイクル","https://example.invalid/mining/065","問い合わせと顧客対応を効率化したい","問い合わせ情報が複数部署に分散しており、対応状況を一元管理できる仕組みを探しています。","安全管理方針の強化","問い合わせと顧客対応を効率化したい","問い合わせ情報が複数部署に分散しており、対応状況を一元管理できる仕組みを探しています。","営業・顧客管理","中","true","設備管理部","責任者","60","false","情報収集中","2026-08-30","true","本データはデモ用途の架空企業です。実在の企業・団体とは関係ありません。"
"FC-00266","株式会社ハーモニーリソースソリューションズ","株式会社 ハーモニー リソース ソリューションズ","mining","鉱業・採石業","和歌山県","みなと市","1957","342","中堅企業","3762","採掘設備の保守","https://example.invalid/mining/066","採用後の教育と定着を改善したい","人員拡大に対して教育担当者が不足しており、研修の標準化と定着支援を相談したいです。","業務提携の締結","採用後の教育と定着を改善したい","人員拡大に対して教育担当者が不足しており、研修の標準化と定着支援を相談したいです。","人材・労務","高","true","設備管理部","企画担当","77","false","アプローチ準備中","2026-08-30","true","本データはデモ用途の架空企業です。実在の企業・団体とは関係ありません。"
"FC-00267","合同会社ハーモニーリソースパートナーズ","合同会社 ハーモニー リソース パートナーズ","mining","鉱業・採石業","香川県","高台市","1968","2879","大企業","34548","鉱物資源の採掘・加工","https://example.invalid/mining/067","新サービスの販売パートナーを探したい","新サービスの提供地域を広げるため、共同提案や販売連携が可能な企業を探しています。","設備更新予算の増額","新サービスの販売パートナーを探したい","新サービスの提供地域を広げるため、共同提案や販売連携が可能な企業を探しています。","事業開発","低","true","設備管理部","部長","94","false","未対応","2026-08-30","true","本データはデモ用途の架空企業です。実在の企業・団体とは関係ありません。"
"FC-00268","株式会社ハーモニーリソースワークス","株式会社 ハーモニー リソース ワークス","mining","鉱業・採石業","大分県","新生市","1979","48","小規模","624","砕石・資源リサイクル","https://example.invalid/mining/068","現場の安全管理と品質記録を強化したい","点検記録と事故予防の仕組みを見直しており、導入負担の小さい安全管理提案を受け付けています。","省エネ投資の開始","現場の安全管理と品質記録を強化したい","点検記録と事故予防の仕組みを見直しており、導入負担の小さい安全管理提案を受け付けています。","安全・品質","中","true","設備管理部","課長","66","false","情報収集中","2026-08-30","true","本データはデモ用途の架空企業です。実在の企業・団体とは関係ありません。"
"FC-00269","合同会社ハーモニーリソースグループ","合同会社 ハーモニー リソース グループ","mining","鉱業・採石業","宮城県","平和市","1990","253","中小企業","3542","採掘設備の保守","https://example.invalid/mining/069","手作業と紙中心の業務をデジタル化したい","部門間の情報共有が手作業になっているため、現場へ定着しやすい業務システムの提案を募集しています。","新サービスの発表","手作業と紙中心の業務をデジタル化したい","部門間の情報共有が手作業になっているため、現場へ定着しやすい業務システムの提案を募集しています。","DX・IT","高","true","設備管理部","責任者","83","false","アプローチ準備中","2026-08-30","true","本データはデモ用途の架空企業です。実在の企業・団体とは関係ありません。"
"FC-00270","株式会社ハーモニーリソースコーポレーション","株式会社 ハーモニー リソース コーポレーション","mining","鉱業・採石業","埼玉県","希望市","2001","490","中堅企業","7350","鉱物資源の採掘・加工","https://example.invalid/mining/070","在庫差異と配送負担を減らしたい","在庫状況の把握に時間がかかっており、入出庫と配送計画を改善する提案を募集しています。","新拠点の開設計画","在庫差異と配送負担を減らしたい","在庫状況の把握に時間がかかっており、入出庫と配送計画を改善する提案を募集しています。","物流・在庫","低","true","設備管理部","企画担当","55","false","未対応","2026-08-30","true","本データはデモ用途の架空企業です。実在の企業・団体とは関係ありません。"
"FC-00271","合同会社ブリッジリソースソリューションズ","合同会社 ブリッジ リソース ソリューションズ","mining","鉱業・採石業","福井県","文化市","2012","3027","大企業","48432","砕石・資源リサイクル","https://example.invalid/mining/071","エネルギー・運用費を削減したい","拠点運営費が増加しているため、効果を測定できる省エネ・コスト削減策を求めています。","人員採用の拡大","エネルギー・運用費を削減したい","拠点運営費が増加しているため、効果を測定できる省エネ・コスト削減策を求めています。","コスト削減","中","true","設備管理部","部長","72","false","情報収集中","2026-08-30","true","本データはデモ用途の架空企業です。実在の企業・団体とは関係ありません。"
"FC-00272","株式会社ブリッジリソースパートナーズ","株式会社 ブリッジ リソース パートナーズ","mining","鉱業・採石業","滋賀県","産業市","1955","44","小規模","748","採掘設備の保守","https://example.invalid/mining/072","設備の老朽化と保守負担を減らしたい","既存設備の故障と保守工数が増えており、更新計画と運用改善を一緒に提案できる企業を探しています。","既存施設の改修","設備の老朽化と保守負担を減らしたい","既存設備の故障と保守工数が増えており、更新計画と運用改善を一緒に提案できる企業を探しています。","設備・施設","高","true","設備管理部","課長","89","true","アプローチ準備中","2026-08-30","true","本データはデモ用途の架空企業です。実在の企業・団体とは関係ありません。"
"FC-00273","合同会社ブリッジリソースワークス","合同会社 ブリッジ リソース ワークス","mining","鉱業・採石業","島根県","学園市","1966","151","中小企業","2718","鉱物資源の採掘・加工","https://example.invalid/mining/073","問い合わせと顧客対応を効率化したい","問い合わせ情報が複数部署に分散しており、対応状況を一元管理できる仕組みを探しています。","事業エリアの拡大","問い合わせと顧客対応を効率化したい","問い合わせ情報が複数部署に分散しており、対応状況を一元管理できる仕組みを探しています。","営業・顧客管理","低","true","設備管理部","責任者","61","false","未対応","2026-08-30","true","本データはデモ用途の架空企業です。実在の企業・団体とは関係ありません。"
"FC-00274","株式会社ブリッジリソースグループ","株式会社 ブリッジ リソース グループ","mining","鉱業・採石業","高知県","泉市","1977","638","中堅企業","12122","砕石・資源リサイクル","https://example.invalid/mining/074","採用後の教育と定着を改善したい","人員拡大に対して教育担当者が不足しており、研修の標準化と定着支援を相談したいです。","DX推進組織の新設","採用後の教育と定着を改善したい","人員拡大に対して教育担当者が不足しており、研修の標準化と定着支援を相談したいです。","人材・労務","中","true","設備管理部","企画担当","78","false","情報収集中","2026-08-30","true","本データはデモ用途の架空企業です。実在の企業・団体とは関係ありません。"
"FC-00275","合同会社ブリッジリソースコーポレーション","合同会社 ブリッジ リソース コーポレーション","mining","鉱業・採石業","鹿児島県","丘陵市","1988","3175","大企業","63500","採掘設備の保守","https://example.invalid/mining/075","新サービスの販売パートナーを探したい","新サービスの提供地域を広げるため、共同提案や販売連携が可能な企業を探しています。","安全管理方針の強化","新サービスの販売パートナーを探したい","新サービスの提供地域を広げるため、共同提案や販売連携が可能な企業を探しています。","事業開発","高","true","設備管理部","部長","95","false","アプローチ準備中","2026-08-30","true","本データはデモ用途の架空企業です。実在の企業・団体とは関係ありません。"
"FC-00276","株式会社フォーカスリソースソリューションズ","株式会社 フォーカス リソース ソリューションズ","mining","鉱業・採石業","山形県","未来市","1999","40","小規模","840","鉱物資源の採掘・加工","https://example.invalid/mining/076","現場の安全管理と品質記録を強化したい","点検記録と事故予防の仕組みを見直しており、導入負担の小さい安全管理提案を受け付けています。","業務提携の締結","現場の安全管理と品質記録を強化したい","点検記録と事故予防の仕組みを見直しており、導入負担の小さい安全管理提案を受け付けています。","安全・品質","低","true","設備管理部","課長","67","false","未対応","2026-08-30","true","本データはデモ用途の架空企業です。実在の企業・団体とは関係ありません。"
"FC-00277","合同会社フォーカスリソースパートナーズ","合同会社 フォーカス リソース パートナーズ","mining","鉱業・採石業","東京都","中央市","2010","299","中小企業","6578","砕石・資源リサイクル","https://example.invalid/mining/077","手作業と紙中心の業務をデジタル化したい","部門間の情報共有が手作業になっているため、現場へ定着しやすい業務システムの提案を募集しています。","設備更新予算の増額","手作業と紙中心の業務をデジタル化したい","部門間の情報共有が手作業になっているため、現場へ定着しやすい業務システムの提案を募集しています。","DX・IT","中","true","設備管理部","責任者","84","false","情報収集中","2026-08-30","true","本データはデモ用途の架空企業です。実在の企業・団体とは関係ありません。"
"FC-00278","株式会社フォーカスリソースワークス","株式会社 フォーカス リソース ワークス","mining","鉱業・採石業","長野県","緑市","2021","786","中堅企業","18078","採掘設備の保守","https://example.invalid/mining/078","在庫差異と配送負担を減らしたい","在庫状況の把握に時間がかかっており、入出庫と配送計画を改善する提案を募集しています。","省エネ投資の開始","在庫差異と配送負担を減らしたい","在庫状況の把握に時間がかかっており、入出庫と配送計画を改善する提案を募集しています。","物流・在庫","高","true","設備管理部","企画担当","56","false","アプローチ準備中","2026-08-30","true","本データはデモ用途の架空企業です。実在の企業・団体とは関係ありません。"
"FC-00279","合同会社フォーカスリソースグループ","合同会社 フォーカス リソース グループ","mining","鉱業・採石業","大阪府","さくら市","1964","3323","大企業","79752","鉱物資源の採掘・加工","https://example.invalid/mining/079","エネルギー・運用費を削減したい","拠点運営費が増加しているため、効果を測定できる省エネ・コスト削減策を求めています。","新サービスの発表","エネルギー・運用費を削減したい","拠点運営費が増加しているため、効果を測定できる省エネ・コスト削減策を求めています。","コスト削減","低","true","設備管理部","部長","73","false","未対応","2026-08-30","true","本データはデモ用途の架空企業です。実在の企業・団体とは関係ありません。"
"FC-00280","株式会社フォーカスリソースコーポレーション","株式会社 フォーカス リソース コーポレーション","mining","鉱業・採石業","広島県","ひかり市","1975","36","小規模","900","砕石・資源リサイクル","https://example.invalid/mining/080","設備の老朽化と保守負担を減らしたい","既存設備の故障と保守工数が増えており、更新計画と運用改善を一緒に提案できる企業を探しています。","新拠点の開設計画","設備の老朽化と保守負担を減らしたい","既存設備の故障と保守工数が増えており、更新計画と運用改善を一緒に提案できる企業を探しています。","設備・施設","中","true","設備管理部","課長","90","false","情報収集中","2026-08-30","true","本データはデモ用途の架空企業です。実在の企業・団体とは関係ありません。"
"FC-00281","合同会社ビジョンリソースソリューションズ","合同会社 ビジョン リソース ソリューションズ","mining","鉱業・採石業","佐賀県","あおば市","1986","197","中小企業","5122","採掘設備の保守","https://example.invalid/mining/081","問い合わせと顧客対応を効率化したい","問い合わせ情報が複数部署に分散しており、対応状況を一元管理できる仕組みを探しています。","人員採用の拡大","問い合わせと顧客対応を効率化したい","問い合わせ情報が複数部署に分散しており、対応状況を一元管理できる仕組みを探しています。","営業・顧客管理","高","true","設備管理部","責任者","62","false","アプローチ準備中","2026-08-30","true","本データはデモ用途の架空企業です。実在の企業・団体とは関係ありません。"
"FC-00282","株式会社ビジョンリソースパートナーズ","株式会社 ビジョン リソース パートナーズ","mining","鉱業・採石業","北海道","若葉市","1997","934","中堅企業","25218","鉱物資源の採掘・加工","https://example.invalid/mining/082","採用後の教育と定着を改善したい","人員拡大に対して教育担当者が不足しており、研修の標準化と定着支援を相談したいです。","既存施設の改修","採用後の教育と定着を改善したい","人員拡大に対して教育担当者が不足しており、研修の標準化と定着支援を相談したいです。","人材・労務","低","true","設備管理部","企画担当","79","false","未対応","2026-08-30","true","本データはデモ用途の架空企業です。実在の企業・団体とは関係ありません。"
"FC-00283","合同会社ビジョンリソースワークス","合同会社 ビジョン リソース ワークス","mining","鉱業・採石業","茨城県","豊栄市","2008","3471","大企業","97188","砕石・資源リサイクル","https://example.invalid/mining/083","新サービスの販売パートナーを探したい","新サービスの提供地域を広げるため、共同提案や販売連携が可能な企業を探しています。","事業エリアの拡大","新サービスの販売パートナーを探したい","新サービスの提供地域を広げるため、共同提案や販売連携が可能な企業を探しています。","事業開発","中","true","設備管理部","部長","96","false","情報収集中","2026-08-30","true","本データはデモ用途の架空企業です。実在の企業・団体とは関係ありません。"
"FC-00284","株式会社ビジョンリソースグループ","株式会社 ビジョン リソース グループ","mining","鉱業・採石業","新潟県","清流市","2019","32","小規模","928","採掘設備の保守","https://example.invalid/mining/084","現場の安全管理と品質記録を強化したい","点検記録と事故予防の仕組みを見直しており、導入負担の小さい安全管理提案を受け付けています。","DX推進組織の新設","現場の安全管理と品質記録を強化したい","点検記録と事故予防の仕組みを見直しており、導入負担の小さい安全管理提案を受け付けています。","安全・品質","高","true","設備管理部","課長","68","false","アプローチ準備中","2026-08-30","true","本データはデモ用途の架空企業です。実在の企業・団体とは関係ありません。"
"FC-00285","合同会社ビジョンリソースコーポレーション","合同会社 ビジョン リソース コーポレーション","mining","鉱業・採石業","静岡県","旭市","1962","95","中小企業","1045","鉱物資源の採掘・加工","https://example.invalid/mining/085","手作業と紙中心の業務をデジタル化したい","部門間の情報共有が手作業になっているため、現場へ定着しやすい業務システムの提案を募集しています。","安全管理方針の強化","手作業と紙中心の業務をデジタル化したい","部門間の情報共有が手作業になっているため、現場へ定着しやすい業務システムの提案を募集しています。","DX・IT","低","true","設備管理部","責任者","85","false","未対応","2026-08-30","true","本データはデモ用途の架空企業です。実在の企業・団体とは関係ありません。"
"FC-00286","株式会社コアリソースソリューションズ","株式会社 コア リソース ソリューションズ","mining","鉱業・採石業","奈良県","みなと市","1973","382","中堅企業","4584","砕石・資源リサイクル","https://example.invalid/mining/086","在庫差異と配送負担を減らしたい","在庫状況の把握に時間がかかっており、入出庫と配送計画を改善する提案を募集しています。","業務提携の締結","在庫差異と配送負担を減らしたい","在庫状況の把握に時間がかかっており、入出庫と配送計画を改善する提案を募集しています。","物流・在庫","中","true","設備管理部","企画担当","57","false","情報収集中","2026-08-30","true","本データはデモ用途の架空企業です。実在の企業・団体とは関係ありません。"
"FC-00287","合同会社コアリソースパートナーズ","合同会社 コア リソース パートナーズ","mining","鉱業・採石業","徳島県","高台市","1984","3619","大企業","47047","採掘設備の保守","https://example.invalid/mining/087","エネルギー・運用費を削減したい","拠点運営費が増加しているため、効果を測定できる省エネ・コスト削減策を求めています。","設備更新予算の増額","エネルギー・運用費を削減したい","拠点運営費が増加しているため、効果を測定できる省エネ・コスト削減策を求めています。","コスト削減","高","true","設備管理部","部長","74","false","アプローチ準備中","2026-08-30","true","本データはデモ用途の架空企業です。実在の企業・団体とは関係ありません。"
"FC-00288","株式会社コアリソースワークス","株式会社 コア リソース ワークス","mining","鉱業・採石業","熊本県","新生市","1995","28","小規模","392","鉱物資源の採掘・加工","https://example.invalid/mining/088","設備の老朽化と保守負担を減らしたい","既存設備の故障と保守工数が増えており、更新計画と運用改善を一緒に提案できる企業を探しています。","省エネ投資の開始","設備の老朽化と保守負担を減らしたい","既存設備の故障と保守工数が増えており、更新計画と運用改善を一緒に提案できる企業を探しています。","設備・施設","低","true","設備管理部","課長","91","false","未対応","2026-08-30","true","本データはデモ用途の架空企業です。実在の企業・団体とは関係ありません。"
"FC-00289","合同会社コアリソースグループ","合同会社 コア リソース グループ","mining","鉱業・採石業","岩手県","平和市","2006","243","中小企業","3645","砕石・資源リサイクル","https://example.invalid/mining/089","問い合わせと顧客対応を効率化したい","問い合わせ情報が複数部署に分散しており、対応状況を一元管理できる仕組みを探しています。","新サービスの発表","問い合わせと顧客対応を効率化したい","問い合わせ情報が複数部署に分散しており、対応状況を一元管理できる仕組みを探しています。","営業・顧客管理","中","true","設備管理部","責任者","63","true","情報収集中","2026-08-30","true","本データはデモ用途の架空企業です。実在の企業・団体とは関係ありません。"
"FC-00290","株式会社コアリソースコーポレーション","株式会社 コア リソース コーポレーション","mining","鉱業・採石業","群馬県","希望市","2017","530","中堅企業","8480","採掘設備の保守","https://example.invalid/mining/090","採用後の教育と定着を改善したい","人員拡大に対して教育担当者が不足しており、研修の標準化と定着支援を相談したいです。","新拠点の開設計画","採用後の教育と定着を改善したい","人員拡大に対して教育担当者が不足しており、研修の標準化と定着支援を相談したいです。","人材・労務","高","true","設備管理部","企画担当","80","false","アプローチ準備中","2026-08-30","true","本データはデモ用途の架空企業です。実在の企業・団体とは関係ありません。"
"FC-00291","合同会社アドバンスリソースソリューションズ","合同会社 アドバンス リソース ソリューションズ","mining","鉱業・採石業","石川県","文化市","1960","3767","大企業","64039","鉱物資源の採掘・加工","https://example.invalid/mining/091","新サービスの販売パートナーを探したい","新サービスの提供地域を広げるため、共同提案や販売連携が可能な企業を探しています。","人員採用の拡大","新サービスの販売パートナーを探したい","新サービスの提供地域を広げるため、共同提案や販売連携が可能な企業を探しています。","事業開発","低","true","設備管理部","部長","97","false","未対応","2026-08-30","true","本データはデモ用途の架空企業です。実在の企業・団体とは関係ありません。"
"FC-00292","株式会社アドバンスリソースパートナーズ","株式会社 アドバンス リソース パートナーズ","mining","鉱業・採石業","三重県","産業市","1971","24","小規模","432","砕石・資源リサイクル","https://example.invalid/mining/092","現場の安全管理と品質記録を強化したい","点検記録と事故予防の仕組みを見直しており、導入負担の小さい安全管理提案を受け付けています。","既存施設の改修","現場の安全管理と品質記録を強化したい","点検記録と事故予防の仕組みを見直しており、導入負担の小さい安全管理提案を受け付けています。","安全・品質","中","true","設備管理部","課長","69","false","情報収集中","2026-08-30","true","本データはデモ用途の架空企業です。実在の企業・団体とは関係ありません。"
"FC-00293","合同会社アドバンスリソースワークス","合同会社 アドバンス リソース ワークス","mining","鉱業・採石業","鳥取県","学園市","1982","141","中小企業","2679","採掘設備の保守","https://example.invalid/mining/093","手作業と紙中心の業務をデジタル化したい","部門間の情報共有が手作業になっているため、現場へ定着しやすい業務システムの提案を募集しています。","事業エリアの拡大","手作業と紙中心の業務をデジタル化したい","部門間の情報共有が手作業になっているため、現場へ定着しやすい業務システムの提案を募集しています。","DX・IT","高","true","設備管理部","責任者","86","false","アプローチ準備中","2026-08-30","true","本データはデモ用途の架空企業です。実在の企業・団体とは関係ありません。"
"FC-00294","株式会社アドバンスリソースグループ","株式会社 アドバンス リソース グループ","mining","鉱業・採石業","愛媛県","泉市","1993","678","中堅企業","13560","鉱物資源の採掘・加工","https://example.invalid/mining/094","在庫差異と配送負担を減らしたい","在庫状況の把握に時間がかかっており、入出庫と配送計画を改善する提案を募集しています。","DX推進組織の新設","在庫差異と配送負担を減らしたい","在庫状況の把握に時間がかかっており、入出庫と配送計画を改善する提案を募集しています。","物流・在庫","低","true","設備管理部","企画担当","58","false","未対応","2026-08-30","true","本データはデモ用途の架空企業です。実在の企業・団体とは関係ありません。"
"FC-00295","合同会社アドバンスリソースコーポレーション","合同会社 アドバンス リソース コーポレーション","mining","鉱業・採石業","宮崎県","丘陵市","2004","3915","大企業","82215","砕石・資源リサイクル","https://example.invalid/mining/095","エネルギー・運用費を削減したい","拠点運営費が増加しているため、効果を測定できる省エネ・コスト削減策を求めています。","安全管理方針の強化","エネルギー・運用費を削減したい","拠点運営費が増加しているため、効果を測定できる省エネ・コスト削減策を求めています。","コスト削減","中","true","設備管理部","部長","75","false","情報収集中","2026-08-30","true","本データはデモ用途の架空企業です。実在の企業・団体とは関係ありません。"
"FC-00296","株式会社インテグラリソースソリューションズ","株式会社 インテグラ リソース ソリューションズ","mining","鉱業・採石業","秋田県","未来市","2015","20","小規模","440","採掘設備の保守","https://example.invalid/mining/096","設備の老朽化と保守負担を減らしたい","既存設備の故障と保守工数が増えており、更新計画と運用改善を一緒に提案できる企業を探しています。","業務提携の締結","設備の老朽化と保守負担を減らしたい","既存設備の故障と保守工数が増えており、更新計画と運用改善を一緒に提案できる企業を探しています。","設備・施設","高","true","設備管理部","課長","92","false","アプローチ準備中","2026-08-30","true","本データはデモ用途の架空企業です。実在の企業・団体とは関係ありません。"
"FC-00297","合同会社インテグラリソースパートナーズ","合同会社 インテグラ リソース パートナーズ","mining","鉱業・採石業","千葉県","中央市","1958","289","中小企業","6647","鉱物資源の採掘・加工","https://example.invalid/mining/097","問い合わせと顧客対応を効率化したい","問い合わせ情報が複数部署に分散しており、対応状況を一元管理できる仕組みを探しています。","設備更新予算の増額","問い合わせと顧客対応を効率化したい","問い合わせ情報が複数部署に分散しており、対応状況を一元管理できる仕組みを探しています。","営業・顧客管理","低","true","設備管理部","責任者","64","false","未対応","2026-08-30","true","本データはデモ用途の架空企業です。実在の企業・団体とは関係ありません。"
"FC-00298","株式会社インテグラリソースワークス","株式会社 インテグラ リソース ワークス","mining","鉱業・採石業","山梨県","緑市","1969","826","中堅企業","19824","砕石・資源リサイクル","https://example.invalid/mining/098","採用後の教育と定着を改善したい","人員拡大に対して教育担当者が不足しており、研修の標準化と定着支援を相談したいです。","省エネ投資の開始","採用後の教育と定着を改善したい","人員拡大に対して教育担当者が不足しており、研修の標準化と定着支援を相談したいです。","人材・労務","中","true","設備管理部","企画担当","81","false","情報収集中","2026-08-30","true","本データはデモ用途の架空企業です。実在の企業・団体とは関係ありません。"
"FC-00299","合同会社インテグラリソースグループ","合同会社 インテグラ リソース グループ","mining","鉱業・採石業","京都府","さくら市","1980","4063","大企業","101575","採掘設備の保守","https://example.invalid/mining/099","新サービスの販売パートナーを探したい","新サービスの提供地域を広げるため、共同提案や販売連携が可能な企業を探しています。","新サービスの発表","新サービスの販売パートナーを探したい","新サービスの提供地域を広げるため、共同提案や販売連携が可能な企業を探しています。","事業開発","高","true","設備管理部","部長","98","false","アプローチ準備中","2026-08-30","true","本データはデモ用途の架空企業です。実在の企業・団体とは関係ありません。"
"FC-00300","株式会社インテグラリソースコーポレーション","株式会社 インテグラ リソース コーポレーション","mining","鉱業・採石業","岡山県","ひかり市","1991","16","小規模","416","鉱物資源の採掘・加工","https://example.invalid/mining/100","現場の安全管理と品質記録を強化したい","点検記録と事故予防の仕組みを見直しており、導入負担の小さい安全管理提案を受け付けています。","新拠点の開設計画","現場の安全管理と品質記録を強化したい","点検記録と事故予防の仕組みを見直しており、導入負担の小さい安全管理提案を受け付けています。","安全・品質","低","true","設備管理部","課長","70","false","未対応","2026-08-30","true","本データはデモ用途の架空企業です。実在の企業・団体とは関係ありません。"
"FC-00301","合同会社アークビルドソリューションズ","合同会社 アーク ビルド ソリューションズ","construction","建設業","福岡県","あおば市","2002","187","中小企業","5049","建築・土木工事","https://example.invalid/construction/001","手作業と紙中心の業務をデジタル化したい","部門間の情報共有が手作業になっているため、現場へ定着しやすい業務システムの提案を募集しています。","人員採用の拡大","手作業と紙中心の業務をデジタル化したい","部門間の情報共有が手作業になっているため、現場へ定着しやすい業務システムの提案を募集しています。","DX・IT","中","true","工事管理部","責任者","87","false","情報収集中","2026-08-30","true","本データはデモ用途の架空企業です。実在の企業・団体とは関係ありません。"
"FC-00302","株式会社アークビルドパートナーズ","株式会社 アーク ビルド パートナーズ","construction","建設業","沖縄県","若葉市","2013","974","中堅企業","27272","設備工事と施設改修","https://example.invalid/construction/002","在庫差異と配送負担を減らしたい","在庫状況の把握に時間がかかっており、入出庫と配送計画を改善する提案を募集しています。","既存施設の改修","在庫差異と配送負担を減らしたい","在庫状況の把握に時間がかかっており、入出庫と配送計画を改善する提案を募集しています。","物流・在庫","高","true","工事管理部","企画担当","59","false","アプローチ準備中","2026-08-30","true","本データはデモ用途の架空企業です。実在の企業・団体とは関係ありません。"
"FC-00303","合同会社アークビルドワークス","合同会社 アーク ビルド ワークス","construction","建設業","福島県","豊栄市","1956","4211","大企業","122119","建設現場の安全管理","https://example.invalid/construction/003","エネルギー・運用費を削減したい","拠点運営費が増加しているため、効果を測定できる省エネ・コスト削減策を求めています。","事業エリアの拡大","エネルギー・運用費を削減したい","拠点運営費が増加しているため、効果を測定できる省エネ・コスト削減策を求めています。","コスト削減","低","true","工事管理部","部長","76","false","未対応","2026-08-30","true","本データはデモ用途の架空企業です。実在の企業・団体とは関係ありません。"
"FC-00304","株式会社アークビルドグループ","株式会社 アーク ビルド グループ","construction","建設業","神奈川県","清流市","1967","12","小規模","132","建築・土木工事","https://example.invalid/construction/004","設備の老朽化と保守負担を減らしたい","既存設備の故障と保守工数が増えており、更新計画と運用改善を一緒に提案できる企業を探しています。","DX推進組織の新設","設備の老朽化と保守負担を減らしたい","既存設備の故障と保守工数が増えており、更新計画と運用改善を一緒に提案できる企業を探しています。","設備・施設","中","true","工事管理部","課長","93","false","情報収集中","2026-08-30","true","本データはデモ用途の架空企業です。実在の企業・団体とは関係ありません。"
"FC-00305","合同会社アークビルドコーポレーション","合同会社 アーク ビルド コーポレーション","construction","建設業","岐阜県","旭市","1978","85","中小企業","1020","設備工事と施設改修","https://example.invalid/construction/005","問い合わせと顧客対応を効率化したい","問い合わせ情報が複数部署に分散しており、対応状況を一元管理できる仕組みを探しています。","安全管理方針の強化","問い合わせと顧客対応を効率化したい","問い合わせ情報が複数部署に分散しており、対応状況を一元管理できる仕組みを探しています。","営業・顧客管理","高","true","工事管理部","責任者","65","false","アプローチ準備中","2026-08-30","true","本データはデモ用途の架空企業です。実在の企業・団体とは関係ありません。"
"FC-00306","株式会社ネクサスビルドソリューションズ","株式会社 ネクサス ビルド ソリューションズ","construction","建設業","兵庫県","みなと市","1989","422","中堅企業","5486","建設現場の安全管理","https://example.invalid/construction/006","採用後の教育と定着を改善したい","人員拡大に対して教育担当者が不足しており、研修の標準化と定着支援を相談したいです。","業務提携の締結","採用後の教育と定着を改善したい","人員拡大に対して教育担当者が不足しており、研修の標準化と定着支援を相談したいです。","人材・労務","低","true","工事管理部","企画担当","82","true","未対応","2026-08-30","true","本データはデモ用途の架空企業です。実在の企業・団体とは関係ありません。"
"FC-00307","合同会社ネクサスビルドパートナーズ","合同会社 ネクサス ビルド パートナーズ","construction","建設業","山口県","高台市","2000","4359","大企業","61026","建築・土木工事","https://example.invalid/construction/007","新サービスの販売パートナーを探したい","新サービスの提供地域を広げるため、共同提案や販売連携が可能な企業を探しています。","設備更新予算の増額","新サービスの販売パートナーを探したい","新サービスの提供地域を広げるため、共同提案や販売連携が可能な企業を探しています。","事業開発","中","true","工事管理部","部長","99","false","情報収集中","2026-08-30","true","本データはデモ用途の架空企業です。実在の企業・団体とは関係ありません。"
"FC-00308","株式会社ネクサスビルドワークス","株式会社 ネクサス ビルド ワークス","construction","建設業","長崎県","新生市","2011","46","小規模","690","設備工事と施設改修","https://example.invalid/construction/008","現場の安全管理と品質記録を強化したい","点検記録と事故予防の仕組みを見直しており、導入負担の小さい安全管理提案を受け付けています。","省エネ投資の開始","現場の安全管理と品質記録を強化したい","点検記録と事故予防の仕組みを見直しており、導入負担の小さい安全管理提案を受け付けています。","安全・品質","高","true","工事管理部","課長","71","false","アプローチ準備中","2026-08-30","true","本データはデモ用途の架空企業です。実在の企業・団体とは関係ありません。"
"FC-00309","合同会社ネクサスビルドグループ","合同会社 ネクサス ビルド グループ","construction","建設業","青森県","平和市","2022","233","中小企業","3728","建設現場の安全管理","https://example.invalid/construction/009","手作業と紙中心の業務をデジタル化したい","部門間の情報共有が手作業になっているため、現場へ定着しやすい業務システムの提案を募集しています。","新サービスの発表","手作業と紙中心の業務をデジタル化したい","部門間の情報共有が手作業になっているため、現場へ定着しやすい業務システムの提案を募集しています。","DX・IT","低","true","工事管理部","責任者","88","false","未対応","2026-08-30","true","本データはデモ用途の架空企業です。実在の企業・団体とは関係ありません。"
"FC-00310","株式会社ネクサスビルドコーポレーション","株式会社 ネクサス ビルド コーポレーション","construction","建設業","栃木県","希望市","1965","570","中堅企業","9690","建築・土木工事","https://example.invalid/construction/010","在庫差異と配送負担を減らしたい","在庫状況の把握に時間がかかっており、入出庫と配送計画を改善する提案を募集しています。","新拠点の開設計画","在庫差異と配送負担を減らしたい","在庫状況の把握に時間がかかっており、入出庫と配送計画を改善する提案を募集しています。","物流・在庫","中","true","工事管理部","企画担当","60","false","情報収集中","2026-08-30","true","本データはデモ用途の架空企業です。実在の企業・団体とは関係ありません。"
"FC-00311","合同会社プライムビルドソリューションズ","合同会社 プライム ビルド ソリューションズ","construction","建設業","富山県","文化市","1976","4507","大企業","81126","設備工事と施設改修","https://example.invalid/construction/011","エネルギー・運用費を削減したい","拠点運営費が増加しているため、効果を測定できる省エネ・コスト削減策を求めています。","人員採用の拡大","エネルギー・運用費を削減したい","拠点運営費が増加しているため、効果を測定できる省エネ・コスト削減策を求めています。","コスト削減","高","true","工事管理部","部長","77","false","アプローチ準備中","2026-08-30","true","本データはデモ用途の架空企業です。実在の企業・団体とは関係ありません。"
"FC-00312","株式会社プライムビルドパートナーズ","株式会社 プライム ビルド パートナーズ","construction","建設業","愛知県","産業市","1987","42","小規模","798","建設現場の安全管理","https://example.invalid/construction/012","設備の老朽化と保守負担を減らしたい","既存設備の故障と保守工数が増えており、更新計画と運用改善を一緒に提案できる企業を探しています。","既存施設の改修","設備の老朽化と保守負担を減らしたい","既存設備の故障と保守工数が増えており、更新計画と運用改善を一緒に提案できる企業を探しています。","設備・施設","低","true","工事管理部","課長","94","false","未対応","2026-08-30","true","本データはデモ用途の架空企業です。実在の企業・団体とは関係ありません。"
"FC-00313","合同会社プライムビルドワークス","合同会社 プライム ビルド ワークス","construction","建設業","和歌山県","学園市","1998","131","中小企業","2620","建築・土木工事","https://example.invalid/construction/013","問い合わせと顧客対応を効率化したい","問い合わせ情報が複数部署に分散しており、対応状況を一元管理できる仕組みを探しています。","事業エリアの拡大","問い合わせと顧客対応を効率化したい","問い合わせ情報が複数部署に分散しており、対応状況を一元管理できる仕組みを探しています。","営業・顧客管理","中","true","工事管理部","責任者","66","false","情報収集中","2026-08-30","true","本データはデモ用途の架空企業です。実在の企業・団体とは関係ありません。"
"FC-00314","株式会社プライムビルドグループ","株式会社 プライム ビルド グループ","construction","建設業","香川県","泉市","2009","718","中堅企業","15078","設備工事と施設改修","https://example.invalid/construction/014","採用後の教育と定着を改善したい","人員拡大に対して教育担当者が不足しており、研修の標準化と定着支援を相談したいです。","DX推進組織の新設","採用後の教育と定着を改善したい","人員拡大に対して教育担当者が不足しており、研修の標準化と定着支援を相談したいです。","人材・労務","高","true","工事管理部","企画担当","83","false","アプローチ準備中","2026-08-30","true","本データはデモ用途の架空企業です。実在の企業・団体とは関係ありません。"
"FC-00315","合同会社プライムビルドコーポレーション","合同会社 プライム ビルド コーポレーション","construction","建設業","大分県","丘陵市","2020","4655","大企業","102410","建設現場の安全管理","https://example.invalid/construction/015","新サービスの販売パートナーを探したい","新サービスの提供地域を広げるため、共同提案や販売連携が可能な企業を探しています。","安全管理方針の強化","新サービスの販売パートナーを探したい","新サービスの提供地域を広げるため、共同提案や販売連携が可能な企業を探しています。","事業開発","低","true","工事管理部","部長","55","false","未対応","2026-08-30","true","本データはデモ用途の架空企業です。実在の企業・団体とは関係ありません。"
"FC-00316","株式会社オルビスビルドソリューションズ","株式会社 オルビス ビルド ソリューションズ","construction","建設業","宮城県","未来市","1963","38","小規模","874","建築・土木工事","https://example.invalid/construction/016","現場の安全管理と品質記録を強化したい","点検記録と事故予防の仕組みを見直しており、導入負担の小さい安全管理提案を受け付けています。","業務提携の締結","現場の安全管理と品質記録を強化したい","点検記録と事故予防の仕組みを見直しており、導入負担の小さい安全管理提案を受け付けています。","安全・品質","中","true","工事管理部","課長","72","false","情報収集中","2026-08-30","true","本データはデモ用途の架空企業です。実在の企業・団体とは関係ありません。"
"FC-00317","合同会社オルビスビルドパートナーズ","合同会社 オルビス ビルド パートナーズ","construction","建設業","埼玉県","中央市","1974","279","中小企業","6696","設備工事と施設改修","https://example.invalid/construction/017","手作業と紙中心の業務をデジタル化したい","部門間の情報共有が手作業になっているため、現場へ定着しやすい業務システムの提案を募集しています。","設備更新予算の増額","手作業と紙中心の業務をデジタル化したい","部門間の情報共有が手作業になっているため、現場へ定着しやすい業務システムの提案を募集しています。","DX・IT","高","true","工事管理部","責任者","89","false","アプローチ準備中","2026-08-30","true","本データはデモ用途の架空企業です。実在の企業・団体とは関係ありません。"
"FC-00318","株式会社オルビスビルドワークス","株式会社 オルビス ビルド ワークス","construction","建設業","福井県","緑市","1985","866","中堅企業","21650","建設現場の安全管理","https://example.invalid/construction/018","在庫差異と配送負担を減らしたい","在庫状況の把握に時間がかかっており、入出庫と配送計画を改善する提案を募集しています。","省エネ投資の開始","在庫差異と配送負担を減らしたい","在庫状況の把握に時間がかかっており、入出庫と配送計画を改善する提案を募集しています。","物流・在庫","低","true","工事管理部","企画担当","61","false","未対応","2026-08-30","true","本データはデモ用途の架空企業です。実在の企業・団体とは関係ありません。"
"FC-00319","合同会社オルビスビルドグループ","合同会社 オルビス ビルド グループ","construction","建設業","滋賀県","さくら市","1996","4803","大企業","124878","建築・土木工事","https://example.invalid/construction/019","エネルギー・運用費を削減したい","拠点運営費が増加しているため、効果を測定できる省エネ・コスト削減策を求めています。","新サービスの発表","エネルギー・運用費を削減したい","拠点運営費が増加しているため、効果を測定できる省エネ・コスト削減策を求めています。","コスト削減","中","true","工事管理部","部長","78","false","情報収集中","2026-08-30","true","本データはデモ用途の架空企業です。実在の企業・団体とは関係ありません。"
"FC-00320","株式会社オルビスビルドコーポレーション","株式会社 オルビス ビルド コーポレーション","construction","建設業","島根県","ひかり市","2007","34","小規模","918","設備工事と施設改修","https://example.invalid/construction/020","設備の老朽化と保守負担を減らしたい","既存設備の故障と保守工数が増えており、更新計画と運用改善を一緒に提案できる企業を探しています。","新拠点の開設計画","設備の老朽化と保守負担を減らしたい","既存設備の故障と保守工数が増えており、更新計画と運用改善を一緒に提案できる企業を探しています。","設備・施設","高","true","工事管理部","課長","95","false","アプローチ準備中","2026-08-30","true","本データはデモ用途の架空企業です。実在の企業・団体とは関係ありません。"
"FC-00321","合同会社ノヴァビルドソリューションズ","合同会社 ノヴァ ビルド ソリューションズ","construction","建設業","高知県","あおば市","2018","177","中小企業","4956","建設現場の安全管理","https://example.invalid/construction/021","問い合わせと顧客対応を効率化したい","問い合わせ情報が複数部署に分散しており、対応状況を一元管理できる仕組みを探しています。","人員採用の拡大","問い合わせと顧客対応を効率化したい","問い合わせ情報が複数部署に分散しており、対応状況を一元管理できる仕組みを探しています。","営業・顧客管理","低","true","工事管理部","責任者","67","false","未対応","2026-08-30","true","本データはデモ用途の架空企業です。実在の企業・団体とは関係ありません。"
"FC-00322","株式会社ノヴァビルドパートナーズ","株式会社 ノヴァ ビルド パートナーズ","construction","建設業","鹿児島県","若葉市","1961","314","中堅企業","9106","建築・土木工事","https://example.invalid/construction/022","採用後の教育と定着を改善したい","人員拡大に対して教育担当者が不足しており、研修の標準化と定着支援を相談したいです。","既存施設の改修","採用後の教育と定着を改善したい","人員拡大に対して教育担当者が不足しており、研修の標準化と定着支援を相談したいです。","人材・労務","中","true","工事管理部","企画担当","84","false","情報収集中","2026-08-30","true","本データはデモ用途の架空企業です。実在の企業・団体とは関係ありません。"
"FC-00323","合同会社ノヴァビルドワークス","合同会社 ノヴァ ビルド ワークス","construction","建設業","山形県","豊栄市","1972","4951","大企業","54461","設備工事と施設改修","https://example.invalid/construction/023","新サービスの販売パートナーを探したい","新サービスの提供地域を広げるため、共同提案や販売連携が可能な企業を探しています。","事業エリアの拡大","新サービスの販売パートナーを探したい","新サービスの提供地域を広げるため、共同提案や販売連携が可能な企業を探しています。","事業開発","高","true","工事管理部","部長","56","true","アプローチ準備中","2026-08-30","true","本データはデモ用途の架空企業です。実在の企業・団体とは関係ありません。"
"FC-00324","株式会社ノヴァビルドグループ","株式会社 ノヴァ ビルド グループ","construction","建設業","東京都","清流市","1983","30","小規模","360","建設現場の安全管理","https://example.invalid/construction/024","現場の安全管理と品質記録を強化したい","点検記録と事故予防の仕組みを見直しており、導入負担の小さい安全管理提案を受け付けています。","DX推進組織の新設","現場の安全管理と品質記録を強化したい","点検記録と事故予防の仕組みを見直しており、導入負担の小さい安全管理提案を受け付けています。","安全・品質","低","true","工事管理部","課長","73","false","未対応","2026-08-30","true","本データはデモ用途の架空企業です。実在の企業・団体とは関係ありません。"
"FC-00325","合同会社ノヴァビルドコーポレーション","合同会社 ノヴァ ビルド コーポレーション","construction","建設業","長野県","旭市","1994","75","中小企業","975","建築・土木工事","https://example.invalid/construction/025","手作業と紙中心の業務をデジタル化したい","部門間の情報共有が手作業になっているため、現場へ定着しやすい業務システムの提案を募集しています。","安全管理方針の強化","手作業と紙中心の業務をデジタル化したい","部門間の情報共有が手作業になっているため、現場へ定着しやすい業務システムの提案を募集しています。","DX・IT","中","true","工事管理部","責任者","90","false","情報収集中","2026-08-30","true","本データはデモ用途の架空企業です。実在の企業・団体とは関係ありません。"
"FC-00326","株式会社ユニゾンビルドソリューションズ","株式会社 ユニゾン ビルド ソリューションズ","construction","建設業","大阪府","みなと市","2005","462","中堅企業","6468","設備工事と施設改修","https://example.invalid/construction/026","在庫差異と配送負担を減らしたい","在庫状況の把握に時間がかかっており、入出庫と配送計画を改善する提案を募集しています。","業務提携の締結","在庫差異と配送負担を減らしたい","在庫状況の把握に時間がかかっており、入出庫と配送計画を改善する提案を募集しています。","物流・在庫","高","true","工事管理部","企画担当","62","false","アプローチ準備中","2026-08-30","true","本データはデモ用途の架空企業です。実在の企業・団体とは関係ありません。"
"FC-00327","合同会社ユニゾンビルドパートナーズ","合同会社 ユニゾン ビルド パートナーズ","construction","建設業","広島県","高台市","2016","1099","大企業","16485","建設現場の安全管理","https://example.invalid/construction/027","エネルギー・運用費を削減したい","拠点運営費が増加しているため、効果を測定できる省エネ・コスト削減策を求めています。","設備更新予算の増額","エネルギー・運用費を削減したい","拠点運営費が増加しているため、効果を測定できる省エネ・コスト削減策を求めています。","コスト削減","低","true","工事管理部","部長","79","false","未対応","2026-08-30","true","本データはデモ用途の架空企業です。実在の企業・団体とは関係ありません。"
"FC-00328","株式会社ユニゾンビルドワークス","株式会社 ユニゾン ビルド ワークス","construction","建設業","佐賀県","新生市","1959","26","小規模","416","建築・土木工事","https://example.invalid/construction/028","設備の老朽化と保守負担を減らしたい","既存設備の故障と保守工数が増えており、更新計画と運用改善を一緒に提案できる企業を探しています。","省エネ投資の開始","設備の老朽化と保守負担を減らしたい","既存設備の故障と保守工数が増えており、更新計画と運用改善を一緒に提案できる企業を探しています。","設備・施設","中","true","工事管理部","課長","96","false","情報収集中","2026-08-30","true","本データはデモ用途の架空企業です。実在の企業・団体とは関係ありません。"
"FC-00329","合同会社ユニゾンビルドグループ","合同会社 ユニゾン ビルド グループ","construction","建設業","北海道","平和市","1970","223","中小企業","3791","設備工事と施設改修","https://example.invalid/construction/029","問い合わせと顧客対応を効率化したい","問い合わせ情報が複数部署に分散しており、対応状況を一元管理できる仕組みを探しています。","新サービスの発表","問い合わせと顧客対応を効率化したい","問い合わせ情報が複数部署に分散しており、対応状況を一元管理できる仕組みを探しています。","営業・顧客管理","高","true","工事管理部","責任者","68","false","アプローチ準備中","2026-08-30","true","本データはデモ用途の架空企業です。実在の企業・団体とは関係ありません。"
"FC-00330","株式会社ユニゾンビルドコーポレーション","株式会社 ユニゾン ビルド コーポレーション","construction","建設業","茨城県","希望市","1981","610","中堅企業","10980","建設現場の安全管理","https://example.invalid/construction/030","採用後の教育と定着を改善したい","人員拡大に対して教育担当者が不足しており、研修の標準化と定着支援を相談したいです。","新拠点の開設計画","採用後の教育と定着を改善したい","人員拡大に対して教育担当者が不足しており、研修の標準化と定着支援を相談したいです。","人材・労務","低","true","工事管理部","企画担当","85","false","未対応","2026-08-30","true","本データはデモ用途の架空企業です。実在の企業・団体とは関係ありません。"
"FC-00331","合同会社ヴェリタスビルドソリューションズ","合同会社 ヴェリタス ビルド ソリューションズ","construction","建設業","新潟県","文化市","1992","1247","大企業","23693","建築・土木工事","https://example.invalid/construction/031","新サービスの販売パートナーを探したい","新サービスの提供地域を広げるため、共同提案や販売連携が可能な企業を探しています。","人員採用の拡大","新サービスの販売パートナーを探したい","新サービスの提供地域を広げるため、共同提案や販売連携が可能な企業を探しています。","事業開発","中","true","工事管理部","部長","57","false","情報収集中","2026-08-30","true","本データはデモ用途の架空企業です。実在の企業・団体とは関係ありません。"
"FC-00332","株式会社ヴェリタスビルドパートナーズ","株式会社 ヴェリタス ビルド パートナーズ","construction","建設業","静岡県","産業市","2003","22","小規模","440","設備工事と施設改修","https://example.invalid/construction/032","現場の安全管理と品質記録を強化したい","点検記録と事故予防の仕組みを見直しており、導入負担の小さい安全管理提案を受け付けています。","既存施設の改修","現場の安全管理と品質記録を強化したい","点検記録と事故予防の仕組みを見直しており、導入負担の小さい安全管理提案を受け付けています。","安全・品質","高","true","工事管理部","課長","74","false","アプローチ準備中","2026-08-30","true","本データはデモ用途の架空企業です。実在の企業・団体とは関係ありません。"
"FC-00333","合同会社ヴェリタスビルドワークス","合同会社 ヴェリタス ビルド ワークス","construction","建設業","奈良県","学園市","2014","121","中小企業","2541","建設現場の安全管理","https://example.invalid/construction/033","手作業と紙中心の業務をデジタル化したい","部門間の情報共有が手作業になっているため、現場へ定着しやすい業務システムの提案を募集しています。","事業エリアの拡大","手作業と紙中心の業務をデジタル化したい","部門間の情報共有が手作業になっているため、現場へ定着しやすい業務システムの提案を募集しています。","DX・IT","低","true","工事管理部","責任者","91","false","未対応","2026-08-30","true","本データはデモ用途の架空企業です。実在の企業・団体とは関係ありません。"
"FC-00334","株式会社ヴェリタスビルドグループ","株式会社 ヴェリタス ビルド グループ","construction","建設業","徳島県","泉市","1957","758","中堅企業","16676","建築・土木工事","https://example.invalid/construction/034","在庫差異と配送負担を減らしたい","在庫状況の把握に時間がかかっており、入出庫と配送計画を改善する提案を募集しています。","DX推進組織の新設","在庫差異と配送負担を減らしたい","在庫状況の把握に時間がかかっており、入出庫と配送計画を改善する提案を募集しています。","物流・在庫","中","true","工事管理部","企画担当","63","false","情報収集中","2026-08-30","true","本データはデモ用途の架空企業です。実在の企業・団体とは関係ありません。"
"FC-00335","合同会社ヴェリタスビルドコーポレーション","合同会社 ヴェリタス ビルド コーポレーション","construction","建設業","熊本県","丘陵市","1968","1395","大企業","32085","設備工事と施設改修","https://example.invalid/construction/035","エネルギー・運用費を削減したい","拠点運営費が増加しているため、効果を測定できる省エネ・コスト削減策を求めています。","安全管理方針の強化","エネルギー・運用費を削減したい","拠点運営費が増加しているため、効果を測定できる省エネ・コスト削減策を求めています。","コスト削減","高","true","工事管理部","部長","80","false","アプローチ準備中","2026-08-30","true","本データはデモ用途の架空企業です。実在の企業・団体とは関係ありません。"
"FC-00336","株式会社セントラルビルドソリューションズ","株式会社 セントラル ビルド ソリューションズ","construction","建設業","岩手県","未来市","1979","18","小規模","432","建設現場の安全管理","https://example.invalid/construction/036","設備の老朽化と保守負担を減らしたい","既存設備の故障と保守工数が増えており、更新計画と運用改善を一緒に提案できる企業を探しています。","業務提携の締結","設備の老朽化と保守負担を減らしたい","既存設備の故障と保守工数が増えており、更新計画と運用改善を一緒に提案できる企業を探しています。","設備・施設","低","true","工事管理部","課長","97","false","未対応","2026-08-30","true","本データはデモ用途の架空企業です。実在の企業・団体とは関係ありません。"
"FC-00337","合同会社セントラルビルドパートナーズ","合同会社 セントラル ビルド パートナーズ","construction","建設業","群馬県","中央市","1990","269","中小企業","6725","建築・土木工事","https://example.invalid/construction/037","問い合わせと顧客対応を効率化したい","問い合わせ情報が複数部署に分散しており、対応状況を一元管理できる仕組みを探しています。","設備更新予算の増額","問い合わせと顧客対応を効率化したい","問い合わせ情報が複数部署に分散しており、対応状況を一元管理できる仕組みを探しています。","営業・顧客管理","中","true","工事管理部","責任者","69","false","情報収集中","2026-08-30","true","本データはデモ用途の架空企業です。実在の企業・団体とは関係ありません。"
"FC-00338","株式会社セントラルビルドワークス","株式会社 セントラル ビルド ワークス","construction","建設業","石川県","緑市","2001","906","中堅企業","23556","設備工事と施設改修","https://example.invalid/construction/038","採用後の教育と定着を改善したい","人員拡大に対して教育担当者が不足しており、研修の標準化と定着支援を相談したいです。","省エネ投資の開始","採用後の教育と定着を改善したい","人員拡大に対して教育担当者が不足しており、研修の標準化と定着支援を相談したいです。","人材・労務","高","true","工事管理部","企画担当","86","false","アプローチ準備中","2026-08-30","true","本データはデモ用途の架空企業です。実在の企業・団体とは関係ありません。"
"FC-00339","合同会社セントラルビルドグループ","合同会社 セントラル ビルド グループ","construction","建設業","三重県","さくら市","2012","1543","大企業","41661","建設現場の安全管理","https://example.invalid/construction/039","新サービスの販売パートナーを探したい","新サービスの提供地域を広げるため、共同提案や販売連携が可能な企業を探しています。","新サービスの発表","新サービスの販売パートナーを探したい","新サービスの提供地域を広げるため、共同提案や販売連携が可能な企業を探しています。","事業開発","低","true","工事管理部","部長","58","false","未対応","2026-08-30","true","本データはデモ用途の架空企業です。実在の企業・団体とは関係ありません。"
"FC-00340","株式会社セントラルビルドコーポレーション","株式会社 セントラル ビルド コーポレーション","construction","建設業","鳥取県","ひかり市","1955","14","小規模","392","建築・土木工事","https://example.invalid/construction/040","現場の安全管理と品質記録を強化したい","点検記録と事故予防の仕組みを見直しており、導入負担の小さい安全管理提案を受け付けています。","新拠点の開設計画","現場の安全管理と品質記録を強化したい","点検記録と事故予防の仕組みを見直しており、導入負担の小さい安全管理提案を受け付けています。","安全・品質","中","true","工事管理部","課長","75","true","情報収集中","2026-08-30","true","本データはデモ用途の架空企業です。実在の企業・団体とは関係ありません。"
"FC-00341","合同会社エレメントビルドソリューションズ","合同会社 エレメント ビルド ソリューションズ","construction","建設業","愛媛県","あおば市","1966","167","中小企業","4843","設備工事と施設改修","https://example.invalid/construction/041","手作業と紙中心の業務をデジタル化したい","部門間の情報共有が手作業になっているため、現場へ定着しやすい業務システムの提案を募集しています。","人員採用の拡大","手作業と紙中心の業務をデジタル化したい","部門間の情報共有が手作業になっているため、現場へ定着しやすい業務システムの提案を募集しています。","DX・IT","高","true","工事管理部","責任者","92","false","アプローチ準備中","2026-08-30","true","本データはデモ用途の架空企業です。実在の企業・団体とは関係ありません。"
"FC-00342","株式会社エレメントビルドパートナーズ","株式会社 エレメント ビルド パートナーズ","construction","建設業","宮崎県","若葉市","1977","354","中堅企業","3894","建設現場の安全管理","https://example.invalid/construction/042","在庫差異と配送負担を減らしたい","在庫状況の把握に時間がかかっており、入出庫と配送計画を改善する提案を募集しています。","既存施設の改修","在庫差異と配送負担を減らしたい","在庫状況の把握に時間がかかっており、入出庫と配送計画を改善する提案を募集しています。","物流・在庫","低","true","工事管理部","企画担当","64","false","未対応","2026-08-30","true","本データはデモ用途の架空企業です。実在の企業・団体とは関係ありません。"
"FC-00343","合同会社エレメントビルドワークス","合同会社 エレメント ビルド ワークス","construction","建設業","秋田県","豊栄市","1988","1691","大企業","20292","建築・土木工事","https://example.invalid/construction/043","エネルギー・運用費を削減したい","拠点運営費が増加しているため、効果を測定できる省エネ・コスト削減策を求めています。","事業エリアの拡大","エネルギー・運用費を削減したい","拠点運営費が増加しているため、効果を測定できる省エネ・コスト削減策を求めています。","コスト削減","中","true","工事管理部","部長","81","false","情報収集中","2026-08-30","true","本データはデモ用途の架空企業です。実在の企業・団体とは関係ありません。"
"FC-00344","株式会社エレメントビルドグループ","株式会社 エレメント ビルド グループ","construction","建設業","千葉県","清流市","1999","48","小規模","624","設備工事と施設改修","https://example.invalid/construction/044","設備の老朽化と保守負担を減らしたい","既存設備の故障と保守工数が増えており、更新計画と運用改善を一緒に提案できる企業を探しています。","DX推進組織の新設","設備の老朽化と保守負担を減らしたい","既存設備の故障と保守工数が増えており、更新計画と運用改善を一緒に提案できる企業を探しています。","設備・施設","高","true","工事管理部","課長","98","false","アプローチ準備中","2026-08-30","true","本データはデモ用途の架空企業です。実在の企業・団体とは関係ありません。"
"FC-00345","合同会社エレメントビルドコーポレーション","合同会社 エレメント ビルド コーポレーション","construction","建設業","山梨県","旭市","2010","65","中小企業","910","建設現場の安全管理","https://example.invalid/construction/045","問い合わせと顧客対応を効率化したい","問い合わせ情報が複数部署に分散しており、対応状況を一元管理できる仕組みを探しています。","安全管理方針の強化","問い合わせと顧客対応を効率化したい","問い合わせ情報が複数部署に分散しており、対応状況を一元管理できる仕組みを探しています。","営業・顧客管理","低","true","工事管理部","責任者","70","false","未対応","2026-08-30","true","本データはデモ用途の架空企業です。実在の企業・団体とは関係ありません。"
"FC-00346","株式会社クレストビルドソリューションズ","株式会社 クレスト ビルド ソリューションズ","construction","建設業","京都府","みなと市","2021","502","中堅企業","7530","建築・土木工事","https://example.invalid/construction/046","採用後の教育と定着を改善したい","人員拡大に対して教育担当者が不足しており、研修の標準化と定着支援を相談したいです。","業務提携の締結","採用後の教育と定着を改善したい","人員拡大に対して教育担当者が不足しており、研修の標準化と定着支援を相談したいです。","人材・労務","中","true","工事管理部","企画担当","87","false","情報収集中","2026-08-30","true","本データはデモ用途の架空企業です。実在の企業・団体とは関係ありません。"
"FC-00347","合同会社クレストビルドパートナーズ","合同会社 クレスト ビルド パートナーズ","construction","建設業","岡山県","高台市","1964","1839","大企業","29424","設備工事と施設改修","https://example.invalid/construction/047","新サービスの販売パートナーを探したい","新サービスの提供地域を広げるため、共同提案や販売連携が可能な企業を探しています。","設備更新予算の増額","新サービスの販売パートナーを探したい","新サービスの提供地域を広げるため、共同提案や販売連携が可能な企業を探しています。","事業開発","高","true","工事管理部","部長","59","false","アプローチ準備中","2026-08-30","true","本データはデモ用途の架空企業です。実在の企業・団体とは関係ありません。"
"FC-00348","株式会社クレストビルドワークス","株式会社 クレスト ビルド ワークス","construction","建設業","福岡県","新生市","1975","44","小規模","748","建設現場の安全管理","https://example.invalid/construction/048","現場の安全管理と品質記録を強化したい","点検記録と事故予防の仕組みを見直しており、導入負担の小さい安全管理提案を受け付けています。","省エネ投資の開始","現場の安全管理と品質記録を強化したい","点検記録と事故予防の仕組みを見直しており、導入負担の小さい安全管理提案を受け付けています。","安全・品質","低","true","工事管理部","課長","76","false","未対応","2026-08-30","true","本データはデモ用途の架空企業です。実在の企業・団体とは関係ありません。"
"FC-00349","合同会社クレストビルドグループ","合同会社 クレスト ビルド グループ","construction","建設業","沖縄県","平和市","1986","213","中小企業","3834","建築・土木工事","https://example.invalid/construction/049","手作業と紙中心の業務をデジタル化したい","部門間の情報共有が手作業になっているため、現場へ定着しやすい業務システムの提案を募集しています。","新サービスの発表","手作業と紙中心の業務をデジタル化したい","部門間の情報共有が手作業になっているため、現場へ定着しやすい業務システムの提案を募集しています。","DX・IT","中","true","工事管理部","責任者","93","false","情報収集中","2026-08-30","true","本データはデモ用途の架空企業です。実在の企業・団体とは関係ありません。"
"FC-00350","株式会社クレストビルドコーポレーション","株式会社 クレスト ビルド コーポレーション","construction","建設業","福島県","希望市","1997","650","中堅企業","12350","設備工事と施設改修","https://example.invalid/construction/050","在庫差異と配送負担を減らしたい","在庫状況の把握に時間がかかっており、入出庫と配送計画を改善する提案を募集しています。","新拠点の開設計画","在庫差異と配送負担を減らしたい","在庫状況の把握に時間がかかっており、入出庫と配送計画を改善する提案を募集しています。","物流・在庫","高","true","工事管理部","企画担当","65","false","アプローチ準備中","2026-08-30","true","本データはデモ用途の架空企業です。実在の企業・団体とは関係ありません。"
"FC-00351","合同会社シナジービルドソリューションズ","合同会社 シナジー ビルド ソリューションズ","construction","建設業","神奈川県","文化市","2008","1987","大企業","39740","建設現場の安全管理","https://example.invalid/construction/051","エネルギー・運用費を削減したい","拠点運営費が増加しているため、効果を測定できる省エネ・コスト削減策を求めています。","人員採用の拡大","エネルギー・運用費を削減したい","拠点運営費が増加しているため、効果を測定できる省エネ・コスト削減策を求めています。","コスト削減","低","true","工事管理部","部長","82","false","未対応","2026-08-30","true","本データはデモ用途の架空企業です。実在の企業・団体とは関係ありません。"
"FC-00352","株式会社シナジービルドパートナーズ","株式会社 シナジー ビルド パートナーズ","construction","建設業","岐阜県","産業市","2019","40","小規模","840","建築・土木工事","https://example.invalid/construction/052","設備の老朽化と保守負担を減らしたい","既存設備の故障と保守工数が増えており、更新計画と運用改善を一緒に提案できる企業を探しています。","既存施設の改修","設備の老朽化と保守負担を減らしたい","既存設備の故障と保守工数が増えており、更新計画と運用改善を一緒に提案できる企業を探しています。","設備・施設","中","true","工事管理部","課長","99","false","情報収集中","2026-08-30","true","本データはデモ用途の架空企業です。実在の企業・団体とは関係ありません。"
"FC-00353","合同会社シナジービルドワークス","合同会社 シナジー ビルド ワークス","construction","建設業","兵庫県","学園市","1962","111","中小企業","2442","設備工事と施設改修","https://example.invalid/construction/053","問い合わせと顧客対応を効率化したい","問い合わせ情報が複数部署に分散しており、対応状況を一元管理できる仕組みを探しています。","事業エリアの拡大","問い合わせと顧客対応を効率化したい","問い合わせ情報が複数部署に分散しており、対応状況を一元管理できる仕組みを探しています。","営業・顧客管理","高","true","工事管理部","責任者","71","false","アプローチ準備中","2026-08-30","true","本データはデモ用途の架空企業です。実在の企業・団体とは関係ありません。"
"FC-00354","株式会社シナジービルドグループ","株式会社 シナジー ビルド グループ","construction","建設業","山口県","泉市","1973","798","中堅企業","18354","建設現場の安全管理","https://example.invalid/construction/054","採用後の教育と定着を改善したい","人員拡大に対して教育担当者が不足しており、研修の標準化と定着支援を相談したいです。","DX推進組織の新設","採用後の教育と定着を改善したい","人員拡大に対して教育担当者が不足しており、研修の標準化と定着支援を相談したいです。","人材・労務","低","true","工事管理部","企画担当","88","false","未対応","2026-08-30","true","本データはデモ用途の架空企業です。実在の企業・団体とは関係ありません。"
"FC-00355","合同会社シナジービルドコーポレーション","合同会社 シナジー ビルド コーポレーション","construction","建設業","長崎県","丘陵市","1984","2135","大企業","51240","建築・土木工事","https://example.invalid/construction/055","新サービスの販売パートナーを探したい","新サービスの提供地域を広げるため、共同提案や販売連携が可能な企業を探しています。","安全管理方針の強化","新サービスの販売パートナーを探したい","新サービスの提供地域を広げるため、共同提案や販売連携が可能な企業を探しています。","事業開発","中","true","工事管理部","部長","60","false","情報収集中","2026-08-30","true","本データはデモ用途の架空企業です。実在の企業・団体とは関係ありません。"
"FC-00356","株式会社アクセルビルドソリューションズ","株式会社 アクセル ビルド ソリューションズ","construction","建設業","青森県","未来市","1995","36","小規模","900","設備工事と施設改修","https://example.invalid/construction/056","現場の安全管理と品質記録を強化したい","点検記録と事故予防の仕組みを見直しており、導入負担の小さい安全管理提案を受け付けています。","業務提携の締結","現場の安全管理と品質記録を強化したい","点検記録と事故予防の仕組みを見直しており、導入負担の小さい安全管理提案を受け付けています。","安全・品質","高","true","工事管理部","課長","77","false","アプローチ準備中","2026-08-30","true","本データはデモ用途の架空企業です。実在の企業・団体とは関係ありません。"
"FC-00357","合同会社アクセルビルドパートナーズ","合同会社 アクセル ビルド パートナーズ","construction","建設業","栃木県","中央市","2006","259","中小企業","6734","建設現場の安全管理","https://example.invalid/construction/057","手作業と紙中心の業務をデジタル化したい","部門間の情報共有が手作業になっているため、現場へ定着しやすい業務システムの提案を募集しています。","設備更新予算の増額","手作業と紙中心の業務をデジタル化したい","部門間の情報共有が手作業になっているため、現場へ定着しやすい業務システムの提案を募集しています。","DX・IT","低","true","工事管理部","責任者","94","true","未対応","2026-08-30","true","本データはデモ用途の架空企業です。実在の企業・団体とは関係ありません。"
"FC-00358","株式会社アクセルビルドワークス","株式会社 アクセル ビルド ワークス","construction","建設業","富山県","緑市","2017","946","中堅企業","25542","建築・土木工事","https://example.invalid/construction/058","在庫差異と配送負担を減らしたい","在庫状況の把握に時間がかかっており、入出庫と配送計画を改善する提案を募集しています。","省エネ投資の開始","在庫差異と配送負担を減らしたい","在庫状況の把握に時間がかかっており、入出庫と配送計画を改善する提案を募集しています。","物流・在庫","中","true","工事管理部","企画担当","66","false","情報収集中","2026-08-30","true","本データはデモ用途の架空企業です。実在の企業・団体とは関係ありません。"
"FC-00359","合同会社アクセルビルドグループ","合同会社 アクセル ビルド グループ","construction","建設業","愛知県","さくら市","1960","2283","大企業","63924","設備工事と施設改修","https://example.invalid/construction/059","エネルギー・運用費を削減したい","拠点運営費が増加しているため、効果を測定できる省エネ・コスト削減策を求めています。","新サービスの発表","エネルギー・運用費を削減したい","拠点運営費が増加しているため、効果を測定できる省エネ・コスト削減策を求めています。","コスト削減","高","true","工事管理部","部長","83","false","アプローチ準備中","2026-08-30","true","本データはデモ用途の架空企業です。実在の企業・団体とは関係ありません。"
"FC-00360","株式会社アクセルビルドコーポレーション","株式会社 アクセル ビルド コーポレーション","construction","建設業","和歌山県","ひかり市","1971","32","小規模","928","建設現場の安全管理","https://example.invalid/construction/060","設備の老朽化と保守負担を減らしたい","既存設備の故障と保守工数が増えており、更新計画と運用改善を一緒に提案できる企業を探しています。","新拠点の開設計画","設備の老朽化と保守負担を減らしたい","既存設備の故障と保守工数が増えており、更新計画と運用改善を一緒に提案できる企業を探しています。","設備・施設","低","true","工事管理部","課長","55","false","未対応","2026-08-30","true","本データはデモ用途の架空企業です。実在の企業・団体とは関係ありません。"
"FC-00361","合同会社リードビルドソリューションズ","合同会社 リード ビルド ソリューションズ","construction","建設業","香川県","あおば市","1982","157","中小企業","1727","建築・土木工事","https://example.invalid/construction/061","問い合わせと顧客対応を効率化したい","問い合わせ情報が複数部署に分散しており、対応状況を一元管理できる仕組みを探しています。","人員採用の拡大","問い合わせと顧客対応を効率化したい","問い合わせ情報が複数部署に分散しており、対応状況を一元管理できる仕組みを探しています。","営業・顧客管理","中","true","工事管理部","責任者","72","false","情報収集中","2026-08-30","true","本データはデモ用途の架空企業です。実在の企業・団体とは関係ありません。"
"FC-00362","株式会社リードビルドパートナーズ","株式会社 リード ビルド パートナーズ","construction","建設業","大分県","若葉市","1993","394","中堅企業","4728","設備工事と施設改修","https://example.invalid/construction/062","採用後の教育と定着を改善したい","人員拡大に対して教育担当者が不足しており、研修の標準化と定着支援を相談したいです。","既存施設の改修","採用後の教育と定着を改善したい","人員拡大に対して教育担当者が不足しており、研修の標準化と定着支援を相談したいです。","人材・労務","高","true","工事管理部","企画担当","89","false","アプローチ準備中","2026-08-30","true","本データはデモ用途の架空企業です。実在の企業・団体とは関係ありません。"
"FC-00363","合同会社リードビルドワークス","合同会社 リード ビルド ワークス","construction","建設業","宮城県","豊栄市","2004","2431","大企業","31603","建設現場の安全管理","https://example.invalid/construction/063","新サービスの販売パートナーを探したい","新サービスの提供地域を広げるため、共同提案や販売連携が可能な企業を探しています。","事業エリアの拡大","新サービスの販売パートナーを探したい","新サービスの提供地域を広げるため、共同提案や販売連携が可能な企業を探しています。","事業開発","低","true","工事管理部","部長","61","false","未対応","2026-08-30","true","本データはデモ用途の架空企業です。実在の企業・団体とは関係ありません。"
"FC-00364","株式会社リードビルドグループ","株式会社 リード ビルド グループ","construction","建設業","埼玉県","清流市","2015","28","小規模","392","建築・土木工事","https://example.invalid/construction/064","現場の安全管理と品質記録を強化したい","点検記録と事故予防の仕組みを見直しており、導入負担の小さい安全管理提案を受け付けています。","DX推進組織の新設","現場の安全管理と品質記録を強化したい","点検記録と事故予防の仕組みを見直しており、導入負担の小さい安全管理提案を受け付けています。","安全・品質","中","true","工事管理部","課長","78","false","情報収集中","2026-08-30","true","本データはデモ用途の架空企業です。実在の企業・団体とは関係ありません。"
"FC-00365","合同会社リードビルドコーポレーション","合同会社 リード ビルド コーポレーション","construction","建設業","福井県","旭市","1958","55","中小企業","825","設備工事と施設改修","https://example.invalid/construction/065","手作業と紙中心の業務をデジタル化したい","部門間の情報共有が手作業になっているため、現場へ定着しやすい業務システムの提案を募集しています。","安全管理方針の強化","手作業と紙中心の業務をデジタル化したい","部門間の情報共有が手作業になっているため、現場へ定着しやすい業務システムの提案を募集しています。","DX・IT","高","true","工事管理部","責任者","95","false","アプローチ準備中","2026-08-30","true","本データはデモ用途の架空企業です。実在の企業・団体とは関係ありません。"
"FC-00366","株式会社ハーモニービルドソリューションズ","株式会社 ハーモニー ビルド ソリューションズ","construction","建設業","滋賀県","みなと市","1969","542","中堅企業","8672","建設現場の安全管理","https://example.invalid/construction/066","在庫差異と配送負担を減らしたい","在庫状況の把握に時間がかかっており、入出庫と配送計画を改善する提案を募集しています。","業務提携の締結","在庫差異と配送負担を減らしたい","在庫状況の把握に時間がかかっており、入出庫と配送計画を改善する提案を募集しています。","物流・在庫","低","true","工事管理部","企画担当","67","false","未対応","2026-08-30","true","本データはデモ用途の架空企業です。実在の企業・団体とは関係ありません。"
"FC-00367","合同会社ハーモニービルドパートナーズ","合同会社 ハーモニー ビルド パートナーズ","construction","建設業","島根県","高台市","1980","2579","大企業","43843","建築・土木工事","https://example.invalid/construction/067","エネルギー・運用費を削減したい","拠点運営費が増加しているため、効果を測定できる省エネ・コスト削減策を求めています。","設備更新予算の増額","エネルギー・運用費を削減したい","拠点運営費が増加しているため、効果を測定できる省エネ・コスト削減策を求めています。","コスト削減","中","true","工事管理部","部長","84","false","情報収集中","2026-08-30","true","本データはデモ用途の架空企業です。実在の企業・団体とは関係ありません。"
"FC-00368","株式会社ハーモニービルドワークス","株式会社 ハーモニー ビルド ワークス","construction","建設業","高知県","新生市","1991","24","小規模","432","設備工事と施設改修","https://example.invalid/construction/068","設備の老朽化と保守負担を減らしたい","既存設備の故障と保守工数が増えており、更新計画と運用改善を一緒に提案できる企業を探しています。","省エネ投資の開始","設備の老朽化と保守負担を減らしたい","既存設備の故障と保守工数が増えており、更新計画と運用改善を一緒に提案できる企業を探しています。","設備・施設","高","true","工事管理部","課長","56","false","アプローチ準備中","2026-08-30","true","本データはデモ用途の架空企業です。実在の企業・団体とは関係ありません。"
"FC-00369","合同会社ハーモニービルドグループ","合同会社 ハーモニー ビルド グループ","construction","建設業","鹿児島県","平和市","2002","203","中小企業","3857","建設現場の安全管理","https://example.invalid/construction/069","問い合わせと顧客対応を効率化したい","問い合わせ情報が複数部署に分散しており、対応状況を一元管理できる仕組みを探しています。","新サービスの発表","問い合わせと顧客対応を効率化したい","問い合わせ情報が複数部署に分散しており、対応状況を一元管理できる仕組みを探しています。","営業・顧客管理","低","true","工事管理部","責任者","73","false","未対応","2026-08-30","true","本データはデモ用途の架空企業です。実在の企業・団体とは関係ありません。"
"FC-00370","株式会社ハーモニービルドコーポレーション","株式会社 ハーモニー ビルド コーポレーション","construction","建設業","山形県","希望市","2013","690","中堅企業","13800","建築・土木工事","https://example.invalid/construction/070","採用後の教育と定着を改善したい","人員拡大に対して教育担当者が不足しており、研修の標準化と定着支援を相談したいです。","新拠点の開設計画","採用後の教育と定着を改善したい","人員拡大に対して教育担当者が不足しており、研修の標準化と定着支援を相談したいです。","人材・労務","中","true","工事管理部","企画担当","90","false","情報収集中","2026-08-30","true","本データはデモ用途の架空企業です。実在の企業・団体とは関係ありません。"
"FC-00371","合同会社ブリッジビルドソリューションズ","合同会社 ブリッジ ビルド ソリューションズ","construction","建設業","東京都","文化市","1956","2727","大企業","57267","設備工事と施設改修","https://example.invalid/construction/071","新サービスの販売パートナーを探したい","新サービスの提供地域を広げるため、共同提案や販売連携が可能な企業を探しています。","人員採用の拡大","新サービスの販売パートナーを探したい","新サービスの提供地域を広げるため、共同提案や販売連携が可能な企業を探しています。","事業開発","高","true","工事管理部","部長","62","false","アプローチ準備中","2026-08-30","true","本データはデモ用途の架空企業です。実在の企業・団体とは関係ありません。"
"FC-00372","株式会社ブリッジビルドパートナーズ","株式会社 ブリッジ ビルド パートナーズ","construction","建設業","長野県","産業市","1967","20","小規模","440","建設現場の安全管理","https://example.invalid/construction/072","現場の安全管理と品質記録を強化したい","点検記録と事故予防の仕組みを見直しており、導入負担の小さい安全管理提案を受け付けています。","既存施設の改修","現場の安全管理と品質記録を強化したい","点検記録と事故予防の仕組みを見直しており、導入負担の小さい安全管理提案を受け付けています。","安全・品質","低","true","工事管理部","課長","79","false","未対応","2026-08-30","true","本データはデモ用途の架空企業です。実在の企業・団体とは関係ありません。"
"FC-00373","合同会社ブリッジビルドワークス","合同会社 ブリッジ ビルド ワークス","construction","建設業","大阪府","学園市","1978","101","中小企業","2323","建築・土木工事","https://example.invalid/construction/073","手作業と紙中心の業務をデジタル化したい","部門間の情報共有が手作業になっているため、現場へ定着しやすい業務システムの提案を募集しています。","事業エリアの拡大","手作業と紙中心の業務をデジタル化したい","部門間の情報共有が手作業になっているため、現場へ定着しやすい業務システムの提案を募集しています。","DX・IT","中","true","工事管理部","責任者","96","false","情報収集中","2026-08-30","true","本データはデモ用途の架空企業です。実在の企業・団体とは関係ありません。"
"FC-00374","株式会社ブリッジビルドグループ","株式会社 ブリッジ ビルド グループ","construction","建設業","広島県","泉市","1989","838","中堅企業","20112","設備工事と施設改修","https://example.invalid/construction/074","在庫差異と配送負担を減らしたい","在庫状況の把握に時間がかかっており、入出庫と配送計画を改善する提案を募集しています。","DX推進組織の新設","在庫差異と配送負担を減らしたい","在庫状況の把握に時間がかかっており、入出庫と配送計画を改善する提案を募集しています。","物流・在庫","高","true","工事管理部","企画担当","68","true","アプローチ準備中","2026-08-30","true","本データはデモ用途の架空企業です。実在の企業・団体とは関係ありません。"
"FC-00375","合同会社ブリッジビルドコーポレーション","合同会社 ブリッジ ビルド コーポレーション","construction","建設業","佐賀県","丘陵市","2000","2875","大企業","71875","建設現場の安全管理","https://example.invalid/construction/075","エネルギー・運用費を削減したい","拠点運営費が増加しているため、効果を測定できる省エネ・コスト削減策を求めています。","安全管理方針の強化","エネルギー・運用費を削減したい","拠点運営費が増加しているため、効果を測定できる省エネ・コスト削減策を求めています。","コスト削減","低","true","工事管理部","部長","85","false","未対応","2026-08-30","true","本データはデモ用途の架空企業です。実在の企業・団体とは関係ありません。"
"FC-00376","株式会社フォーカスビルドソリューションズ","株式会社 フォーカス ビルド ソリューションズ","construction","建設業","北海道","未来市","2011","16","小規模","416","建築・土木工事","https://example.invalid/construction/076","設備の老朽化と保守負担を減らしたい","既存設備の故障と保守工数が増えており、更新計画と運用改善を一緒に提案できる企業を探しています。","業務提携の締結","設備の老朽化と保守負担を減らしたい","既存設備の故障と保守工数が増えており、更新計画と運用改善を一緒に提案できる企業を探しています。","設備・施設","中","true","工事管理部","課長","57","false","情報収集中","2026-08-30","true","本データはデモ用途の架空企業です。実在の企業・団体とは関係ありません。"
"FC-00377","合同会社フォーカスビルドパートナーズ","合同会社 フォーカス ビルド パートナーズ","construction","建設業","茨城県","中央市","2022","249","中小企業","6723","設備工事と施設改修","https://example.invalid/construction/077","問い合わせと顧客対応を効率化したい","問い合わせ情報が複数部署に分散しており、対応状況を一元管理できる仕組みを探しています。","設備更新予算の増額","問い合わせと顧客対応を効率化したい","問い合わせ情報が複数部署に分散しており、対応状況を一元管理できる仕組みを探しています。","営業・顧客管理","高","true","工事管理部","責任者","74","false","アプローチ準備中","2026-08-30","true","本データはデモ用途の架空企業です。実在の企業・団体とは関係ありません。"
"FC-00378","株式会社フォーカスビルドワークス","株式会社 フォーカス ビルド ワークス","construction","建設業","新潟県","緑市","1965","986","中堅企業","27608","建設現場の安全管理","https://example.invalid/construction/078","採用後の教育と定着を改善したい","人員拡大に対して教育担当者が不足しており、研修の標準化と定着支援を相談したいです。","省エネ投資の開始","採用後の教育と定着を改善したい","人員拡大に対して教育担当者が不足しており、研修の標準化と定着支援を相談したいです。","人材・労務","低","true","工事管理部","企画担当","91","false","未対応","2026-08-30","true","本データはデモ用途の架空企業です。実在の企業・団体とは関係ありません。"
"FC-00379","合同会社フォーカスビルドグループ","合同会社 フォーカス ビルド グループ","construction","建設業","静岡県","さくら市","1976","3023","大企業","87667","建築・土木工事","https://example.invalid/construction/079","新サービスの販売パートナーを探したい","新サービスの提供地域を広げるため、共同提案や販売連携が可能な企業を探しています。","新サービスの発表","新サービスの販売パートナーを探したい","新サービスの提供地域を広げるため、共同提案や販売連携が可能な企業を探しています。","事業開発","中","true","工事管理部","部長","63","false","情報収集中","2026-08-30","true","本データはデモ用途の架空企業です。実在の企業・団体とは関係ありません。"
"FC-00380","株式会社フォーカスビルドコーポレーション","株式会社 フォーカス ビルド コーポレーション","construction","建設業","奈良県","ひかり市","1987","12","小規模","132","設備工事と施設改修","https://example.invalid/construction/080","現場の安全管理と品質記録を強化したい","点検記録と事故予防の仕組みを見直しており、導入負担の小さい安全管理提案を受け付けています。","新拠点の開設計画","現場の安全管理と品質記録を強化したい","点検記録と事故予防の仕組みを見直しており、導入負担の小さい安全管理提案を受け付けています。","安全・品質","高","true","工事管理部","課長","80","false","アプローチ準備中","2026-08-30","true","本データはデモ用途の架空企業です。実在の企業・団体とは関係ありません。"
"FC-00381","合同会社ビジョンビルドソリューションズ","合同会社 ビジョン ビルド ソリューションズ","construction","建設業","徳島県","あおば市","1998","147","中小企業","1764","建設現場の安全管理","https://example.invalid/construction/081","手作業と紙中心の業務をデジタル化したい","部門間の情報共有が手作業になっているため、現場へ定着しやすい業務システムの提案を募集しています。","人員採用の拡大","手作業と紙中心の業務をデジタル化したい","部門間の情報共有が手作業になっているため、現場へ定着しやすい業務システムの提案を募集しています。","DX・IT","低","true","工事管理部","責任者","97","false","未対応","2026-08-30","true","本データはデモ用途の架空企業です。実在の企業・団体とは関係ありません。"
"FC-00382","株式会社ビジョンビルドパートナーズ","株式会社 ビジョン ビルド パートナーズ","construction","建設業","熊本県","若葉市","2009","434","中堅企業","5642","建築・土木工事","https://example.invalid/construction/082","在庫差異と配送負担を減らしたい","在庫状況の把握に時間がかかっており、入出庫と配送計画を改善する提案を募集しています。","既存施設の改修","在庫差異と配送負担を減らしたい","在庫状況の把握に時間がかかっており、入出庫と配送計画を改善する提案を募集しています。","物流・在庫","中","true","工事管理部","企画担当","69","false","情報収集中","2026-08-30","true","本データはデモ用途の架空企業です。実在の企業・団体とは関係ありません。"
"FC-00383","合同会社ビジョンビルドワークス","合同会社 ビジョン ビルド ワークス","construction","建設業","岩手県","豊栄市","2020","3171","大企業","44394","設備工事と施設改修","https://example.invalid/construction/083","エネルギー・運用費を削減したい","拠点運営費が増加しているため、効果を測定できる省エネ・コスト削減策を求めています。","事業エリアの拡大","エネルギー・運用費を削減したい","拠点運営費が増加しているため、効果を測定できる省エネ・コスト削減策を求めています。","コスト削減","高","true","工事管理部","部長","86","false","アプローチ準備中","2026-08-30","true","本データはデモ用途の架空企業です。実在の企業・団体とは関係ありません。"
"FC-00384","株式会社ビジョンビルドグループ","株式会社 ビジョン ビルド グループ","construction","建設業","群馬県","清流市","1963","46","小規模","690","建設現場の安全管理","https://example.invalid/construction/084","設備の老朽化と保守負担を減らしたい","既存設備の故障と保守工数が増えており、更新計画と運用改善を一緒に提案できる企業を探しています。","DX推進組織の新設","設備の老朽化と保守負担を減らしたい","既存設備の故障と保守工数が増えており、更新計画と運用改善を一緒に提案できる企業を探しています。","設備・施設","低","true","工事管理部","課長","58","false","未対応","2026-08-30","true","本データはデモ用途の架空企業です。実在の企業・団体とは関係ありません。"
"FC-00385","合同会社ビジョンビルドコーポレーション","合同会社 ビジョン ビルド コーポレーション","construction","建設業","石川県","旭市","1974","295","中小企業","4720","建築・土木工事","https://example.invalid/construction/085","問い合わせと顧客対応を効率化したい","問い合わせ情報が複数部署に分散しており、対応状況を一元管理できる仕組みを探しています。","安全管理方針の強化","問い合わせと顧客対応を効率化したい","問い合わせ情報が複数部署に分散しており、対応状況を一元管理できる仕組みを探しています。","営業・顧客管理","中","true","工事管理部","責任者","75","false","情報収集中","2026-08-30","true","本データはデモ用途の架空企業です。実在の企業・団体とは関係ありません。"
"FC-00386","株式会社コアビルドソリューションズ","株式会社 コア ビルド ソリューションズ","construction","建設業","三重県","みなと市","1985","582","中堅企業","9894","設備工事と施設改修","https://example.invalid/construction/086","採用後の教育と定着を改善したい","人員拡大に対して教育担当者が不足しており、研修の標準化と定着支援を相談したいです。","業務提携の締結","採用後の教育と定着を改善したい","人員拡大に対して教育担当者が不足しており、研修の標準化と定着支援を相談したいです。","人材・労務","高","true","工事管理部","企画担当","92","false","アプローチ準備中","2026-08-30","true","本データはデモ用途の架空企業です。実在の企業・団体とは関係ありません。"
"FC-00387","合同会社コアビルドパートナーズ","合同会社 コア ビルド パートナーズ","construction","建設業","鳥取県","高台市","1996","3319","大企業","59742","建設現場の安全管理","https://example.invalid/construction/087","新サービスの販売パートナーを探したい","新サービスの提供地域を広げるため、共同提案や販売連携が可能な企業を探しています。","設備更新予算の増額","新サービスの販売パートナーを探したい","新サービスの提供地域を広げるため、共同提案や販売連携が可能な企業を探しています。","事業開発","低","true","工事管理部","部長","64","false","未対応","2026-08-30","true","本データはデモ用途の架空企業です。実在の企業・団体とは関係ありません。"
"FC-00388","株式会社コアビルドワークス","株式会社 コア ビルド ワークス","construction","建設業","愛媛県","新生市","2007","42","小規模","798","建築・土木工事","https://example.invalid/construction/088","現場の安全管理と品質記録を強化したい","点検記録と事故予防の仕組みを見直しており、導入負担の小さい安全管理提案を受け付けています。","省エネ投資の開始","現場の安全管理と品質記録を強化したい","点検記録と事故予防の仕組みを見直しており、導入負担の小さい安全管理提案を受け付けています。","安全・品質","中","true","工事管理部","課長","81","false","情報収集中","2026-08-30","true","本データはデモ用途の架空企業です。実在の企業・団体とは関係ありません。"
"FC-00389","合同会社コアビルドグループ","合同会社 コア ビルド グループ","construction","建設業","宮崎県","平和市","2018","193","中小企業","3860","設備工事と施設改修","https://example.invalid/construction/089","手作業と紙中心の業務をデジタル化したい","部門間の情報共有が手作業になっているため、現場へ定着しやすい業務システムの提案を募集しています。","新サービスの発表","手作業と紙中心の業務をデジタル化したい","部門間の情報共有が手作業になっているため、現場へ定着しやすい業務システムの提案を募集しています。","DX・IT","高","true","工事管理部","責任者","98","false","アプローチ準備中","2026-08-30","true","本データはデモ用途の架空企業です。実在の企業・団体とは関係ありません。"
"FC-00390","株式会社コアビルドコーポレーション","株式会社 コア ビルド コーポレーション","construction","建設業","秋田県","希望市","1961","730","中堅企業","15330","建設現場の安全管理","https://example.invalid/construction/090","在庫差異と配送負担を減らしたい","在庫状況の把握に時間がかかっており、入出庫と配送計画を改善する提案を募集しています。","新拠点の開設計画","在庫差異と配送負担を減らしたい","在庫状況の把握に時間がかかっており、入出庫と配送計画を改善する提案を募集しています。","物流・在庫","低","true","工事管理部","企画担当","70","false","未対応","2026-08-30","true","本データはデモ用途の架空企業です。実在の企業・団体とは関係ありません。"
"FC-00391","合同会社アドバンスビルドソリューションズ","合同会社 アドバンス ビルド ソリューションズ","construction","建設業","千葉県","文化市","1972","3467","大企業","76274","建築・土木工事","https://example.invalid/construction/091","エネルギー・運用費を削減したい","拠点運営費が増加しているため、効果を測定できる省エネ・コスト削減策を求めています。","人員採用の拡大","エネルギー・運用費を削減したい","拠点運営費が増加しているため、効果を測定できる省エネ・コスト削減策を求めています。","コスト削減","中","true","工事管理部","部長","87","true","情報収集中","2026-08-30","true","本データはデモ用途の架空企業です。実在の企業・団体とは関係ありません。"
"FC-00392","株式会社アドバンスビルドパートナーズ","株式会社 アドバンス ビルド パートナーズ","construction","建設業","山梨県","産業市","1983","38","小規模","874","設備工事と施設改修","https://example.invalid/construction/092","設備の老朽化と保守負担を減らしたい","既存設備の故障と保守工数が増えており、更新計画と運用改善を一緒に提案できる企業を探しています。","既存施設の改修","設備の老朽化と保守負担を減らしたい","既存設備の故障と保守工数が増えており、更新計画と運用改善を一緒に提案できる企業を探しています。","設備・施設","高","true","工事管理部","課長","59","false","アプローチ準備中","2026-08-30","true","本データはデモ用途の架空企業です。実在の企業・団体とは関係ありません。"
"FC-00393","合同会社アドバンスビルドワークス","合同会社 アドバンス ビルド ワークス","construction","建設業","京都府","学園市","1994","91","中小企業","2184","建設現場の安全管理","https://example.invalid/construction/093","問い合わせと顧客対応を効率化したい","問い合わせ情報が複数部署に分散しており、対応状況を一元管理できる仕組みを探しています。","事業エリアの拡大","問い合わせと顧客対応を効率化したい","問い合わせ情報が複数部署に分散しており、対応状況を一元管理できる仕組みを探しています。","営業・顧客管理","低","true","工事管理部","責任者","76","false","未対応","2026-08-30","true","本データはデモ用途の架空企業です。実在の企業・団体とは関係ありません。"
"FC-00394","株式会社アドバンスビルドグループ","株式会社 アドバンス ビルド グループ","construction","建設業","岡山県","泉市","2005","878","中堅企業","21950","建築・土木工事","https://example.invalid/construction/094","採用後の教育と定着を改善したい","人員拡大に対して教育担当者が不足しており、研修の標準化と定着支援を相談したいです。","DX推進組織の新設","採用後の教育と定着を改善したい","人員拡大に対して教育担当者が不足しており、研修の標準化と定着支援を相談したいです。","人材・労務","中","true","工事管理部","企画担当","93","false","情報収集中","2026-08-30","true","本データはデモ用途の架空企業です。実在の企業・団体とは関係ありません。"
"FC-00395","合同会社アドバンスビルドコーポレーション","合同会社 アドバンス ビルド コーポレーション","construction","建設業","福岡県","丘陵市","2016","3615","大企業","93990","設備工事と施設改修","https://example.invalid/construction/095","新サービスの販売パートナーを探したい","新サービスの提供地域を広げるため、共同提案や販売連携が可能な企業を探しています。","安全管理方針の強化","新サービスの販売パートナーを探したい","新サービスの提供地域を広げるため、共同提案や販売連携が可能な企業を探しています。","事業開発","高","true","工事管理部","部長","65","false","アプローチ準備中","2026-08-30","true","本データはデモ用途の架空企業です。実在の企業・団体とは関係ありません。"
"FC-00396","株式会社インテグラビルドソリューションズ","株式会社 インテグラ ビルド ソリューションズ","construction","建設業","沖縄県","未来市","1959","34","小規模","918","建設現場の安全管理","https://example.invalid/construction/096","現場の安全管理と品質記録を強化したい","点検記録と事故予防の仕組みを見直しており、導入負担の小さい安全管理提案を受け付けています。","業務提携の締結","現場の安全管理と品質記録を強化したい","点検記録と事故予防の仕組みを見直しており、導入負担の小さい安全管理提案を受け付けています。","安全・品質","低","true","工事管理部","課長","82","false","未対応","2026-08-30","true","本データはデモ用途の架空企業です。実在の企業・団体とは関係ありません。"
"FC-00397","合同会社インテグラビルドパートナーズ","合同会社 インテグラ ビルド パートナーズ","construction","建設業","福島県","中央市","1970","239","中小企業","6692","建築・土木工事","https://example.invalid/construction/097","手作業と紙中心の業務をデジタル化したい","部門間の情報共有が手作業になっているため、現場へ定着しやすい業務システムの提案を募集しています。","設備更新予算の増額","手作業と紙中心の業務をデジタル化したい","部門間の情報共有が手作業になっているため、現場へ定着しやすい業務システムの提案を募集しています。","DX・IT","中","true","工事管理部","責任者","99","false","情報収集中","2026-08-30","true","本データはデモ用途の架空企業です。実在の企業・団体とは関係ありません。"
"FC-00398","株式会社インテグラビルドワークス","株式会社 インテグラ ビルド ワークス","construction","建設業","神奈川県","緑市","1981","326","中堅企業","9454","設備工事と施設改修","https://example.invalid/construction/098","在庫差異と配送負担を減らしたい","在庫状況の把握に時間がかかっており、入出庫と配送計画を改善する提案を募集しています。","省エネ投資の開始","在庫差異と配送負担を減らしたい","在庫状況の把握に時間がかかっており、入出庫と配送計画を改善する提案を募集しています。","物流・在庫","高","true","工事管理部","企画担当","71","false","アプローチ準備中","2026-08-30","true","本データはデモ用途の架空企業です。実在の企業・団体とは関係ありません。"
"FC-00399","合同会社インテグラビルドグループ","合同会社 インテグラ ビルド グループ","construction","建設業","岐阜県","さくら市","1992","3763","大企業","41393","建設現場の安全管理","https://example.invalid/construction/099","エネルギー・運用費を削減したい","拠点運営費が増加しているため、効果を測定できる省エネ・コスト削減策を求めています。","新サービスの発表","エネルギー・運用費を削減したい","拠点運営費が増加しているため、効果を測定できる省エネ・コスト削減策を求めています。","コスト削減","低","true","工事管理部","部長","88","false","未対応","2026-08-30","true","本データはデモ用途の架空企業です。実在の企業・団体とは関係ありません。"
"FC-00400","株式会社インテグラビルドコーポレーション","株式会社 インテグラ ビルド コーポレーション","construction","建設業","兵庫県","ひかり市","2003","30","小規模","360","建築・土木工事","https://example.invalid/construction/100","設備の老朽化と保守負担を減らしたい","既存設備の故障と保守工数が増えており、更新計画と運用改善を一緒に提案できる企業を探しています。","新拠点の開設計画","設備の老朽化と保守負担を減らしたい","既存設備の故障と保守工数が増えており、更新計画と運用改善を一緒に提案できる企業を探しています。","設備・施設","中","true","工事管理部","課長","60","false","情報収集中","2026-08-30","true","本データはデモ用途の架空企業です。実在の企業・団体とは関係ありません。"
"FC-00401","合同会社アークインダストリーソリューションズ","合同会社 アーク インダストリー ソリューションズ","manufacturing","製造業","山口県","あおば市","2014","137","中小企業","1781","産業機器の製造","https://example.invalid/manufacturing/001","問い合わせと顧客対応を効率化したい","問い合わせ情報が複数部署に分散しており、対応状況を一元管理できる仕組みを探しています。","人員採用の拡大","問い合わせと顧客対応を効率化したい","問い合わせ情報が複数部署に分散しており、対応状況を一元管理できる仕組みを探しています。","営業・顧客管理","高","true","生産技術部","責任者","77","false","アプローチ準備中","2026-08-30","true","本データはデモ用途の架空企業です。実在の企業・団体とは関係ありません。"
"FC-00402","株式会社アークインダストリーパートナーズ","株式会社 アーク インダストリー パートナーズ","manufacturing","製造業","長崎県","若葉市","1957","474","中堅企業","6636","精密部品の加工・組立","https://example.invalid/manufacturing/002","採用後の教育と定着を改善したい","人員拡大に対して教育担当者が不足しており、研修の標準化と定着支援を相談したいです。","既存施設の改修","採用後の教育と定着を改善したい","人員拡大に対して教育担当者が不足しており、研修の標準化と定着支援を相談したいです。","人材・労務","低","true","生産技術部","企画担当","94","false","未対応","2026-08-30","true","本データはデモ用途の架空企業です。実在の企業・団体とは関係ありません。"
"FC-00403","合同会社アークインダストリーワークス","合同会社 アーク インダストリー ワークス","manufacturing","製造業","青森県","豊栄市","1968","3911","大企業","58665","工場自動化設備の開発","https://example.invalid/manufacturing/003","新サービスの販売パートナーを探したい","新サービスの提供地域を広げるため、共同提案や販売連携が可能な企業を探しています。","事業エリアの拡大","新サービスの販売パートナーを探したい","新サービスの提供地域を広げるため、共同提案や販売連携が可能な企業を探しています。","事業開発","中","true","生産技術部","部長","66","false","情報収集中","2026-08-30","true","本データはデモ用途の架空企業です。実在の企業・団体とは関係ありません。"
"FC-00404","株式会社アークインダストリーグループ","株式会社 アーク インダストリー グループ","manufacturing","製造業","栃木県","清流市","1979","26","小規模","416","産業機器の製造","https://example.invalid/manufacturing/004","現場の安全管理と品質記録を強化したい","点検記録と事故予防の仕組みを見直しており、導入負担の小さい安全管理提案を受け付けています。","DX推進組織の新設","現場の安全管理と品質記録を強化したい","点検記録と事故予防の仕組みを見直しており、導入負担の小さい安全管理提案を受け付けています。","安全・品質","高","true","生産技術部","課長","83","false","アプローチ準備中","2026-08-30","true","本データはデモ用途の架空企業です。実在の企業・団体とは関係ありません。"
"FC-00405","合同会社アークインダストリーコーポレーション","合同会社 アーク インダストリー コーポレーション","manufacturing","製造業","富山県","旭市","1990","285","中小企業","4845","精密部品の加工・組立","https://example.invalid/manufacturing/005","手作業と紙中心の業務をデジタル化したい","部門間の情報共有が手作業になっているため、現場へ定着しやすい業務システムの提案を募集しています。","安全管理方針の強化","手作業と紙中心の業務をデジタル化したい","部門間の情報共有が手作業になっているため、現場へ定着しやすい業務システムの提案を募集しています。","DX・IT","低","true","生産技術部","責任者","55","false","未対応","2026-08-30","true","本データはデモ用途の架空企業です。実在の企業・団体とは関係ありません。"
"FC-00406","株式会社ネクサスインダストリーソリューションズ","株式会社 ネクサス インダストリー ソリューションズ","manufacturing","製造業","愛知県","みなと市","2001","622","中堅企業","11196","工場自動化設備の開発","https://example.invalid/manufacturing/006","在庫差異と配送負担を減らしたい","在庫状況の把握に時間がかかっており、入出庫と配送計画を改善する提案を募集しています。","業務提携の締結","在庫差異と配送負担を減らしたい","在庫状況の把握に時間がかかっており、入出庫と配送計画を改善する提案を募集しています。","物流・在庫","中","true","生産技術部","企画担当","72","false","情報収集中","2026-08-30","true","本データはデモ用途の架空企業です。実在の企業・団体とは関係ありません。"
"FC-00407","合同会社ネクサスインダストリーパートナーズ","合同会社 ネクサス インダストリー パートナーズ","manufacturing","製造業","和歌山県","高台市","2012","4059","大企業","77121","産業機器の製造","https://example.invalid/manufacturing/007","エネルギー・運用費を削減したい","拠点運営費が増加しているため、効果を測定できる省エネ・コスト削減策を求めています。","設備更新予算の増額","エネルギー・運用費を削減したい","拠点運営費が増加しているため、効果を測定できる省エネ・コスト削減策を求めています。","コスト削減","高","true","生産技術部","部長","89","false","アプローチ準備中","2026-08-30","true","本データはデモ用途の架空企業です。実在の企業・団体とは関係ありません。"
"FC-00408","株式会社ネクサスインダストリーワークス","株式会社 ネクサス インダストリー ワークス","manufacturing","製造業","香川県","新生市","1955","22","小規模","440","精密部品の加工・組立","https://example.invalid/manufacturing/008","設備の老朽化と保守負担を減らしたい","既存設備の故障と保守工数が増えており、更新計画と運用改善を一緒に提案できる企業を探しています。","省エネ投資の開始","設備の老朽化と保守負担を減らしたい","既存設備の故障と保守工数が増えており、更新計画と運用改善を一緒に提案できる企業を探しています。","設備・施設","低","true","生産技術部","課長","61","true","未対応","2026-08-30","true","本データはデモ用途の架空企業です。実在の企業・団体とは関係ありません。"
"FC-00409","合同会社ネクサスインダストリーグループ","合同会社 ネクサス インダストリー グループ","manufacturing","製造業","大分県","平和市","1966","183","中小企業","3843","工場自動化設備の開発","https://example.invalid/manufacturing/009","問い合わせと顧客対応を効率化したい","問い合わせ情報が複数部署に分散しており、対応状況を一元管理できる仕組みを探しています。","新サービスの発表","問い合わせと顧客対応を効率化したい","問い合わせ情報が複数部署に分散しており、対応状況を一元管理できる仕組みを探しています。","営業・顧客管理","中","true","生産技術部","責任者","78","false","情報収集中","2026-08-30","true","本データはデモ用途の架空企業です。実在の企業・団体とは関係ありません。"
"FC-00410","株式会社ネクサスインダストリーコーポレーション","株式会社 ネクサス インダストリー コーポレーション","manufacturing","製造業","宮城県","希望市","1977","770","中堅企業","16940","産業機器の製造","https://example.invalid/manufacturing/010","採用後の教育と定着を改善したい","人員拡大に対して教育担当者が不足しており、研修の標準化と定着支援を相談したいです。","新拠点の開設計画","採用後の教育と定着を改善したい","人員拡大に対して教育担当者が不足しており、研修の標準化と定着支援を相談したいです。","人材・労務","高","true","生産技術部","企画担当","95","false","アプローチ準備中","2026-08-30","true","本データはデモ用途の架空企業です。実在の企業・団体とは関係ありません。"
"FC-00411","合同会社プライムインダストリーソリューションズ","合同会社 プライム インダストリー ソリューションズ","manufacturing","製造業","埼玉県","文化市","1988","4207","大企業","96761","精密部品の加工・組立","https://example.invalid/manufacturing/011","新サービスの販売パートナーを探したい","新サービスの提供地域を広げるため、共同提案や販売連携が可能な企業を探しています。","人員採用の拡大","新サービスの販売パートナーを探したい","新サービスの提供地域を広げるため、共同提案や販売連携が可能な企業を探しています。","事業開発","低","true","生産技術部","部長","67","false","未対応","2026-08-30","true","本データはデモ用途の架空企業です。実在の企業・団体とは関係ありません。"
"FC-00412","株式会社プライムインダストリーパートナーズ","株式会社 プライム インダストリー パートナーズ","manufacturing","製造業","福井県","産業市","1999","18","小規模","432","工場自動化設備の開発","https://example.invalid/manufacturing/012","現場の安全管理と品質記録を強化したい","点検記録と事故予防の仕組みを見直しており、導入負担の小さい安全管理提案を受け付けています。","既存施設の改修","現場の安全管理と品質記録を強化したい","点検記録と事故予防の仕組みを見直しており、導入負担の小さい安全管理提案を受け付けています。","安全・品質","中","true","生産技術部","課長","84","false","情報収集中","2026-08-30","true","本データはデモ用途の架空企業です。実在の企業・団体とは関係ありません。"
"FC-00413","合同会社プライムインダストリーワークス","合同会社 プライム インダストリー ワークス","manufacturing","製造業","滋賀県","学園市","2010","81","中小企業","2025","産業機器の製造","https://example.invalid/manufacturing/013","手作業と紙中心の業務をデジタル化したい","部門間の情報共有が手作業になっているため、現場へ定着しやすい業務システムの提案を募集しています。","事業エリアの拡大","手作業と紙中心の業務をデジタル化したい","部門間の情報共有が手作業になっているため、現場へ定着しやすい業務システムの提案を募集しています。","DX・IT","高","true","生産技術部","責任者","56","false","アプローチ準備中","2026-08-30","true","本データはデモ用途の架空企業です。実在の企業・団体とは関係ありません。"
"FC-00414","株式会社プライムインダストリーグループ","株式会社 プライム インダストリー グループ","manufacturing","製造業","島根県","泉市","2021","918","中堅企業","23868","精密部品の加工・組立","https://example.invalid/manufacturing/014","在庫差異と配送負担を減らしたい","在庫状況の把握に時間がかかっており、入出庫と配送計画を改善する提案を募集しています。","DX推進組織の新設","在庫差異と配送負担を減らしたい","在庫状況の把握に時間がかかっており、入出庫と配送計画を改善する提案を募集しています。","物流・在庫","低","true","生産技術部","企画担当","73","false","未対応","2026-08-30","true","本データはデモ用途の架空企業です。実在の企業・団体とは関係ありません。"
"FC-00415","合同会社プライムインダストリーコーポレーション","合同会社 プライム インダストリー コーポレーション","manufacturing","製造業","高知県","丘陵市","1964","4355","大企業","117585","工場自動化設備の開発","https://example.invalid/manufacturing/015","エネルギー・運用費を削減したい","拠点運営費が増加しているため、効果を測定できる省エネ・コスト削減策を求めています。","安全管理方針の強化","エネルギー・運用費を削減したい","拠点運営費が増加しているため、効果を測定できる省エネ・コスト削減策を求めています。","コスト削減","中","true","生産技術部","部長","90","false","情報収集中","2026-08-30","true","本データはデモ用途の架空企業です。実在の企業・団体とは関係ありません。"
"FC-00416","株式会社オルビスインダストリーソリューションズ","株式会社 オルビス インダストリー ソリューションズ","manufacturing","製造業","鹿児島県","未来市","1975","14","小規模","392","産業機器の製造","https://example.invalid/manufacturing/016","設備の老朽化と保守負担を減らしたい","既存設備の故障と保守工数が増えており、更新計画と運用改善を一緒に提案できる企業を探しています。","業務提携の締結","設備の老朽化と保守負担を減らしたい","既存設備の故障と保守工数が増えており、更新計画と運用改善を一緒に提案できる企業を探しています。","設備・施設","高","true","生産技術部","課長","62","false","アプローチ準備中","2026-08-30","true","本データはデモ用途の架空企業です。実在の企業・団体とは関係ありません。"
"FC-00417","合同会社オルビスインダストリーパートナーズ","合同会社 オルビス インダストリー パートナーズ","manufacturing","製造業","山形県","中央市","1986","229","中小企業","6641","精密部品の加工・組立","https://example.invalid/manufacturing/017","問い合わせと顧客対応を効率化したい","問い合わせ情報が複数部署に分散しており、対応状況を一元管理できる仕組みを探しています。","設備更新予算の増額","問い合わせと顧客対応を効率化したい","問い合わせ情報が複数部署に分散しており、対応状況を一元管理できる仕組みを探しています。","営業・顧客管理","低","true","生産技術部","責任者","79","false","未対応","2026-08-30","true","本データはデモ用途の架空企業です。実在の企業・団体とは関係ありません。"
"FC-00418","株式会社オルビスインダストリーワークス","株式会社 オルビス インダストリー ワークス","manufacturing","製造業","東京都","緑市","1997","366","中堅企業","4026","工場自動化設備の開発","https://example.invalid/manufacturing/018","採用後の教育と定着を改善したい","人員拡大に対して教育担当者が不足しており、研修の標準化と定着支援を相談したいです。","省エネ投資の開始","採用後の教育と定着を改善したい","人員拡大に対して教育担当者が不足しており、研修の標準化と定着支援を相談したいです。","人材・労務","中","true","生産技術部","企画担当","96","false","情報収集中","2026-08-30","true","本データはデモ用途の架空企業です。実在の企業・団体とは関係ありません。"
"FC-00419","合同会社オルビスインダストリーグループ","合同会社 オルビス インダストリー グループ","manufacturing","製造業","長野県","さくら市","2008","4503","大企業","54036","産業機器の製造","https://example.invalid/manufacturing/019","新サービスの販売パートナーを探したい","新サービスの提供地域を広げるため、共同提案や販売連携が可能な企業を探しています。","新サービスの発表","新サービスの販売パートナーを探したい","新サービスの提供地域を広げるため、共同提案や販売連携が可能な企業を探しています。","事業開発","高","true","生産技術部","部長","68","false","アプローチ準備中","2026-08-30","true","本データはデモ用途の架空企業です。実在の企業・団体とは関係ありません。"
"FC-00420","株式会社オルビスインダストリーコーポレーション","株式会社 オルビス インダストリー コーポレーション","manufacturing","製造業","大阪府","ひかり市","2019","48","小規模","624","精密部品の加工・組立","https://example.invalid/manufacturing/020","現場の安全管理と品質記録を強化したい","点検記録と事故予防の仕組みを見直しており、導入負担の小さい安全管理提案を受け付けています。","新拠点の開設計画","現場の安全管理と品質記録を強化したい","点検記録と事故予防の仕組みを見直しており、導入負担の小さい安全管理提案を受け付けています。","安全・品質","低","true","生産技術部","課長","85","false","未対応","2026-08-30","true","本データはデモ用途の架空企業です。実在の企業・団体とは関係ありません。"
"FC-00421","合同会社ノヴァインダストリーソリューションズ","合同会社 ノヴァ インダストリー ソリューションズ","manufacturing","製造業","広島県","あおば市","1962","127","中小企業","1778","工場自動化設備の開発","https://example.invalid/manufacturing/021","手作業と紙中心の業務をデジタル化したい","部門間の情報共有が手作業になっているため、現場へ定着しやすい業務システムの提案を募集しています。","人員採用の拡大","手作業と紙中心の業務をデジタル化したい","部門間の情報共有が手作業になっているため、現場へ定着しやすい業務システムの提案を募集しています。","DX・IT","中","true","生産技術部","責任者","57","false","情報収集中","2026-08-30","true","本データはデモ用途の架空企業です。実在の企業・団体とは関係ありません。"
"FC-00422","株式会社ノヴァインダストリーパートナーズ","株式会社 ノヴァ インダストリー パートナーズ","manufacturing","製造業","佐賀県","若葉市","1973","514","中堅企業","7710","産業機器の製造","https://example.invalid/manufacturing/022","在庫差異と配送負担を減らしたい","在庫状況の把握に時間がかかっており、入出庫と配送計画を改善する提案を募集しています。","既存施設の改修","在庫差異と配送負担を減らしたい","在庫状況の把握に時間がかかっており、入出庫と配送計画を改善する提案を募集しています。","物流・在庫","高","true","生産技術部","企画担当","74","false","アプローチ準備中","2026-08-30","true","本データはデモ用途の架空企業です。実在の企業・団体とは関係ありません。"
"FC-00423","合同会社ノヴァインダストリーワークス","合同会社 ノヴァ インダストリー ワークス","manufacturing","製造業","北海道","豊栄市","1984","4651","大企業","74416","精密部品の加工・組立","https://example.invalid/manufacturing/023","エネルギー・運用費を削減したい","拠点運営費が増加しているため、効果を測定できる省エネ・コスト削減策を求めています。","事業エリアの拡大","エネルギー・運用費を削減したい","拠点運営費が増加しているため、効果を測定できる省エネ・コスト削減策を求めています。","コスト削減","低","true","生産技術部","部長","91","false","未対応","2026-08-30","true","本データはデモ用途の架空企業です。実在の企業・団体とは関係ありません。"
"FC-00424","株式会社ノヴァインダストリーグループ","株式会社 ノヴァ インダストリー グループ","manufacturing","製造業","茨城県","清流市","1995","44","小規模","748","工場自動化設備の開発","https://example.invalid/manufacturing/024","設備の老朽化と保守負担を減らしたい","既存設備の故障と保守工数が増えており、更新計画と運用改善を一緒に提案できる企業を探しています。","DX推進組織の新設","設備の老朽化と保守負担を減らしたい","既存設備の故障と保守工数が増えており、更新計画と運用改善を一緒に提案できる企業を探しています。","設備・施設","中","true","生産技術部","課長","63","false","情報収集中","2026-08-30","true","本データはデモ用途の架空企業です。実在の企業・団体とは関係ありません。"
"FC-00425","合同会社ノヴァインダストリーコーポレーション","合同会社 ノヴァ インダストリー コーポレーション","manufacturing","製造業","新潟県","旭市","2006","275","中小企業","4950","産業機器の製造","https://example.invalid/manufacturing/025","問い合わせと顧客対応を効率化したい","問い合わせ情報が複数部署に分散しており、対応状況を一元管理できる仕組みを探しています。","安全管理方針の強化","問い合わせと顧客対応を効率化したい","問い合わせ情報が複数部署に分散しており、対応状況を一元管理できる仕組みを探しています。","営業・顧客管理","高","true","生産技術部","責任者","80","true","アプローチ準備中","2026-08-30","true","本データはデモ用途の架空企業です。実在の企業・団体とは関係ありません。"
"FC-00426","株式会社ユニゾンインダストリーソリューションズ","株式会社 ユニゾン インダストリー ソリューションズ","manufacturing","製造業","静岡県","みなと市","2017","662","中堅企業","12578","精密部品の加工・組立","https://example.invalid/manufacturing/026","採用後の教育と定着を改善したい","人員拡大に対して教育担当者が不足しており、研修の標準化と定着支援を相談したいです。","業務提携の締結","採用後の教育と定着を改善したい","人員拡大に対して教育担当者が不足しており、研修の標準化と定着支援を相談したいです。","人材・労務","低","true","生産技術部","企画担当","97","false","未対応","2026-08-30","true","本データはデモ用途の架空企業です。実在の企業・団体とは関係ありません。"
"FC-00427","合同会社ユニゾンインダストリーパートナーズ","合同会社 ユニゾン インダストリー パートナーズ","manufacturing","製造業","奈良県","高台市","1960","4799","大企業","95980","工場自動化設備の開発","https://example.invalid/manufacturing/027","新サービスの販売パートナーを探したい","新サービスの提供地域を広げるため、共同提案や販売連携が可能な企業を探しています。","設備更新予算の増額","新サービスの販売パートナーを探したい","新サービスの提供地域を広げるため、共同提案や販売連携が可能な企業を探しています。","事業開発","中","true","生産技術部","部長","69","false","情報収集中","2026-08-30","true","本データはデモ用途の架空企業です。実在の企業・団体とは関係ありません。"
"FC-00428","株式会社ユニゾンインダストリーワークス","株式会社 ユニゾン インダストリー ワークス","manufacturing","製造業","徳島県","新生市","1971","40","小規模","840","産業機器の製造","https://example.invalid/manufacturing/028","現場の安全管理と品質記録を強化したい","点検記録と事故予防の仕組みを見直しており、導入負担の小さい安全管理提案を受け付けています。","省エネ投資の開始","現場の安全管理と品質記録を強化したい","点検記録と事故予防の仕組みを見直しており、導入負担の小さい安全管理提案を受け付けています。","安全・品質","高","true","生産技術部","課長","86","false","アプローチ準備中","2026-08-30","true","本データはデモ用途の架空企業です。実在の企業・団体とは関係ありません。"
"FC-00429","合同会社ユニゾンインダストリーグループ","合同会社 ユニゾン インダストリー グループ","manufacturing","製造業","熊本県","平和市","1982","173","中小企業","3806","精密部品の加工・組立","https://example.invalid/manufacturing/029","手作業と紙中心の業務をデジタル化したい","部門間の情報共有が手作業になっているため、現場へ定着しやすい業務システムの提案を募集しています。","新サービスの発表","手作業と紙中心の業務をデジタル化したい","部門間の情報共有が手作業になっているため、現場へ定着しやすい業務システムの提案を募集しています。","DX・IT","低","true","生産技術部","責任者","58","false","未対応","2026-08-30","true","本データはデモ用途の架空企業です。実在の企業・団体とは関係ありません。"
"FC-00430","株式会社ユニゾンインダストリーコーポレーション","株式会社 ユニゾン インダストリー コーポレーション","manufacturing","製造業","岩手県","希望市","1993","810","中堅企業","18630","工場自動化設備の開発","https://example.invalid/manufacturing/030","在庫差異と配送負担を減らしたい","在庫状況の把握に時間がかかっており、入出庫と配送計画を改善する提案を募集しています。","新拠点の開設計画","在庫差異と配送負担を減らしたい","在庫状況の把握に時間がかかっており、入出庫と配送計画を改善する提案を募集しています。","物流・在庫","中","true","生産技術部","企画担当","75","false","情報収集中","2026-08-30","true","本データはデモ用途の架空企業です。実在の企業・団体とは関係ありません。"
"FC-00431","合同会社ヴェリタスインダストリーソリューションズ","合同会社 ヴェリタス インダストリー ソリューションズ","manufacturing","製造業","群馬県","文化市","2004","4947","大企業","118728","産業機器の製造","https://example.invalid/manufacturing/031","エネルギー・運用費を削減したい","拠点運営費が増加しているため、効果を測定できる省エネ・コスト削減策を求めています。","人員採用の拡大","エネルギー・運用費を削減したい","拠点運営費が増加しているため、効果を測定できる省エネ・コスト削減策を求めています。","コスト削減","高","true","生産技術部","部長","92","false","アプローチ準備中","2026-08-30","true","本データはデモ用途の架空企業です。実在の企業・団体とは関係ありません。"
"FC-00432","株式会社ヴェリタスインダストリーパートナーズ","株式会社 ヴェリタス インダストリー パートナーズ","manufacturing","製造業","石川県","産業市","2015","36","小規模","900","精密部品の加工・組立","https://example.invalid/manufacturing/032","設備の老朽化と保守負担を減らしたい","既存設備の故障と保守工数が増えており、更新計画と運用改善を一緒に提案できる企業を探しています。","既存施設の改修","設備の老朽化と保守負担を減らしたい","既存設備の故障と保守工数が増えており、更新計画と運用改善を一緒に提案できる企業を探しています。","設備・施設","低","true","生産技術部","課長","64","false","未対応","2026-08-30","true","本データはデモ用途の架空企業です。実在の企業・団体とは関係ありません。"
"FC-00433","合同会社ヴェリタスインダストリーワークス","合同会社 ヴェリタス インダストリー ワークス","manufacturing","製造業","三重県","学園市","1958","71","中小企業","1846","工場自動化設備の開発","https://example.invalid/manufacturing/033","問い合わせと顧客対応を効率化したい","問い合わせ情報が複数部署に分散しており、対応状況を一元管理できる仕組みを探しています。","事業エリアの拡大","問い合わせと顧客対応を効率化したい","問い合わせ情報が複数部署に分散しており、対応状況を一元管理できる仕組みを探しています。","営業・顧客管理","中","true","生産技術部","責任者","81","false","情報収集中","2026-08-30","true","本データはデモ用途の架空企業です。実在の企業・団体とは関係ありません。"
"FC-00434","株式会社ヴェリタスインダストリーグループ","株式会社 ヴェリタス インダストリー グループ","manufacturing","製造業","鳥取県","泉市","1969","958","中堅企業","25866","産業機器の製造","https://example.invalid/manufacturing/034","採用後の教育と定着を改善したい","人員拡大に対して教育担当者が不足しており、研修の標準化と定着支援を相談したいです。","DX推進組織の新設","採用後の教育と定着を改善したい","人員拡大に対して教育担当者が不足しており、研修の標準化と定着支援を相談したいです。","人材・労務","高","true","生産技術部","企画担当","98","false","アプローチ準備中","2026-08-30","true","本データはデモ用途の架空企業です。実在の企業・団体とは関係ありません。"
"FC-00435","合同会社ヴェリタスインダストリーコーポレーション","合同会社 ヴェリタス インダストリー コーポレーション","manufacturing","製造業","愛媛県","丘陵市","1980","1095","大企業","30660","精密部品の加工・組立","https://example.invalid/manufacturing/035","新サービスの販売パートナーを探したい","新サービスの提供地域を広げるため、共同提案や販売連携が可能な企業を探しています。","安全管理方針の強化","新サービスの販売パートナーを探したい","新サービスの提供地域を広げるため、共同提案や販売連携が可能な企業を探しています。","事業開発","低","true","生産技術部","部長","70","false","未対応","2026-08-30","true","本データはデモ用途の架空企業です。実在の企業・団体とは関係ありません。"
"FC-00436","株式会社セントラルインダストリーソリューションズ","株式会社 セントラル インダストリー ソリューションズ","manufacturing","製造業","宮崎県","未来市","1991","32","小規模","928","工場自動化設備の開発","https://example.invalid/manufacturing/036","現場の安全管理と品質記録を強化したい","点検記録と事故予防の仕組みを見直しており、導入負担の小さい安全管理提案を受け付けています。","業務提携の締結","現場の安全管理と品質記録を強化したい","点検記録と事故予防の仕組みを見直しており、導入負担の小さい安全管理提案を受け付けています。","安全・品質","中","true","生産技術部","課長","87","false","情報収集中","2026-08-30","true","本データはデモ用途の架空企業です。実在の企業・団体とは関係ありません。"
"FC-00437","合同会社セントラルインダストリーパートナーズ","合同会社 セントラル インダストリー パートナーズ","manufacturing","製造業","秋田県","中央市","2002","219","中小企業","2409","産業機器の製造","https://example.invalid/manufacturing/037","手作業と紙中心の業務をデジタル化したい","部門間の情報共有が手作業になっているため、現場へ定着しやすい業務システムの提案を募集しています。","設備更新予算の増額","手作業と紙中心の業務をデジタル化したい","部門間の情報共有が手作業になっているため、現場へ定着しやすい業務システムの提案を募集しています。","DX・IT","高","true","生産技術部","責任者","59","false","アプローチ準備中","2026-08-30","true","本データはデモ用途の架空企業です。実在の企業・団体とは関係ありません。"
"FC-00438","株式会社セントラルインダストリーワークス","株式会社 セントラル インダストリー ワークス","manufacturing","製造業","千葉県","緑市","2013","406","中堅企業","4872","精密部品の加工・組立","https://example.invalid/manufacturing/038","在庫差異と配送負担を減らしたい","在庫状況の把握に時間がかかっており、入出庫と配送計画を改善する提案を募集しています。","省エネ投資の開始","在庫差異と配送負担を減らしたい","在庫状況の把握に時間がかかっており、入出庫と配送計画を改善する提案を募集しています。","物流・在庫","低","true","生産技術部","企画担当","76","false","未対応","2026-08-30","true","本データはデモ用途の架空企業です。実在の企業・団体とは関係ありません。"
"FC-00439","合同会社セントラルインダストリーグループ","合同会社 セントラル インダストリー グループ","manufacturing","製造業","山梨県","さくら市","1956","1243","大企業","16159","工場自動化設備の開発","https://example.invalid/manufacturing/039","エネルギー・運用費を削減したい","拠点運営費が増加しているため、効果を測定できる省エネ・コスト削減策を求めています。","新サービスの発表","エネルギー・運用費を削減したい","拠点運営費が増加しているため、効果を測定できる省エネ・コスト削減策を求めています。","コスト削減","中","true","生産技術部","部長","93","false","情報収集中","2026-08-30","true","本データはデモ用途の架空企業です。実在の企業・団体とは関係ありません。"
"FC-00440","株式会社セントラルインダストリーコーポレーション","株式会社 セントラル インダストリー コーポレーション","manufacturing","製造業","京都府","ひかり市","1967","28","小規模","392","産業機器の製造","https://example.invalid/manufacturing/040","設備の老朽化と保守負担を減らしたい","既存設備の故障と保守工数が増えており、更新計画と運用改善を一緒に提案できる企業を探しています。","新拠点の開設計画","設備の老朽化と保守負担を減らしたい","既存設備の故障と保守工数が増えており、更新計画と運用改善を一緒に提案できる企業を探しています。","設備・施設","高","true","生産技術部","課長","65","false","アプローチ準備中","2026-08-30","true","本データはデモ用途の架空企業です。実在の企業・団体とは関係ありません。"
"FC-00441","合同会社エレメントインダストリーソリューションズ","合同会社 エレメント インダストリー ソリューションズ","manufacturing","製造業","岡山県","あおば市","1978","117","中小企業","1755","精密部品の加工・組立","https://example.invalid/manufacturing/041","問い合わせと顧客対応を効率化したい","問い合わせ情報が複数部署に分散しており、対応状況を一元管理できる仕組みを探しています。","人員採用の拡大","問い合わせと顧客対応を効率化したい","問い合わせ情報が複数部署に分散しており、対応状況を一元管理できる仕組みを探しています。","営業・顧客管理","低","true","生産技術部","責任者","82","false","未対応","2026-08-30","true","本データはデモ用途の架空企業です。実在の企業・団体とは関係ありません。"
"FC-00442","株式会社エレメントインダストリーパートナーズ","株式会社 エレメント インダストリー パートナーズ","manufacturing","製造業","福岡県","若葉市","1989","554","中堅企業","8864","工場自動化設備の開発","https://example.invalid/manufacturing/042","採用後の教育と定着を改善したい","人員拡大に対して教育担当者が不足しており、研修の標準化と定着支援を相談したいです。","既存施設の改修","採用後の教育と定着を改善したい","人員拡大に対して教育担当者が不足しており、研修の標準化と定着支援を相談したいです。","人材・労務","中","true","生産技術部","企画担当","99","true","情報収集中","2026-08-30","true","本データはデモ用途の架空企業です。実在の企業・団体とは関係ありません。"
"FC-00443","合同会社エレメントインダストリーワークス","合同会社 エレメント インダストリー ワークス","manufacturing","製造業","沖縄県","豊栄市","2000","1391","大企業","23647","産業機器の製造","https://example.invalid/manufacturing/043","新サービスの販売パートナーを探したい","新サービスの提供地域を広げるため、共同提案や販売連携が可能な企業を探しています。","事業エリアの拡大","新サービスの販売パートナーを探したい","新サービスの提供地域を広げるため、共同提案や販売連携が可能な企業を探しています。","事業開発","高","true","生産技術部","部長","71","false","アプローチ準備中","2026-08-30","true","本データはデモ用途の架空企業です。実在の企業・団体とは関係ありません。"
"FC-00444","株式会社エレメントインダストリーグループ","株式会社 エレメント インダストリー グループ","manufacturing","製造業","福島県","清流市","2011","24","小規模","432","精密部品の加工・組立","https://example.invalid/manufacturing/044","現場の安全管理と品質記録を強化したい","点検記録と事故予防の仕組みを見直しており、導入負担の小さい安全管理提案を受け付けています。","DX推進組織の新設","現場の安全管理と品質記録を強化したい","点検記録と事故予防の仕組みを見直しており、導入負担の小さい安全管理提案を受け付けています。","安全・品質","低","true","生産技術部","課長","88","false","未対応","2026-08-30","true","本データはデモ用途の架空企業です。実在の企業・団体とは関係ありません。"
"FC-00445","合同会社エレメントインダストリーコーポレーション","合同会社 エレメント インダストリー コーポレーション","manufacturing","製造業","神奈川県","旭市","2022","265","中小企業","5035","工場自動化設備の開発","https://example.invalid/manufacturing/045","手作業と紙中心の業務をデジタル化したい","部門間の情報共有が手作業になっているため、現場へ定着しやすい業務システムの提案を募集しています。","安全管理方針の強化","手作業と紙中心の業務をデジタル化したい","部門間の情報共有が手作業になっているため、現場へ定着しやすい業務システムの提案を募集しています。","DX・IT","中","true","生産技術部","責任者","60","false","情報収集中","2026-08-30","true","本データはデモ用途の架空企業です。実在の企業・団体とは関係ありません。"
"FC-00446","株式会社クレストインダストリーソリューションズ","株式会社 クレスト インダストリー ソリューションズ","manufacturing","製造業","岐阜県","みなと市","1965","702","中堅企業","14040","産業機器の製造","https://example.invalid/manufacturing/046","在庫差異と配送負担を減らしたい","在庫状況の把握に時間がかかっており、入出庫と配送計画を改善する提案を募集しています。","業務提携の締結","在庫差異と配送負担を減らしたい","在庫状況の把握に時間がかかっており、入出庫と配送計画を改善する提案を募集しています。","物流・在庫","高","true","生産技術部","企画担当","77","false","アプローチ準備中","2026-08-30","true","本データはデモ用途の架空企業です。実在の企業・団体とは関係ありません。"
"FC-00447","合同会社クレストインダストリーパートナーズ","合同会社 クレスト インダストリー パートナーズ","manufacturing","製造業","兵庫県","高台市","1976","1539","大企業","32319","精密部品の加工・組立","https://example.invalid/manufacturing/047","エネルギー・運用費を削減したい","拠点運営費が増加しているため、効果を測定できる省エネ・コスト削減策を求めています。","設備更新予算の増額","エネルギー・運用費を削減したい","拠点運営費が増加しているため、効果を測定できる省エネ・コスト削減策を求めています。","コスト削減","低","true","生産技術部","部長","94","false","未対応","2026-08-30","true","本データはデモ用途の架空企業です。実在の企業・団体とは関係ありません。"
"FC-00448","株式会社クレストインダストリーワークス","株式会社 クレスト インダストリー ワークス","manufacturing","製造業","山口県","新生市","1987","20","小規模","440","工場自動化設備の開発","https://example.invalid/manufacturing/048","設備の老朽化と保守負担を減らしたい","既存設備の故障と保守工数が増えており、更新計画と運用改善を一緒に提案できる企業を探しています。","省エネ投資の開始","設備の老朽化と保守負担を減らしたい","既存設備の故障と保守工数が増えており、更新計画と運用改善を一緒に提案できる企業を探しています。","設備・施設","中","true","生産技術部","課長","66","false","情報収集中","2026-08-30","true","本データはデモ用途の架空企業です。実在の企業・団体とは関係ありません。"
"FC-00449","合同会社クレストインダストリーグループ","合同会社 クレスト インダストリー グループ","manufacturing","製造業","長崎県","平和市","1998","163","中小企業","3749","産業機器の製造","https://example.invalid/manufacturing/049","問い合わせと顧客対応を効率化したい","問い合わせ情報が複数部署に分散しており、対応状況を一元管理できる仕組みを探しています。","新サービスの発表","問い合わせと顧客対応を効率化したい","問い合わせ情報が複数部署に分散しており、対応状況を一元管理できる仕組みを探しています。","営業・顧客管理","高","true","生産技術部","責任者","83","false","アプローチ準備中","2026-08-30","true","本データはデモ用途の架空企業です。実在の企業・団体とは関係ありません。"
"FC-00450","株式会社クレストインダストリーコーポレーション","株式会社 クレスト インダストリー コーポレーション","manufacturing","製造業","青森県","希望市","2009","850","中堅企業","20400","精密部品の加工・組立","https://example.invalid/manufacturing/050","採用後の教育と定着を改善したい","人員拡大に対して教育担当者が不足しており、研修の標準化と定着支援を相談したいです。","新拠点の開設計画","採用後の教育と定着を改善したい","人員拡大に対して教育担当者が不足しており、研修の標準化と定着支援を相談したいです。","人材・労務","低","true","生産技術部","企画担当","55","false","未対応","2026-08-30","true","本データはデモ用途の架空企業です。実在の企業・団体とは関係ありません。"
"FC-00451","合同会社シナジーインダストリーソリューションズ","合同会社 シナジー インダストリー ソリューションズ","manufacturing","製造業","栃木県","文化市","2020","1687","大企業","42175","工場自動化設備の開発","https://example.invalid/manufacturing/051","新サービスの販売パートナーを探したい","新サービスの提供地域を広げるため、共同提案や販売連携が可能な企業を探しています。","人員採用の拡大","新サービスの販売パートナーを探したい","新サービスの提供地域を広げるため、共同提案や販売連携が可能な企業を探しています。","事業開発","中","true","生産技術部","部長","72","false","情報収集中","2026-08-30","true","本データはデモ用途の架空企業です。実在の企業・団体とは関係ありません。"
"FC-00452","株式会社シナジーインダストリーパートナーズ","株式会社 シナジー インダストリー パートナーズ","manufacturing","製造業","富山県","産業市","1963","16","小規模","416","産業機器の製造","https://example.invalid/manufacturing/052","現場の安全管理と品質記録を強化したい","点検記録と事故予防の仕組みを見直しており、導入負担の小さい安全管理提案を受け付けています。","既存施設の改修","現場の安全管理と品質記録を強化したい","点検記録と事故予防の仕組みを見直しており、導入負担の小さい安全管理提案を受け付けています。","安全・品質","高","true","生産技術部","課長","89","false","アプローチ準備中","2026-08-30","true","本データはデモ用途の架空企業です。実在の企業・団体とは関係ありません。"
"FC-00453","合同会社シナジーインダストリーワークス","合同会社 シナジー インダストリー ワークス","manufacturing","製造業","愛知県","学園市","1974","61","中小企業","1647","精密部品の加工・組立","https://example.invalid/manufacturing/053","手作業と紙中心の業務をデジタル化したい","部門間の情報共有が手作業になっているため、現場へ定着しやすい業務システムの提案を募集しています。","事業エリアの拡大","手作業と紙中心の業務をデジタル化したい","部門間の情報共有が手作業になっているため、現場へ定着しやすい業務システムの提案を募集しています。","DX・IT","低","true","生産技術部","責任者","61","false","未対応","2026-08-30","true","本データはデモ用途の架空企業です。実在の企業・団体とは関係ありません。"
"FC-00454","株式会社シナジーインダストリーグループ","株式会社 シナジー インダストリー グループ","manufacturing","製造業","和歌山県","泉市","1985","998","中堅企業","27944","工場自動化設備の開発","https://example.invalid/manufacturing/054","在庫差異と配送負担を減らしたい","在庫状況の把握に時間がかかっており、入出庫と配送計画を改善する提案を募集しています。","DX推進組織の新設","在庫差異と配送負担を減らしたい","在庫状況の把握に時間がかかっており、入出庫と配送計画を改善する提案を募集しています。","物流・在庫","中","true","生産技術部","企画担当","78","false","情報収集中","2026-08-30","true","本データはデモ用途の架空企業です。実在の企業・団体とは関係ありません。"
"FC-00455","合同会社シナジーインダストリーコーポレーション","合同会社 シナジー インダストリー コーポレーション","manufacturing","製造業","香川県","丘陵市","1996","1835","大企業","53215","産業機器の製造","https://example.invalid/manufacturing/055","エネルギー・運用費を削減したい","拠点運営費が増加しているため、効果を測定できる省エネ・コスト削減策を求めています。","安全管理方針の強化","エネルギー・運用費を削減したい","拠点運営費が増加しているため、効果を測定できる省エネ・コスト削減策を求めています。","コスト削減","高","true","生産技術部","部長","95","false","アプローチ準備中","2026-08-30","true","本データはデモ用途の架空企業です。実在の企業・団体とは関係ありません。"
"FC-00456","株式会社アクセルインダストリーソリューションズ","株式会社 アクセル インダストリー ソリューションズ","manufacturing","製造業","大分県","未来市","2007","12","小規模","132","精密部品の加工・組立","https://example.invalid/manufacturing/056","設備の老朽化と保守負担を減らしたい","既存設備の故障と保守工数が増えており、更新計画と運用改善を一緒に提案できる企業を探しています。","業務提携の締結","設備の老朽化と保守負担を減らしたい","既存設備の故障と保守工数が増えており、更新計画と運用改善を一緒に提案できる企業を探しています。","設備・施設","低","true","生産技術部","課長","67","false","未対応","2026-08-30","true","本データはデモ用途の架空企業です。実在の企業・団体とは関係ありません。"
"FC-00457","合同会社アクセルインダストリーパートナーズ","合同会社 アクセル インダストリー パートナーズ","manufacturing","製造業","宮城県","中央市","2018","209","中小企業","2508","工場自動化設備の開発","https://example.invalid/manufacturing/057","問い合わせと顧客対応を効率化したい","問い合わせ情報が複数部署に分散しており、対応状況を一元管理できる仕組みを探しています。","設備更新予算の増額","問い合わせと顧客対応を効率化したい","問い合わせ情報が複数部署に分散しており、対応状況を一元管理できる仕組みを探しています。","営業・顧客管理","中","true","生産技術部","責任者","84","false","情報収集中","2026-08-30","true","本データはデモ用途の架空企業です。実在の企業・団体とは関係ありません。"
"FC-00458","株式会社アクセルインダストリーワークス","株式会社 アクセル インダストリー ワークス","manufacturing","製造業","埼玉県","緑市","1961","446","中堅企業","5798","産業機器の製造","https://example.invalid/manufacturing/058","採用後の教育と定着を改善したい","人員拡大に対して教育担当者が不足しており、研修の標準化と定着支援を相談したいです。","省エネ投資の開始","採用後の教育と定着を改善したい","人員拡大に対して教育担当者が不足しており、研修の標準化と定着支援を相談したいです。","人材・労務","高","true","生産技術部","企画担当","56","false","アプローチ準備中","2026-08-30","true","本データはデモ用途の架空企業です。実在の企業・団体とは関係ありません。"
"FC-00459","合同会社アクセルインダストリーグループ","合同会社 アクセル インダストリー グループ","manufacturing","製造業","福井県","さくら市","1972","1983","大企業","27762","精密部品の加工・組立","https://example.invalid/manufacturing/059","新サービスの販売パートナーを探したい","新サービスの提供地域を広げるため、共同提案や販売連携が可能な企業を探しています。","新サービスの発表","新サービスの販売パートナーを探したい","新サービスの提供地域を広げるため、共同提案や販売連携が可能な企業を探しています。","事業開発","低","true","生産技術部","部長","73","true","未対応","2026-08-30","true","本データはデモ用途の架空企業です。実在の企業・団体とは関係ありません。"
"FC-00460","株式会社アクセルインダストリーコーポレーション","株式会社 アクセル インダストリー コーポレーション","manufacturing","製造業","滋賀県","ひかり市","1983","46","小規模","690","工場自動化設備の開発","https://example.invalid/manufacturing/060","現場の安全管理と品質記録を強化したい","点検記録と事故予防の仕組みを見直しており、導入負担の小さい安全管理提案を受け付けています。","新拠点の開設計画","現場の安全管理と品質記録を強化したい","点検記録と事故予防の仕組みを見直しており、導入負担の小さい安全管理提案を受け付けています。","安全・品質","中","true","生産技術部","課長","90","false","情報収集中","2026-08-30","true","本データはデモ用途の架空企業です。実在の企業・団体とは関係ありません。"
"FC-00461","合同会社リードインダストリーソリューションズ","合同会社 リード インダストリー ソリューションズ","manufacturing","製造業","島根県","あおば市","1994","107","中小企業","1712","産業機器の製造","https://example.invalid/manufacturing/061","手作業と紙中心の業務をデジタル化したい","部門間の情報共有が手作業になっているため、現場へ定着しやすい業務システムの提案を募集しています。","人員採用の拡大","手作業と紙中心の業務をデジタル化したい","部門間の情報共有が手作業になっているため、現場へ定着しやすい業務システムの提案を募集しています。","DX・IT","高","true","生産技術部","責任者","62","false","アプローチ準備中","2026-08-30","true","本データはデモ用途の架空企業です。実在の企業・団体とは関係ありません。"
"FC-00462","株式会社リードインダストリーパートナーズ","株式会社 リード インダストリー パートナーズ","manufacturing","製造業","高知県","若葉市","2005","594","中堅企業","10098","精密部品の加工・組立","https://example.invalid/manufacturing/062","在庫差異と配送負担を減らしたい","在庫状況の把握に時間がかかっており、入出庫と配送計画を改善する提案を募集しています。","既存施設の改修","在庫差異と配送負担を減らしたい","在庫状況の把握に時間がかかっており、入出庫と配送計画を改善する提案を募集しています。","物流・在庫","低","true","生産技術部","企画担当","79","false","未対応","2026-08-30","true","本データはデモ用途の架空企業です。実在の企業・団体とは関係ありません。"
"FC-00463","合同会社リードインダストリーワークス","合同会社 リード インダストリー ワークス","manufacturing","製造業","鹿児島県","豊栄市","2016","2131","大企業","38358","工場自動化設備の開発","https://example.invalid/manufacturing/063","エネルギー・運用費を削減したい","拠点運営費が増加しているため、効果を測定できる省エネ・コスト削減策を求めています。","事業エリアの拡大","エネルギー・運用費を削減したい","拠点運営費が増加しているため、効果を測定できる省エネ・コスト削減策を求めています。","コスト削減","中","true","生産技術部","部長","96","false","情報収集中","2026-08-30","true","本データはデモ用途の架空企業です。実在の企業・団体とは関係ありません。"
"FC-00464","株式会社リードインダストリーグループ","株式会社 リード インダストリー グループ","manufacturing","製造業","山形県","清流市","1959","42","小規模","798","産業機器の製造","https://example.invalid/manufacturing/064","設備の老朽化と保守負担を減らしたい","既存設備の故障と保守工数が増えており、更新計画と運用改善を一緒に提案できる企業を探しています。","DX推進組織の新設","設備の老朽化と保守負担を減らしたい","既存設備の故障と保守工数が増えており、更新計画と運用改善を一緒に提案できる企業を探しています。","設備・施設","高","true","生産技術部","課長","68","false","アプローチ準備中","2026-08-30","true","本データはデモ用途の架空企業です。実在の企業・団体とは関係ありません。"
"FC-00465","合同会社リードインダストリーコーポレーション","合同会社 リード インダストリー コーポレーション","manufacturing","製造業","東京都","旭市","1970","255","中小企業","5100","精密部品の加工・組立","https://example.invalid/manufacturing/065","問い合わせと顧客対応を効率化したい","問い合わせ情報が複数部署に分散しており、対応状況を一元管理できる仕組みを探しています。","安全管理方針の強化","問い合わせと顧客対応を効率化したい","問い合わせ情報が複数部署に分散しており、対応状況を一元管理できる仕組みを探しています。","営業・顧客管理","低","true","生産技術部","責任者","85","false","未対応","2026-08-30","true","本データはデモ用途の架空企業です。実在の企業・団体とは関係ありません。"
"FC-00466","株式会社ハーモニーインダストリーソリューションズ","株式会社 ハーモニー インダストリー ソリューションズ","manufacturing","製造業","長野県","みなと市","1981","742","中堅企業","15582","工場自動化設備の開発","https://example.invalid/manufacturing/066","採用後の教育と定着を改善したい","人員拡大に対して教育担当者が不足しており、研修の標準化と定着支援を相談したいです。","業務提携の締結","採用後の教育と定着を改善したい","人員拡大に対して教育担当者が不足しており、研修の標準化と定着支援を相談したいです。","人材・労務","中","true","生産技術部","企画担当","57","false","情報収集中","2026-08-30","true","本データはデモ用途の架空企業です。実在の企業・団体とは関係ありません。"
"FC-00467","合同会社ハーモニーインダストリーパートナーズ","合同会社 ハーモニー インダストリー パートナーズ","manufacturing","製造業","大阪府","高台市","1992","2279","大企業","50138","産業機器の製造","https://example.invalid/manufacturing/067","新サービスの販売パートナーを探したい","新サービスの提供地域を広げるため、共同提案や販売連携が可能な企業を探しています。","設備更新予算の増額","新サービスの販売パートナーを探したい","新サービスの提供地域を広げるため、共同提案や販売連携が可能な企業を探しています。","事業開発","高","true","生産技術部","部長","74","false","アプローチ準備中","2026-08-30","true","本データはデモ用途の架空企業です。実在の企業・団体とは関係ありません。"
"FC-00468","株式会社ハーモニーインダストリーワークス","株式会社 ハーモニー インダストリー ワークス","manufacturing","製造業","広島県","新生市","2003","38","小規模","874","精密部品の加工・組立","https://example.invalid/manufacturing/068","現場の安全管理と品質記録を強化したい","点検記録と事故予防の仕組みを見直しており、導入負担の小さい安全管理提案を受け付けています。","省エネ投資の開始","現場の安全管理と品質記録を強化したい","点検記録と事故予防の仕組みを見直しており、導入負担の小さい安全管理提案を受け付けています。","安全・品質","低","true","生産技術部","課長","91","false","未対応","2026-08-30","true","本データはデモ用途の架空企業です。実在の企業・団体とは関係ありません。"
"FC-00469","合同会社ハーモニーインダストリーグループ","合同会社 ハーモニー インダストリー グループ","manufacturing","製造業","佐賀県","平和市","2014","153","中小企業","3672","工場自動化設備の開発","https://example.invalid/manufacturing/069","手作業と紙中心の業務をデジタル化したい","部門間の情報共有が手作業になっているため、現場へ定着しやすい業務システムの提案を募集しています。","新サービスの発表","手作業と紙中心の業務をデジタル化したい","部門間の情報共有が手作業になっているため、現場へ定着しやすい業務システムの提案を募集しています。","DX・IT","中","true","生産技術部","責任者","63","false","情報収集中","2026-08-30","true","本データはデモ用途の架空企業です。実在の企業・団体とは関係ありません。"
"FC-00470","株式会社ハーモニーインダストリーコーポレーション","株式会社 ハーモニー インダストリー コーポレーション","manufacturing","製造業","北海道","希望市","1957","890","中堅企業","22250","産業機器の製造","https://example.invalid/manufacturing/070","在庫差異と配送負担を減らしたい","在庫状況の把握に時間がかかっており、入出庫と配送計画を改善する提案を募集しています。","新拠点の開設計画","在庫差異と配送負担を減らしたい","在庫状況の把握に時間がかかっており、入出庫と配送計画を改善する提案を募集しています。","物流・在庫","高","true","生産技術部","企画担当","80","false","アプローチ準備中","2026-08-30","true","本データはデモ用途の架空企業です。実在の企業・団体とは関係ありません。"
"FC-00471","合同会社ブリッジインダストリーソリューションズ","合同会社 ブリッジ インダストリー ソリューションズ","manufacturing","製造業","茨城県","文化市","1968","2427","大企業","63102","精密部品の加工・組立","https://example.invalid/manufacturing/071","エネルギー・運用費を削減したい","拠点運営費が増加しているため、効果を測定できる省エネ・コスト削減策を求めています。","人員採用の拡大","エネルギー・運用費を削減したい","拠点運営費が増加しているため、効果を測定できる省エネ・コスト削減策を求めています。","コスト削減","低","true","生産技術部","部長","97","false","未対応","2026-08-30","true","本データはデモ用途の架空企業です。実在の企業・団体とは関係ありません。"
"FC-00472","株式会社ブリッジインダストリーパートナーズ","株式会社 ブリッジ インダストリー パートナーズ","manufacturing","製造業","新潟県","産業市","1979","34","小規模","918","工場自動化設備の開発","https://example.invalid/manufacturing/072","設備の老朽化と保守負担を減らしたい","既存設備の故障と保守工数が増えており、更新計画と運用改善を一緒に提案できる企業を探しています。","既存施設の改修","設備の老朽化と保守負担を減らしたい","既存設備の故障と保守工数が増えており、更新計画と運用改善を一緒に提案できる企業を探しています。","設備・施設","中","true","生産技術部","課長","69","false","情報収集中","2026-08-30","true","本データはデモ用途の架空企業です。実在の企業・団体とは関係ありません。"
"FC-00473","合同会社ブリッジインダストリーワークス","合同会社 ブリッジ インダストリー ワークス","manufacturing","製造業","静岡県","学園市","1990","51","中小企業","1428","産業機器の製造","https://example.invalid/manufacturing/073","問い合わせと顧客対応を効率化したい","問い合わせ情報が複数部署に分散しており、対応状況を一元管理できる仕組みを探しています。","事業エリアの拡大","問い合わせと顧客対応を効率化したい","問い合わせ情報が複数部署に分散しており、対応状況を一元管理できる仕組みを探しています。","営業・顧客管理","高","true","生産技術部","責任者","86","false","アプローチ準備中","2026-08-30","true","本データはデモ用途の架空企業です。実在の企業・団体とは関係ありません。"
"FC-00474","株式会社ブリッジインダストリーグループ","株式会社 ブリッジ インダストリー グループ","manufacturing","製造業","奈良県","泉市","2001","338","中堅企業","9802","精密部品の加工・組立","https://example.invalid/manufacturing/074","採用後の教育と定着を改善したい","人員拡大に対して教育担当者が不足しており、研修の標準化と定着支援を相談したいです。","DX推進組織の新設","採用後の教育と定着を改善したい","人員拡大に対して教育担当者が不足しており、研修の標準化と定着支援を相談したいです。","人材・労務","低","true","生産技術部","企画担当","58","false","未対応","2026-08-30","true","本データはデモ用途の架空企業です。実在の企業・団体とは関係ありません。"
"FC-00475","合同会社ブリッジインダストリーコーポレーション","合同会社 ブリッジ インダストリー コーポレーション","manufacturing","製造業","徳島県","丘陵市","2012","2575","大企業","28325","工場自動化設備の開発","https://example.invalid/manufacturing/075","新サービスの販売パートナーを探したい","新サービスの提供地域を広げるため、共同提案や販売連携が可能な企業を探しています。","安全管理方針の強化","新サービスの販売パートナーを探したい","新サービスの提供地域を広げるため、共同提案や販売連携が可能な企業を探しています。","事業開発","中","true","生産技術部","部長","75","false","情報収集中","2026-08-30","true","本データはデモ用途の架空企業です。実在の企業・団体とは関係ありません。"
"FC-00476","株式会社フォーカスインダストリーソリューションズ","株式会社 フォーカス インダストリー ソリューションズ","manufacturing","製造業","熊本県","未来市","1955","30","小規模","360","産業機器の製造","https://example.invalid/manufacturing/076","現場の安全管理と品質記録を強化したい","点検記録と事故予防の仕組みを見直しており、導入負担の小さい安全管理提案を受け付けています。","業務提携の締結","現場の安全管理と品質記録を強化したい","点検記録と事故予防の仕組みを見直しており、導入負担の小さい安全管理提案を受け付けています。","安全・品質","高","true","生産技術部","課長","92","true","アプローチ準備中","2026-08-30","true","本データはデモ用途の架空企業です。実在の企業・団体とは関係ありません。"
"FC-00477","合同会社フォーカスインダストリーパートナーズ","合同会社 フォーカス インダストリー パートナーズ","manufacturing","製造業","岩手県","中央市","1966","199","中小企業","2587","精密部品の加工・組立","https://example.invalid/manufacturing/077","手作業と紙中心の業務をデジタル化したい","部門間の情報共有が手作業になっているため、現場へ定着しやすい業務システムの提案を募集しています。","設備更新予算の増額","手作業と紙中心の業務をデジタル化したい","部門間の情報共有が手作業になっているため、現場へ定着しやすい業務システムの提案を募集しています。","DX・IT","低","true","生産技術部","責任者","64","false","未対応","2026-08-30","true","本データはデモ用途の架空企業です。実在の企業・団体とは関係ありません。"
"FC-00478","株式会社フォーカスインダストリーワークス","株式会社 フォーカス インダストリー ワークス","manufacturing","製造業","群馬県","緑市","1977","486","中堅企業","6804","工場自動化設備の開発","https://example.invalid/manufacturing/078","在庫差異と配送負担を減らしたい","在庫状況の把握に時間がかかっており、入出庫と配送計画を改善する提案を募集しています。","省エネ投資の開始","在庫差異と配送負担を減らしたい","在庫状況の把握に時間がかかっており、入出庫と配送計画を改善する提案を募集しています。","物流・在庫","中","true","生産技術部","企画担当","81","false","情報収集中","2026-08-30","true","本データはデモ用途の架空企業です。実在の企業・団体とは関係ありません。"
"FC-00479","合同会社フォーカスインダストリーグループ","合同会社 フォーカス インダストリー グループ","manufacturing","製造業","石川県","さくら市","1988","2723","大企業","40845","産業機器の製造","https://example.invalid/manufacturing/079","エネルギー・運用費を削減したい","拠点運営費が増加しているため、効果を測定できる省エネ・コスト削減策を求めています。","新サービスの発表","エネルギー・運用費を削減したい","拠点運営費が増加しているため、効果を測定できる省エネ・コスト削減策を求めています。","コスト削減","高","true","生産技術部","部長","98","false","アプローチ準備中","2026-08-30","true","本データはデモ用途の架空企業です。実在の企業・団体とは関係ありません。"
"FC-00480","株式会社フォーカスインダストリーコーポレーション","株式会社 フォーカス インダストリー コーポレーション","manufacturing","製造業","三重県","ひかり市","1999","26","小規模","416","精密部品の加工・組立","https://example.invalid/manufacturing/080","設備の老朽化と保守負担を減らしたい","既存設備の故障と保守工数が増えており、更新計画と運用改善を一緒に提案できる企業を探しています。","新拠点の開設計画","設備の老朽化と保守負担を減らしたい","既存設備の故障と保守工数が増えており、更新計画と運用改善を一緒に提案できる企業を探しています。","設備・施設","低","true","生産技術部","課長","70","false","未対応","2026-08-30","true","本データはデモ用途の架空企業です。実在の企業・団体とは関係ありません。"
"FC-00481","合同会社ビジョンインダストリーソリューションズ","合同会社 ビジョン インダストリー ソリューションズ","manufacturing","製造業","鳥取県","あおば市","2010","97","中小企業","1649","工場自動化設備の開発","https://example.invalid/manufacturing/081","問い合わせと顧客対応を効率化したい","問い合わせ情報が複数部署に分散しており、対応状況を一元管理できる仕組みを探しています。","人員採用の拡大","問い合わせと顧客対応を効率化したい","問い合わせ情報が複数部署に分散しており、対応状況を一元管理できる仕組みを探しています。","営業・顧客管理","中","true","生産技術部","責任者","87","false","情報収集中","2026-08-30","true","本データはデモ用途の架空企業です。実在の企業・団体とは関係ありません。"
"FC-00482","株式会社ビジョンインダストリーパートナーズ","株式会社 ビジョン インダストリー パートナーズ","manufacturing","製造業","愛媛県","若葉市","2021","634","中堅企業","11412","産業機器の製造","https://example.invalid/manufacturing/082","採用後の教育と定着を改善したい","人員拡大に対して教育担当者が不足しており、研修の標準化と定着支援を相談したいです。","既存施設の改修","採用後の教育と定着を改善したい","人員拡大に対して教育担当者が不足しており、研修の標準化と定着支援を相談したいです。","人材・労務","高","true","生産技術部","企画担当","59","false","アプローチ準備中","2026-08-30","true","本データはデモ用途の架空企業です。実在の企業・団体とは関係ありません。"
"FC-00483","合同会社ビジョンインダストリーワークス","合同会社 ビジョン インダストリー ワークス","manufacturing","製造業","宮崎県","豊栄市","1964","2871","大企業","54549","精密部品の加工・組立","https://example.invalid/manufacturing/083","新サービスの販売パートナーを探したい","新サービスの提供地域を広げるため、共同提案や販売連携が可能な企業を探しています。","事業エリアの拡大","新サービスの販売パートナーを探したい","新サービスの提供地域を広げるため、共同提案や販売連携が可能な企業を探しています。","事業開発","低","true","生産技術部","部長","76","false","未対応","2026-08-30","true","本データはデモ用途の架空企業です。実在の企業・団体とは関係ありません。"
"FC-00484","株式会社ビジョンインダストリーグループ","株式会社 ビジョン インダストリー グループ","manufacturing","製造業","秋田県","清流市","1975","22","小規模","440","工場自動化設備の開発","https://example.invalid/manufacturing/084","現場の安全管理と品質記録を強化したい","点検記録と事故予防の仕組みを見直しており、導入負担の小さい安全管理提案を受け付けています。","DX推進組織の新設","現場の安全管理と品質記録を強化したい","点検記録と事故予防の仕組みを見直しており、導入負担の小さい安全管理提案を受け付けています。","安全・品質","中","true","生産技術部","課長","93","false","情報収集中","2026-08-30","true","本データはデモ用途の架空企業です。実在の企業・団体とは関係ありません。"
"FC-00485","合同会社ビジョンインダストリーコーポレーション","合同会社 ビジョン インダストリー コーポレーション","manufacturing","製造業","千葉県","旭市","1986","245","中小企業","5145","産業機器の製造","https://example.invalid/manufacturing/085","手作業と紙中心の業務をデジタル化したい","部門間の情報共有が手作業になっているため、現場へ定着しやすい業務システムの提案を募集しています。","安全管理方針の強化","手作業と紙中心の業務をデジタル化したい","部門間の情報共有が手作業になっているため、現場へ定着しやすい業務システムの提案を募集しています。","DX・IT","高","true","生産技術部","責任者","65","false","アプローチ準備中","2026-08-30","true","本データはデモ用途の架空企業です。実在の企業・団体とは関係ありません。"
"FC-00486","株式会社コアインダストリーソリューションズ","株式会社 コア インダストリー ソリューションズ","manufacturing","製造業","山梨県","みなと市","1997","782","中堅企業","17204","精密部品の加工・組立","https://example.invalid/manufacturing/086","在庫差異と配送負担を減らしたい","在庫状況の把握に時間がかかっており、入出庫と配送計画を改善する提案を募集しています。","業務提携の締結","在庫差異と配送負担を減らしたい","在庫状況の把握に時間がかかっており、入出庫と配送計画を改善する提案を募集しています。","物流・在庫","低","true","生産技術部","企画担当","82","false","未対応","2026-08-30","true","本データはデモ用途の架空企業です。実在の企業・団体とは関係ありません。"
"FC-00487","合同会社コアインダストリーパートナーズ","合同会社 コア インダストリー パートナーズ","manufacturing","製造業","京都府","高台市","2008","3019","大企業","69437","工場自動化設備の開発","https://example.invalid/manufacturing/087","エネルギー・運用費を削減したい","拠点運営費が増加しているため、効果を測定できる省エネ・コスト削減策を求めています。","設備更新予算の増額","エネルギー・運用費を削減したい","拠点運営費が増加しているため、効果を測定できる省エネ・コスト削減策を求めています。","コスト削減","中","true","生産技術部","部長","99","false","情報収集中","2026-08-30","true","本データはデモ用途の架空企業です。実在の企業・団体とは関係ありません。"
"FC-00488","株式会社コアインダストリーワークス","株式会社 コア インダストリー ワークス","manufacturing","製造業","岡山県","新生市","2019","18","小規模","432","産業機器の製造","https://example.invalid/manufacturing/088","設備の老朽化と保守負担を減らしたい","既存設備の故障と保守工数が増えており、更新計画と運用改善を一緒に提案できる企業を探しています。","省エネ投資の開始","設備の老朽化と保守負担を減らしたい","既存設備の故障と保守工数が増えており、更新計画と運用改善を一緒に提案できる企業を探しています。","設備・施設","高","true","生産技術部","課長","71","false","アプローチ準備中","2026-08-30","true","本データはデモ用途の架空企業です。実在の企業・団体とは関係ありません。"
"FC-00489","合同会社コアインダストリーグループ","合同会社 コア インダストリー グループ","manufacturing","製造業","福岡県","平和市","1962","143","中小企業","3575","精密部品の加工・組立","https://example.invalid/manufacturing/089","問い合わせと顧客対応を効率化したい","問い合わせ情報が複数部署に分散しており、対応状況を一元管理できる仕組みを探しています。","新サービスの発表","問い合わせと顧客対応を効率化したい","問い合わせ情報が複数部署に分散しており、対応状況を一元管理できる仕組みを探しています。","営業・顧客管理","低","true","生産技術部","責任者","88","false","未対応","2026-08-30","true","本データはデモ用途の架空企業です。実在の企業・団体とは関係ありません。"
"FC-00490","株式会社コアインダストリーコーポレーション","株式会社 コア インダストリー コーポレーション","manufacturing","製造業","沖縄県","希望市","1973","930","中堅企業","24180","工場自動化設備の開発","https://example.invalid/manufacturing/090","採用後の教育と定着を改善したい","人員拡大に対して教育担当者が不足しており、研修の標準化と定着支援を相談したいです。","新拠点の開設計画","採用後の教育と定着を改善したい","人員拡大に対して教育担当者が不足しており、研修の標準化と定着支援を相談したいです。","人材・労務","中","true","生産技術部","企画担当","60","false","情報収集中","2026-08-30","true","本データはデモ用途の架空企業です。実在の企業・団体とは関係ありません。"
"FC-00491","合同会社アドバンスインダストリーソリューションズ","合同会社 アドバンス インダストリー ソリューションズ","manufacturing","製造業","福島県","文化市","1984","3167","大企業","85509","産業機器の製造","https://example.invalid/manufacturing/091","新サービスの販売パートナーを探したい","新サービスの提供地域を広げるため、共同提案や販売連携が可能な企業を探しています。","人員採用の拡大","新サービスの販売パートナーを探したい","新サービスの提供地域を広げるため、共同提案や販売連携が可能な企業を探しています。","事業開発","高","true","生産技術部","部長","77","false","アプローチ準備中","2026-08-30","true","本データはデモ用途の架空企業です。実在の企業・団体とは関係ありません。"
"FC-00492","株式会社アドバンスインダストリーパートナーズ","株式会社 アドバンス インダストリー パートナーズ","manufacturing","製造業","神奈川県","産業市","1995","14","小規模","392","精密部品の加工・組立","https://example.invalid/manufacturing/092","現場の安全管理と品質記録を強化したい","点検記録と事故予防の仕組みを見直しており、導入負担の小さい安全管理提案を受け付けています。","既存施設の改修","現場の安全管理と品質記録を強化したい","点検記録と事故予防の仕組みを見直しており、導入負担の小さい安全管理提案を受け付けています。","安全・品質","低","true","生産技術部","課長","94","false","未対応","2026-08-30","true","本データはデモ用途の架空企業です。実在の企業・団体とは関係ありません。"
"FC-00493","合同会社アドバンスインダストリーワークス","合同会社 アドバンス インダストリー ワークス","manufacturing","製造業","岐阜県","学園市","2006","291","中小企業","8439","工場自動化設備の開発","https://example.invalid/manufacturing/093","手作業と紙中心の業務をデジタル化したい","部門間の情報共有が手作業になっているため、現場へ定着しやすい業務システムの提案を募集しています。","事業エリアの拡大","手作業と紙中心の業務をデジタル化したい","部門間の情報共有が手作業になっているため、現場へ定着しやすい業務システムの提案を募集しています。","DX・IT","中","true","生産技術部","責任者","66","true","情報収集中","2026-08-30","true","本データはデモ用途の架空企業です。実在の企業・団体とは関係ありません。"
"FC-00494","株式会社アドバンスインダストリーグループ","株式会社 アドバンス インダストリー グループ","manufacturing","製造業","兵庫県","泉市","2017","378","中堅企業","4158","産業機器の製造","https://example.invalid/manufacturing/094","在庫差異と配送負担を減らしたい","在庫状況の把握に時間がかかっており、入出庫と配送計画を改善する提案を募集しています。","DX推進組織の新設","在庫差異と配送負担を減らしたい","在庫状況の把握に時間がかかっており、入出庫と配送計画を改善する提案を募集しています。","物流・在庫","高","true","生産技術部","企画担当","83","false","アプローチ準備中","2026-08-30","true","本データはデモ用途の架空企業です。実在の企業・団体とは関係ありません。"
"FC-00495","合同会社アドバンスインダストリーコーポレーション","合同会社 アドバンス インダストリー コーポレーション","manufacturing","製造業","山口県","丘陵市","1960","3315","大企業","39780","精密部品の加工・組立","https://example.invalid/manufacturing/095","エネルギー・運用費を削減したい","拠点運営費が増加しているため、効果を測定できる省エネ・コスト削減策を求めています。","安全管理方針の強化","エネルギー・運用費を削減したい","拠点運営費が増加しているため、効果を測定できる省エネ・コスト削減策を求めています。","コスト削減","低","true","生産技術部","部長","55","false","未対応","2026-08-30","true","本データはデモ用途の架空企業です。実在の企業・団体とは関係ありません。"
"FC-00496","株式会社インテグラインダストリーソリューションズ","株式会社 インテグラ インダストリー ソリューションズ","manufacturing","製造業","長崎県","未来市","1971","48","小規模","624","工場自動化設備の開発","https://example.invalid/manufacturing/096","設備の老朽化と保守負担を減らしたい","既存設備の故障と保守工数が増えており、更新計画と運用改善を一緒に提案できる企業を探しています。","業務提携の締結","設備の老朽化と保守負担を減らしたい","既存設備の故障と保守工数が増えており、更新計画と運用改善を一緒に提案できる企業を探しています。","設備・施設","中","true","生産技術部","課長","72","false","情報収集中","2026-08-30","true","本データはデモ用途の架空企業です。実在の企業・団体とは関係ありません。"
"FC-00497","合同会社インテグラインダストリーパートナーズ","合同会社 インテグラ インダストリー パートナーズ","manufacturing","製造業","青森県","中央市","1982","189","中小企業","2646","産業機器の製造","https://example.invalid/manufacturing/097","問い合わせと顧客対応を効率化したい","問い合わせ情報が複数部署に分散しており、対応状況を一元管理できる仕組みを探しています。","設備更新予算の増額","問い合わせと顧客対応を効率化したい","問い合わせ情報が複数部署に分散しており、対応状況を一元管理できる仕組みを探しています。","営業・顧客管理","高","true","生産技術部","責任者","89","false","アプローチ準備中","2026-08-30","true","本データはデモ用途の架空企業です。実在の企業・団体とは関係ありません。"
"FC-00498","株式会社インテグラインダストリーワークス","株式会社 インテグラ インダストリー ワークス","manufacturing","製造業","栃木県","緑市","1993","526","中堅企業","7890","精密部品の加工・組立","https://example.invalid/manufacturing/098","採用後の教育と定着を改善したい","人員拡大に対して教育担当者が不足しており、研修の標準化と定着支援を相談したいです。","省エネ投資の開始","採用後の教育と定着を改善したい","人員拡大に対して教育担当者が不足しており、研修の標準化と定着支援を相談したいです。","人材・労務","低","true","生産技術部","企画担当","61","false","未対応","2026-08-30","true","本データはデモ用途の架空企業です。実在の企業・団体とは関係ありません。"
"FC-00499","合同会社インテグラインダストリーグループ","合同会社 インテグラ インダストリー グループ","manufacturing","製造業","富山県","さくら市","2004","3463","大企業","55408","工場自動化設備の開発","https://example.invalid/manufacturing/099","新サービスの販売パートナーを探したい","新サービスの提供地域を広げるため、共同提案や販売連携が可能な企業を探しています。","新サービスの発表","新サービスの販売パートナーを探したい","新サービスの提供地域を広げるため、共同提案や販売連携が可能な企業を探しています。","事業開発","中","true","生産技術部","部長","78","false","情報収集中","2026-08-30","true","本データはデモ用途の架空企業です。実在の企業・団体とは関係ありません。"
"FC-00500","株式会社インテグラインダストリーコーポレーション","株式会社 インテグラ インダストリー コーポレーション","manufacturing","製造業","愛知県","ひかり市","2015","44","小規模","748","産業機器の製造","https://example.invalid/manufacturing/100","現場の安全管理と品質記録を強化したい","点検記録と事故予防の仕組みを見直しており、導入負担の小さい安全管理提案を受け付けています。","新拠点の開設計画","現場の安全管理と品質記録を強化したい","点検記録と事故予防の仕組みを見直しており、導入負担の小さい安全管理提案を受け付けています。","安全・品質","高","true","生産技術部","課長","95","false","アプローチ準備中","2026-08-30","true","本データはデモ用途の架空企業です。実在の企業・団体とは関係ありません。"
"FC-00501","合同会社アークエナジーソリューションズ","合同会社 アーク エナジー ソリューションズ","utilities","電気・ガス・熱供給・水道業","和歌山県","あおば市","1958","87","中小企業","1566","地域エネルギー供給","https://example.invalid/utilities/001","手作業と紙中心の業務をデジタル化したい","部門間の情報共有が手作業になっているため、現場へ定着しやすい業務システムの提案を募集しています。","人員採用の拡大","手作業と紙中心の業務をデジタル化したい","部門間の情報共有が手作業になっているため、現場へ定着しやすい業務システムの提案を募集しています。","DX・IT","低","true","インフラ管理部","責任者","67","false","未対応","2026-08-30","true","本データはデモ用途の架空企業です。実在の企業・団体とは関係ありません。"
"FC-00502","株式会社アークエナジーパートナーズ","株式会社 アーク エナジー パートナーズ","utilities","電気・ガス・熱供給・水道業","香川県","若葉市","1969","674","中堅企業","12806","水処理・インフラ運営","https://example.invalid/utilities/002","在庫差異と配送負担を減らしたい","在庫状況の把握に時間がかかっており、入出庫と配送計画を改善する提案を募集しています。","既存施設の改修","在庫差異と配送負担を減らしたい","在庫状況の把握に時間がかかっており、入出庫と配送計画を改善する提案を募集しています。","物流・在庫","中","true","インフラ管理部","企画担当","84","false","情報収集中","2026-08-30","true","本データはデモ用途の架空企業です。実在の企業・団体とは関係ありません。"
"FC-00503","合同会社アークエナジーワークス","合同会社 アーク エナジー ワークス","utilities","電気・ガス・熱供給・水道業","大分県","豊栄市","1980","3611","大企業","72220","再生可能エネルギー設備管理","https://example.invalid/utilities/003","エネルギー・運用費を削減したい","拠点運営費が増加しているため、効果を測定できる省エネ・コスト削減策を求めています。","事業エリアの拡大","エネルギー・運用費を削減したい","拠点運営費が増加しているため、効果を測定できる省エネ・コスト削減策を求めています。","コスト削減","高","true","インフラ管理部","部長","56","false","アプローチ準備中","2026-08-30","true","本データはデモ用途の架空企業です。実在の企業・団体とは関係ありません。"
"FC-00504","株式会社アークエナジーグループ","株式会社 アーク エナジー グループ","utilities","電気・ガス・熱供給・水道業","宮城県","清流市","1991","40","小規模","840","地域エネルギー供給","https://example.invalid/utilities/004","設備の老朽化と保守負担を減らしたい","既存設備の故障と保守工数が増えており、更新計画と運用改善を一緒に提案できる企業を探しています。","DX推進組織の新設","設備の老朽化と保守負担を減らしたい","既存設備の故障と保守工数が増えており、更新計画と運用改善を一緒に提案できる企業を探しています。","設備・施設","低","true","インフラ管理部","課長","73","false","未対応","2026-08-30","true","本データはデモ用途の架空企業です。実在の企業・団体とは関係ありません。"
"FC-00505","合同会社アークエナジーコーポレーション","合同会社 アーク エナジー コーポレーション","utilities","電気・ガス・熱供給・水道業","埼玉県","旭市","2002","235","中小企業","5170","水処理・インフラ運営","https://example.invalid/utilities/005","問い合わせと顧客対応を効率化したい","問い合わせ情報が複数部署に分散しており、対応状況を一元管理できる仕組みを探しています。","安全管理方針の強化","問い合わせと顧客対応を効率化したい","問い合わせ情報が複数部署に分散しており、対応状況を一元管理できる仕組みを探しています。","営業・顧客管理","中","true","インフラ管理部","責任者","90","false","情報収集中","2026-08-30","true","本データはデモ用途の架空企業です。実在の企業・団体とは関係ありません。"
"FC-00506","株式会社ネクサスエナジーソリューションズ","株式会社 ネクサス エナジー ソリューションズ","utilities","電気・ガス・熱供給・水道業","福井県","みなと市","2013","822","中堅企業","18906","再生可能エネルギー設備管理","https://example.invalid/utilities/006","採用後の教育と定着を改善したい","人員拡大に対して教育担当者が不足しており、研修の標準化と定着支援を相談したいです。","業務提携の締結","採用後の教育と定着を改善したい","人員拡大に対して教育担当者が不足しており、研修の標準化と定着支援を相談したいです。","人材・労務","高","true","インフラ管理部","企画担当","62","false","アプローチ準備中","2026-08-30","true","本データはデモ用途の架空企業です。実在の企業・団体とは関係ありません。"
"FC-00507","合同会社ネクサスエナジーパートナーズ","合同会社 ネクサス エナジー パートナーズ","utilities","電気・ガス・熱供給・水道業","滋賀県","高台市","1956","3759","大企業","90216","地域エネルギー供給","https://example.invalid/utilities/007","新サービスの販売パートナーを探したい","新サービスの提供地域を広げるため、共同提案や販売連携が可能な企業を探しています。","設備更新予算の増額","新サービスの販売パートナーを探したい","新サービスの提供地域を広げるため、共同提案や販売連携が可能な企業を探しています。","事業開発","低","true","インフラ管理部","部長","79","false","未対応","2026-08-30","true","本データはデモ用途の架空企業です。実在の企業・団体とは関係ありません。"
"FC-00508","株式会社ネクサスエナジーワークス","株式会社 ネクサス エナジー ワークス","utilities","電気・ガス・熱供給・水道業","島根県","新生市","1967","36","小規模","900","水処理・インフラ運営","https://example.invalid/utilities/008","現場の安全管理と品質記録を強化したい","点検記録と事故予防の仕組みを見直しており、導入負担の小さい安全管理提案を受け付けています。","省エネ投資の開始","現場の安全管理と品質記録を強化したい","点検記録と事故予防の仕組みを見直しており、導入負担の小さい安全管理提案を受け付けています。","安全・品質","中","true","インフラ管理部","課長","96","false","情報収集中","2026-08-30","true","本データはデモ用途の架空企業です。実在の企業・団体とは関係ありません。"
"FC-00509","合同会社ネクサスエナジーグループ","合同会社 ネクサス エナジー グループ","utilities","電気・ガス・熱供給・水道業","高知県","平和市","1978","133","中小企業","3458","再生可能エネルギー設備管理","https://example.invalid/utilities/009","手作業と紙中心の業務をデジタル化したい","部門間の情報共有が手作業になっているため、現場へ定着しやすい業務システムの提案を募集しています。","新サービスの発表","手作業と紙中心の業務をデジタル化したい","部門間の情報共有が手作業になっているため、現場へ定着しやすい業務システムの提案を募集しています。","DX・IT","高","true","インフラ管理部","責任者","68","false","アプローチ準備中","2026-08-30","true","本データはデモ用途の架空企業です。実在の企業・団体とは関係ありません。"
"FC-00510","株式会社ネクサスエナジーコーポレーション","株式会社 ネクサス エナジー コーポレーション","utilities","電気・ガス・熱供給・水道業","鹿児島県","希望市","1989","970","中堅企業","26190","地域エネルギー供給","https://example.invalid/utilities/010","在庫差異と配送負担を減らしたい","在庫状況の把握に時間がかかっており、入出庫と配送計画を改善する提案を募集しています。","新拠点の開設計画","在庫差異と配送負担を減らしたい","在庫状況の把握に時間がかかっており、入出庫と配送計画を改善する提案を募集しています。","物流・在庫","低","true","インフラ管理部","企画担当","85","true","未対応","2026-08-30","true","本データはデモ用途の架空企業です。実在の企業・団体とは関係ありません。"
"FC-00511","合同会社プライムエナジーソリューションズ","合同会社 プライム エナジー ソリューションズ","utilities","電気・ガス・熱供給・水道業","山形県","文化市","2000","3907","大企業","109396","水処理・インフラ運営","https://example.invalid/utilities/011","エネルギー・運用費を削減したい","拠点運営費が増加しているため、効果を測定できる省エネ・コスト削減策を求めています。","人員採用の拡大","エネルギー・運用費を削減したい","拠点運営費が増加しているため、効果を測定できる省エネ・コスト削減策を求めています。","コスト削減","中","true","インフラ管理部","部長","57","false","情報収集中","2026-08-30","true","本データはデモ用途の架空企業です。実在の企業・団体とは関係ありません。"
"FC-00512","株式会社プライムエナジーパートナーズ","株式会社 プライム エナジー パートナーズ","utilities","電気・ガス・熱供給・水道業","東京都","産業市","2011","32","小規模","928","再生可能エネルギー設備管理","https://example.invalid/utilities/012","設備の老朽化と保守負担を減らしたい","既存設備の故障と保守工数が増えており、更新計画と運用改善を一緒に提案できる企業を探しています。","既存施設の改修","設備の老朽化と保守負担を減らしたい","既存設備の故障と保守工数が増えており、更新計画と運用改善を一緒に提案できる企業を探しています。","設備・施設","高","true","インフラ管理部","課長","74","false","アプローチ準備中","2026-08-30","true","本データはデモ用途の架空企業です。実在の企業・団体とは関係ありません。"
"FC-00513","合同会社プライムエナジーワークス","合同会社 プライム エナジー ワークス","utilities","電気・ガス・熱供給・水道業","長野県","学園市","2022","281","中小企業","3091","地域エネルギー供給","https://example.invalid/utilities/013","問い合わせと顧客対応を効率化したい","問い合わせ情報が複数部署に分散しており、対応状況を一元管理できる仕組みを探しています。","事業エリアの拡大","問い合わせと顧客対応を効率化したい","問い合わせ情報が複数部署に分散しており、対応状況を一元管理できる仕組みを探しています。","営業・顧客管理","低","true","インフラ管理部","責任者","91","false","未対応","2026-08-30","true","本データはデモ用途の架空企業です。実在の企業・団体とは関係ありません。"
"FC-00514","株式会社プライムエナジーグループ","株式会社 プライム エナジー グループ","utilities","電気・ガス・熱供給・水道業","大阪府","泉市","1965","418","中堅企業","5016","水処理・インフラ運営","https://example.invalid/utilities/014","採用後の教育と定着を改善したい","人員拡大に対して教育担当者が不足しており、研修の標準化と定着支援を相談したいです。","DX推進組織の新設","採用後の教育と定着を改善したい","人員拡大に対して教育担当者が不足しており、研修の標準化と定着支援を相談したいです。","人材・労務","中","true","インフラ管理部","企画担当","63","false","情報収集中","2026-08-30","true","本データはデモ用途の架空企業です。実在の企業・団体とは関係ありません。"
"FC-00515","合同会社プライムエナジーコーポレーション","合同会社 プライム エナジー コーポレーション","utilities","電気・ガス・熱供給・水道業","広島県","丘陵市","1976","4055","大企業","52715","再生可能エネルギー設備管理","https://example.invalid/utilities/015","新サービスの販売パートナーを探したい","新サービスの提供地域を広げるため、共同提案や販売連携が可能な企業を探しています。","安全管理方針の強化","新サービスの販売パートナーを探したい","新サービスの提供地域を広げるため、共同提案や販売連携が可能な企業を探しています。","事業開発","高","true","インフラ管理部","部長","80","false","アプローチ準備中","2026-08-30","true","本データはデモ用途の架空企業です。実在の企業・団体とは関係ありません。"
"FC-00516","株式会社オルビスエナジーソリューションズ","株式会社 オルビス エナジー ソリューションズ","utilities","電気・ガス・熱供給・水道業","佐賀県","未来市","1987","28","小規模","392","地域エネルギー供給","https://example.invalid/utilities/016","現場の安全管理と品質記録を強化したい","点検記録と事故予防の仕組みを見直しており、導入負担の小さい安全管理提案を受け付けています。","業務提携の締結","現場の安全管理と品質記録を強化したい","点検記録と事故予防の仕組みを見直しており、導入負担の小さい安全管理提案を受け付けています。","安全・品質","低","true","インフラ管理部","課長","97","false","未対応","2026-08-30","true","本データはデモ用途の架空企業です。実在の企業・団体とは関係ありません。"
"FC-00517","合同会社オルビスエナジーパートナーズ","合同会社 オルビス エナジー パートナーズ","utilities","電気・ガス・熱供給・水道業","北海道","中央市","1998","179","中小企業","2685","水処理・インフラ運営","https://example.invalid/utilities/017","手作業と紙中心の業務をデジタル化したい","部門間の情報共有が手作業になっているため、現場へ定着しやすい業務システムの提案を募集しています。","設備更新予算の増額","手作業と紙中心の業務をデジタル化したい","部門間の情報共有が手作業になっているため、現場へ定着しやすい業務システムの提案を募集しています。","DX・IT","中","true","インフラ管理部","責任者","69","false","情報収集中","2026-08-30","true","本データはデモ用途の架空企業です。実在の企業・団体とは関係ありません。"
"FC-00518","株式会社オルビスエナジーワークス","株式会社 オルビス エナジー ワークス","utilities","電気・ガス・熱供給・水道業","茨城県","緑市","2009","566","中堅企業","9056","再生可能エネルギー設備管理","https://example.invalid/utilities/018","在庫差異と配送負担を減らしたい","在庫状況の把握に時間がかかっており、入出庫と配送計画を改善する提案を募集しています。","省エネ投資の開始","在庫差異と配送負担を減らしたい","在庫状況の把握に時間がかかっており、入出庫と配送計画を改善する提案を募集しています。","物流・在庫","高","true","インフラ管理部","企画担当","86","false","アプローチ準備中","2026-08-30","true","本データはデモ用途の架空企業です。実在の企業・団体とは関係ありません。"
"FC-00519","合同会社オルビスエナジーグループ","合同会社 オルビス エナジー グループ","utilities","電気・ガス・熱供給・水道業","新潟県","さくら市","2020","4203","大企業","71451","地域エネルギー供給","https://example.invalid/utilities/019","エネルギー・運用費を削減したい","拠点運営費が増加しているため、効果を測定できる省エネ・コスト削減策を求めています。","新サービスの発表","エネルギー・運用費を削減したい","拠点運営費が増加しているため、効果を測定できる省エネ・コスト削減策を求めています。","コスト削減","低","true","インフラ管理部","部長","58","false","未対応","2026-08-30","true","本データはデモ用途の架空企業です。実在の企業・団体とは関係ありません。"
"FC-00520","株式会社オルビスエナジーコーポレーション","株式会社 オルビス エナジー コーポレーション","utilities","電気・ガス・熱供給・水道業","静岡県","ひかり市","1963","24","小規模","432","水処理・インフラ運営","https://example.invalid/utilities/020","設備の老朽化と保守負担を減らしたい","既存設備の故障と保守工数が増えており、更新計画と運用改善を一緒に提案できる企業を探しています。","新拠点の開設計画","設備の老朽化と保守負担を減らしたい","既存設備の故障と保守工数が増えており、更新計画と運用改善を一緒に提案できる企業を探しています。","設備・施設","中","true","インフラ管理部","課長","75","false","情報収集中","2026-08-30","true","本データはデモ用途の架空企業です。実在の企業・団体とは関係ありません。"
"FC-00521","合同会社ノヴァエナジーソリューションズ","合同会社 ノヴァ エナジー ソリューションズ","utilities","電気・ガス・熱供給・水道業","奈良県","あおば市","1974","77","中小企業","1463","再生可能エネルギー設備管理","https://example.invalid/utilities/021","問い合わせと顧客対応を効率化したい","問い合わせ情報が複数部署に分散しており、対応状況を一元管理できる仕組みを探しています。","人員採用の拡大","問い合わせと顧客対応を効率化したい","問い合わせ情報が複数部署に分散しており、対応状況を一元管理できる仕組みを探しています。","営業・顧客管理","高","true","インフラ管理部","責任者","92","false","アプローチ準備中","2026-08-30","true","本データはデモ用途の架空企業です。実在の企業・団体とは関係ありません。"
"FC-00522","株式会社ノヴァエナジーパートナーズ","株式会社 ノヴァ エナジー パートナーズ","utilities","電気・ガス・熱供給・水道業","徳島県","若葉市","1985","714","中堅企業","14280","地域エネルギー供給","https://example.invalid/utilities/022","採用後の教育と定着を改善したい","人員拡大に対して教育担当者が不足しており、研修の標準化と定着支援を相談したいです。","既存施設の改修","採用後の教育と定着を改善したい","人員拡大に対して教育担当者が不足しており、研修の標準化と定着支援を相談したいです。","人材・労務","低","true","インフラ管理部","企画担当","64","false","未対応","2026-08-30","true","本データはデモ用途の架空企業です。実在の企業・団体とは関係ありません。"
"FC-00523","合同会社ノヴァエナジーワークス","合同会社 ノヴァ エナジー ワークス","utilities","電気・ガス・熱供給・水道業","熊本県","豊栄市","1996","4351","大企業","91371","水処理・インフラ運営","https://example.invalid/utilities/023","新サービスの販売パートナーを探したい","新サービスの提供地域を広げるため、共同提案や販売連携が可能な企業を探しています。","事業エリアの拡大","新サービスの販売パートナーを探したい","新サービスの提供地域を広げるため、共同提案や販売連携が可能な企業を探しています。","事業開発","中","true","インフラ管理部","部長","81","false","情報収集中","2026-08-30","true","本データはデモ用途の架空企業です。実在の企業・団体とは関係ありません。"
"FC-00524","株式会社ノヴァエナジーグループ","株式会社 ノヴァ エナジー グループ","utilities","電気・ガス・熱供給・水道業","岩手県","清流市","2007","20","小規模","440","再生可能エネルギー設備管理","https://example.invalid/utilities/024","現場の安全管理と品質記録を強化したい","点検記録と事故予防の仕組みを見直しており、導入負担の小さい安全管理提案を受け付けています。","DX推進組織の新設","現場の安全管理と品質記録を強化したい","点検記録と事故予防の仕組みを見直しており、導入負担の小さい安全管理提案を受け付けています。","安全・品質","高","true","インフラ管理部","課長","98","false","アプローチ準備中","2026-08-30","true","本データはデモ用途の架空企業です。実在の企業・団体とは関係ありません。"
"FC-00525","合同会社ノヴァエナジーコーポレーション","合同会社 ノヴァ エナジー コーポレーション","utilities","電気・ガス・熱供給・水道業","群馬県","旭市","2018","225","中小企業","5175","地域エネルギー供給","https://example.invalid/utilities/025","手作業と紙中心の業務をデジタル化したい","部門間の情報共有が手作業になっているため、現場へ定着しやすい業務システムの提案を募集しています。","安全管理方針の強化","手作業と紙中心の業務をデジタル化したい","部門間の情報共有が手作業になっているため、現場へ定着しやすい業務システムの提案を募集しています。","DX・IT","低","true","インフラ管理部","責任者","70","false","未対応","2026-08-30","true","本データはデモ用途の架空企業です。実在の企業・団体とは関係ありません。"
"FC-00526","株式会社ユニゾンエナジーソリューションズ","株式会社 ユニゾン エナジー ソリューションズ","utilities","電気・ガス・熱供給・水道業","石川県","みなと市","1961","862","中堅企業","20688","水処理・インフラ運営","https://example.invalid/utilities/026","在庫差異と配送負担を減らしたい","在庫状況の把握に時間がかかっており、入出庫と配送計画を改善する提案を募集しています。","業務提携の締結","在庫差異と配送負担を減らしたい","在庫状況の把握に時間がかかっており、入出庫と配送計画を改善する提案を募集しています。","物流・在庫","中","true","インフラ管理部","企画担当","87","false","情報収集中","2026-08-30","true","本データはデモ用途の架空企業です。実在の企業・団体とは関係ありません。"
"FC-00527","合同会社ユニゾンエナジーパートナーズ","合同会社 ユニゾン エナジー パートナーズ","utilities","電気・ガス・熱供給・水道業","三重県","高台市","1972","4499","大企業","112475","再生可能エネルギー設備管理","https://example.invalid/utilities/027","エネルギー・運用費を削減したい","拠点運営費が増加しているため、効果を測定できる省エネ・コスト削減策を求めています。","設備更新予算の増額","エネルギー・運用費を削減したい","拠点運営費が増加しているため、効果を測定できる省エネ・コスト削減策を求めています。","コスト削減","高","true","インフラ管理部","部長","59","true","アプローチ準備中","2026-08-30","true","本データはデモ用途の架空企業です。実在の企業・団体とは関係ありません。"
"FC-00528","株式会社ユニゾンエナジーワークス","株式会社 ユニゾン エナジー ワークス","utilities","電気・ガス・熱供給・水道業","鳥取県","新生市","1983","16","小規模","416","地域エネルギー供給","https://example.invalid/utilities/028","設備の老朽化と保守負担を減らしたい","既存設備の故障と保守工数が増えており、更新計画と運用改善を一緒に提案できる企業を探しています。","省エネ投資の開始","設備の老朽化と保守負担を減らしたい","既存設備の故障と保守工数が増えており、更新計画と運用改善を一緒に提案できる企業を探しています。","設備・施設","低","true","インフラ管理部","課長","76","false","未対応","2026-08-30","true","本データはデモ用途の架空企業です。実在の企業・団体とは関係ありません。"
"FC-00529","合同会社ユニゾンエナジーグループ","合同会社 ユニゾン エナジー グループ","utilities","電気・ガス・熱供給・水道業","愛媛県","平和市","1994","123","中小企業","3321","水処理・インフラ運営","https://example.invalid/utilities/029","問い合わせと顧客対応を効率化したい","問い合わせ情報が複数部署に分散しており、対応状況を一元管理できる仕組みを探しています。","新サービスの発表","問い合わせと顧客対応を効率化したい","問い合わせ情報が複数部署に分散しており、対応状況を一元管理できる仕組みを探しています。","営業・顧客管理","中","true","インフラ管理部","責任者","93","false","情報収集中","2026-08-30","true","本データはデモ用途の架空企業です。実在の企業・団体とは関係ありません。"
"FC-00530","株式会社ユニゾンエナジーコーポレーション","株式会社 ユニゾン エナジー コーポレーション","utilities","電気・ガス・熱供給・水道業","宮崎県","希望市","2005","310","中堅企業","8680","再生可能エネルギー設備管理","https://example.invalid/utilities/030","採用後の教育と定着を改善したい","人員拡大に対して教育担当者が不足しており、研修の標準化と定着支援を相談したいです。","新拠点の開設計画","採用後の教育と定着を改善したい","人員拡大に対して教育担当者が不足しており、研修の標準化と定着支援を相談したいです。","人材・労務","高","true","インフラ管理部","企画担当","65","false","アプローチ準備中","2026-08-30","true","本データはデモ用途の架空企業です。実在の企業・団体とは関係ありません。"
"FC-00531","合同会社ヴェリタスエナジーソリューションズ","合同会社 ヴェリタス エナジー ソリューションズ","utilities","電気・ガス・熱供給・水道業","秋田県","文化市","2016","4647","大企業","134763","地域エネルギー供給","https://example.invalid/utilities/031","新サービスの販売パートナーを探したい","新サービスの提供地域を広げるため、共同提案や販売連携が可能な企業を探しています。","人員採用の拡大","新サービスの販売パートナーを探したい","新サービスの提供地域を広げるため、共同提案や販売連携が可能な企業を探しています。","事業開発","低","true","インフラ管理部","部長","82","false","未対応","2026-08-30","true","本データはデモ用途の架空企業です。実在の企業・団体とは関係ありません。"
"FC-00532","株式会社ヴェリタスエナジーパートナーズ","株式会社 ヴェリタス エナジー パートナーズ","utilities","電気・ガス・熱供給・水道業","千葉県","産業市","1959","12","小規模","132","水処理・インフラ運営","https://example.invalid/utilities/032","現場の安全管理と品質記録を強化したい","点検記録と事故予防の仕組みを見直しており、導入負担の小さい安全管理提案を受け付けています。","既存施設の改修","現場の安全管理と品質記録を強化したい","点検記録と事故予防の仕組みを見直しており、導入負担の小さい安全管理提案を受け付けています。","安全・品質","中","true","インフラ管理部","課長","99","false","情報収集中","2026-08-30","true","本データはデモ用途の架空企業です。実在の企業・団体とは関係ありません。"
"FC-00533","合同会社ヴェリタスエナジーワークス","合同会社 ヴェリタス エナジー ワークス","utilities","電気・ガス・熱供給・水道業","山梨県","学園市","1970","271","中小企業","3252","再生可能エネルギー設備管理","https://example.invalid/utilities/033","手作業と紙中心の業務をデジタル化したい","部門間の情報共有が手作業になっているため、現場へ定着しやすい業務システムの提案を募集しています。","事業エリアの拡大","手作業と紙中心の業務をデジタル化したい","部門間の情報共有が手作業になっているため、現場へ定着しやすい業務システムの提案を募集しています。","DX・IT","高","true","インフラ管理部","責任者","71","false","アプローチ準備中","2026-08-30","true","本データはデモ用途の架空企業です。実在の企業・団体とは関係ありません。"
"FC-00534","株式会社ヴェリタスエナジーグループ","株式会社 ヴェリタス エナジー グループ","utilities","電気・ガス・熱供給・水道業","京都府","泉市","1981","458","中堅企業","5954","地域エネルギー供給","https://example.invalid/utilities/034","在庫差異と配送負担を減らしたい","在庫状況の把握に時間がかかっており、入出庫と配送計画を改善する提案を募集しています。","DX推進組織の新設","在庫差異と配送負担を減らしたい","在庫状況の把握に時間がかかっており、入出庫と配送計画を改善する提案を募集しています。","物流・在庫","低","true","インフラ管理部","企画担当","88","false","未対応","2026-08-30","true","本データはデモ用途の架空企業です。実在の企業・団体とは関係ありません。"
"FC-00535","合同会社ヴェリタスエナジーコーポレーション","合同会社 ヴェリタス エナジー コーポレーション","utilities","電気・ガス・熱供給・水道業","岡山県","丘陵市","1992","4795","大企業","67130","水処理・インフラ運営","https://example.invalid/utilities/035","エネルギー・運用費を削減したい","拠点運営費が増加しているため、効果を測定できる省エネ・コスト削減策を求めています。","安全管理方針の強化","エネルギー・運用費を削減したい","拠点運営費が増加しているため、効果を測定できる省エネ・コスト削減策を求めています。","コスト削減","中","true","インフラ管理部","部長","60","false","情報収集中","2026-08-30","true","本データはデモ用途の架空企業です。実在の企業・団体とは関係ありません。"
"FC-00536","株式会社セントラルエナジーソリューションズ","株式会社 セントラル エナジー ソリューションズ","utilities","電気・ガス・熱供給・水道業","福岡県","未来市","2003","46","小規模","690","再生可能エネルギー設備管理","https://example.invalid/utilities/036","設備の老朽化と保守負担を減らしたい","既存設備の故障と保守工数が増えており、更新計画と運用改善を一緒に提案できる企業を探しています。","業務提携の締結","設備の老朽化と保守負担を減らしたい","既存設備の故障と保守工数が増えており、更新計画と運用改善を一緒に提案できる企業を探しています。","設備・施設","高","true","インフラ管理部","課長","77","false","アプローチ準備中","2026-08-30","true","本データはデモ用途の架空企業です。実在の企業・団体とは関係ありません。"
"FC-00537","合同会社セントラルエナジーパートナーズ","合同会社 セントラル エナジー パートナーズ","utilities","電気・ガス・熱供給・水道業","沖縄県","中央市","2014","169","中小企業","2704","地域エネルギー供給","https://example.invalid/utilities/037","問い合わせと顧客対応を効率化したい","問い合わせ情報が複数部署に分散しており、対応状況を一元管理できる仕組みを探しています。","設備更新予算の増額","問い合わせと顧客対応を効率化したい","問い合わせ情報が複数部署に分散しており、対応状況を一元管理できる仕組みを探しています。","営業・顧客管理","低","true","インフラ管理部","責任者","94","false","未対応","2026-08-30","true","本データはデモ用途の架空企業です。実在の企業・団体とは関係ありません。"
"FC-00538","株式会社セントラルエナジーワークス","株式会社 セントラル エナジー ワークス","utilities","電気・ガス・熱供給・水道業","福島県","緑市","1957","606","中堅企業","10302","水処理・インフラ運営","https://example.invalid/utilities/038","採用後の教育と定着を改善したい","人員拡大に対して教育担当者が不足しており、研修の標準化と定着支援を相談したいです。","省エネ投資の開始","採用後の教育と定着を改善したい","人員拡大に対して教育担当者が不足しており、研修の標準化と定着支援を相談したいです。","人材・労務","中","true","インフラ管理部","企画担当","66","false","情報収集中","2026-08-30","true","本データはデモ用途の架空企業です。実在の企業・団体とは関係ありません。"
"FC-00539","合同会社セントラルエナジーグループ","合同会社 セントラル エナジー グループ","utilities","電気・ガス・熱供給・水道業","神奈川県","さくら市","1968","4943","大企業","88974","再生可能エネルギー設備管理","https://example.invalid/utilities/039","新サービスの販売パートナーを探したい","新サービスの提供地域を広げるため、共同提案や販売連携が可能な企業を探しています。","新サービスの発表","新サービスの販売パートナーを探したい","新サービスの提供地域を広げるため、共同提案や販売連携が可能な企業を探しています。","事業開発","高","true","インフラ管理部","部長","83","false","アプローチ準備中","2026-08-30","true","本データはデモ用途の架空企業です。実在の企業・団体とは関係ありません。"
"FC-00540","株式会社セントラルエナジーコーポレーション","株式会社 セントラル エナジー コーポレーション","utilities","電気・ガス・熱供給・水道業","岐阜県","ひかり市","1979","42","小規模","798","地域エネルギー供給","https://example.invalid/utilities/040","現場の安全管理と品質記録を強化したい","点検記録と事故予防の仕組みを見直しており、導入負担の小さい安全管理提案を受け付けています。","新拠点の開設計画","現場の安全管理と品質記録を強化したい","点検記録と事故予防の仕組みを見直しており、導入負担の小さい安全管理提案を受け付けています。","安全・品質","低","true","インフラ管理部","課長","55","false","未対応","2026-08-30","true","本データはデモ用途の架空企業です。実在の企業・団体とは関係ありません。"
"FC-00541","合同会社エレメントエナジーソリューションズ","合同会社 エレメント エナジー ソリューションズ","utilities","電気・ガス・熱供給・水道業","兵庫県","あおば市","1990","67","中小企業","1340","水処理・インフラ運営","https://example.invalid/utilities/041","手作業と紙中心の業務をデジタル化したい","部門間の情報共有が手作業になっているため、現場へ定着しやすい業務システムの提案を募集しています。","人員採用の拡大","手作業と紙中心の業務をデジタル化したい","部門間の情報共有が手作業になっているため、現場へ定着しやすい業務システムの提案を募集しています。","DX・IT","中","true","インフラ管理部","責任者","72","false","情報収集中","2026-08-30","true","本データはデモ用途の架空企業です。実在の企業・団体とは関係ありません。"
"FC-00542","株式会社エレメントエナジーパートナーズ","株式会社 エレメント エナジー パートナーズ","utilities","電気・ガス・熱供給・水道業","山口県","若葉市","2001","754","中堅企業","15834","再生可能エネルギー設備管理","https://example.invalid/utilities/042","在庫差異と配送負担を減らしたい","在庫状況の把握に時間がかかっており、入出庫と配送計画を改善する提案を募集しています。","既存施設の改修","在庫差異と配送負担を減らしたい","在庫状況の把握に時間がかかっており、入出庫と配送計画を改善する提案を募集しています。","物流・在庫","高","true","インフラ管理部","企画担当","89","false","アプローチ準備中","2026-08-30","true","本データはデモ用途の架空企業です。実在の企業・団体とは関係ありません。"
"FC-00543","合同会社エレメントエナジーワークス","合同会社 エレメント エナジー ワークス","utilities","電気・ガス・熱供給・水道業","長崎県","豊栄市","2012","1091","大企業","24002","地域エネルギー供給","https://example.invalid/utilities/043","エネルギー・運用費を削減したい","拠点運営費が増加しているため、効果を測定できる省エネ・コスト削減策を求めています。","事業エリアの拡大","エネルギー・運用費を削減したい","拠点運営費が増加しているため、効果を測定できる省エネ・コスト削減策を求めています。","コスト削減","低","true","インフラ管理部","部長","61","false","未対応","2026-08-30","true","本データはデモ用途の架空企業です。実在の企業・団体とは関係ありません。"
"FC-00544","株式会社エレメントエナジーグループ","株式会社 エレメント エナジー グループ","utilities","電気・ガス・熱供給・水道業","青森県","清流市","1955","38","小規模","874","水処理・インフラ運営","https://example.invalid/utilities/044","設備の老朽化と保守負担を減らしたい","既存設備の故障と保守工数が増えており、更新計画と運用改善を一緒に提案できる企業を探しています。","DX推進組織の新設","設備の老朽化と保守負担を減らしたい","既存設備の故障と保守工数が増えており、更新計画と運用改善を一緒に提案できる企業を探しています。","設備・施設","中","true","インフラ管理部","課長","78","true","情報収集中","2026-08-30","true","本データはデモ用途の架空企業です。実在の企業・団体とは関係ありません。"
"FC-00545","合同会社エレメントエナジーコーポレーション","合同会社 エレメント エナジー コーポレーション","utilities","電気・ガス・熱供給・水道業","栃木県","旭市","1966","215","中小企業","5160","再生可能エネルギー設備管理","https://example.invalid/utilities/045","問い合わせと顧客対応を効率化したい","問い合わせ情報が複数部署に分散しており、対応状況を一元管理できる仕組みを探しています。","安全管理方針の強化","問い合わせと顧客対応を効率化したい","問い合わせ情報が複数部署に分散しており、対応状況を一元管理できる仕組みを探しています。","営業・顧客管理","高","true","インフラ管理部","責任者","95","false","アプローチ準備中","2026-08-30","true","本データはデモ用途の架空企業です。実在の企業・団体とは関係ありません。"
"FC-00546","株式会社クレストエナジーソリューションズ","株式会社 クレスト エナジー ソリューションズ","utilities","電気・ガス・熱供給・水道業","富山県","みなと市","1977","902","中堅企業","22550","地域エネルギー供給","https://example.invalid/utilities/046","採用後の教育と定着を改善したい","人員拡大に対して教育担当者が不足しており、研修の標準化と定着支援を相談したいです。","業務提携の締結","採用後の教育と定着を改善したい","人員拡大に対して教育担当者が不足しており、研修の標準化と定着支援を相談したいです。","人材・労務","低","true","インフラ管理部","企画担当","67","false","未対応","2026-08-30","true","本データはデモ用途の架空企業です。実在の企業・団体とは関係ありません。"
"FC-00547","合同会社クレストエナジーパートナーズ","合同会社 クレスト エナジー パートナーズ","utilities","電気・ガス・熱供給・水道業","愛知県","高台市","1988","1239","大企業","32214","水処理・インフラ運営","https://example.invalid/utilities/047","新サービスの販売パートナーを探したい","新サービスの提供地域を広げるため、共同提案や販売連携が可能な企業を探しています。","設備更新予算の増額","新サービスの販売パートナーを探したい","新サービスの提供地域を広げるため、共同提案や販売連携が可能な企業を探しています。","事業開発","中","true","インフラ管理部","部長","84","false","情報収集中","2026-08-30","true","本データはデモ用途の架空企業です。実在の企業・団体とは関係ありません。"
"FC-00548","株式会社クレストエナジーワークス","株式会社 クレスト エナジー ワークス","utilities","電気・ガス・熱供給・水道業","和歌山県","新生市","1999","34","小規模","918","再生可能エネルギー設備管理","https://example.invalid/utilities/048","現場の安全管理と品質記録を強化したい","点検記録と事故予防の仕組みを見直しており、導入負担の小さい安全管理提案を受け付けています。","省エネ投資の開始","現場の安全管理と品質記録を強化したい","点検記録と事故予防の仕組みを見直しており、導入負担の小さい安全管理提案を受け付けています。","安全・品質","高","true","インフラ管理部","課長","56","false","アプローチ準備中","2026-08-30","true","本データはデモ用途の架空企業です。実在の企業・団体とは関係ありません。"
"FC-00549","合同会社クレストエナジーグループ","合同会社 クレスト エナジー グループ","utilities","電気・ガス・熱供給・水道業","香川県","平和市","2010","113","中小企業","3164","地域エネルギー供給","https://example.invalid/utilities/049","手作業と紙中心の業務をデジタル化したい","部門間の情報共有が手作業になっているため、現場へ定着しやすい業務システムの提案を募集しています。","新サービスの発表","手作業と紙中心の業務をデジタル化したい","部門間の情報共有が手作業になっているため、現場へ定着しやすい業務システムの提案を募集しています。","DX・IT","低","true","インフラ管理部","責任者","73","false","未対応","2026-08-30","true","本データはデモ用途の架空企業です。実在の企業・団体とは関係ありません。"
"FC-00550","株式会社クレストエナジーコーポレーション","株式会社 クレスト エナジー コーポレーション","utilities","電気・ガス・熱供給・水道業","大分県","希望市","2021","350","中堅企業","10150","水処理・インフラ運営","https://example.invalid/utilities/050","在庫差異と配送負担を減らしたい","在庫状況の把握に時間がかかっており、入出庫と配送計画を改善する提案を募集しています。","新拠点の開設計画","在庫差異と配送負担を減らしたい","在庫状況の把握に時間がかかっており、入出庫と配送計画を改善する提案を募集しています。","物流・在庫","中","true","インフラ管理部","企画担当","90","false","情報収集中","2026-08-30","true","本データはデモ用途の架空企業です。実在の企業・団体とは関係ありません。"
"FC-00551","合同会社シナジーエナジーソリューションズ","合同会社 シナジー エナジー ソリューションズ","utilities","電気・ガス・熱供給・水道業","宮城県","文化市","1964","1387","大企業","15257","再生可能エネルギー設備管理","https://example.invalid/utilities/051","エネルギー・運用費を削減したい","拠点運営費が増加しているため、効果を測定できる省エネ・コスト削減策を求めています。","人員採用の拡大","エネルギー・運用費を削減したい","拠点運営費が増加しているため、効果を測定できる省エネ・コスト削減策を求めています。","コスト削減","高","true","インフラ管理部","部長","62","false","アプローチ準備中","2026-08-30","true","本データはデモ用途の架空企業です。実在の企業・団体とは関係ありません。"
"FC-00552","株式会社シナジーエナジーパートナーズ","株式会社 シナジー エナジー パートナーズ","utilities","電気・ガス・熱供給・水道業","埼玉県","産業市","1975","30","小規模","360","地域エネルギー供給","https://example.invalid/utilities/052","設備の老朽化と保守負担を減らしたい","既存設備の故障と保守工数が増えており、更新計画と運用改善を一緒に提案できる企業を探しています。","既存施設の改修","設備の老朽化と保守負担を減らしたい","既存設備の故障と保守工数が増えており、更新計画と運用改善を一緒に提案できる企業を探しています。","設備・施設","低","true","インフラ管理部","課長","79","false","未対応","2026-08-30","true","本データはデモ用途の架空企業です。実在の企業・団体とは関係ありません。"
"FC-00553","合同会社シナジーエナジーワークス","合同会社 シナジー エナジー ワークス","utilities","電気・ガス・熱供給・水道業","福井県","学園市","1986","261","中小企業","3393","水処理・インフラ運営","https://example.invalid/utilities/053","問い合わせと顧客対応を効率化したい","問い合わせ情報が複数部署に分散しており、対応状況を一元管理できる仕組みを探しています。","事業エリアの拡大","問い合わせと顧客対応を効率化したい","問い合わせ情報が複数部署に分散しており、対応状況を一元管理できる仕組みを探しています。","営業・顧客管理","中","true","インフラ管理部","責任者","96","false","情報収集中","2026-08-30","true","本データはデモ用途の架空企業です。実在の企業・団体とは関係ありません。"
"FC-00554","株式会社シナジーエナジーグループ","株式会社 シナジー エナジー グループ","utilities","電気・ガス・熱供給・水道業","滋賀県","泉市","1997","498","中堅企業","6972","再生可能エネルギー設備管理","https://example.invalid/utilities/054","採用後の教育と定着を改善したい","人員拡大に対して教育担当者が不足しており、研修の標準化と定着支援を相談したいです。","DX推進組織の新設","採用後の教育と定着を改善したい","人員拡大に対して教育担当者が不足しており、研修の標準化と定着支援を相談したいです。","人材・労務","高","true","インフラ管理部","企画担当","68","false","アプローチ準備中","2026-08-30","true","本データはデモ用途の架空企業です。実在の企業・団体とは関係ありません。"
"FC-00555","合同会社シナジーエナジーコーポレーション","合同会社 シナジー エナジー コーポレーション","utilities","電気・ガス・熱供給・水道業","島根県","丘陵市","2008","1535","大企業","23025","地域エネルギー供給","https://example.invalid/utilities/055","新サービスの販売パートナーを探したい","新サービスの提供地域を広げるため、共同提案や販売連携が可能な企業を探しています。","安全管理方針の強化","新サービスの販売パートナーを探したい","新サービスの提供地域を広げるため、共同提案や販売連携が可能な企業を探しています。","事業開発","低","true","インフラ管理部","部長","85","false","未対応","2026-08-30","true","本データはデモ用途の架空企業です。実在の企業・団体とは関係ありません。"
"FC-00556","株式会社アクセルエナジーソリューションズ","株式会社 アクセル エナジー ソリューションズ","utilities","電気・ガス・熱供給・水道業","高知県","未来市","2019","26","小規模","416","水処理・インフラ運営","https://example.invalid/utilities/056","現場の安全管理と品質記録を強化したい","点検記録と事故予防の仕組みを見直しており、導入負担の小さい安全管理提案を受け付けています。","業務提携の締結","現場の安全管理と品質記録を強化したい","点検記録と事故予防の仕組みを見直しており、導入負担の小さい安全管理提案を受け付けています。","安全・品質","中","true","インフラ管理部","課長","57","false","情報収集中","2026-08-30","true","本データはデモ用途の架空企業です。実在の企業・団体とは関係ありません。"
"FC-00557","合同会社アクセルエナジーパートナーズ","合同会社 アクセル エナジー パートナーズ","utilities","電気・ガス・熱供給・水道業","鹿児島県","中央市","1962","159","中小企業","2703","再生可能エネルギー設備管理","https://example.invalid/utilities/057","手作業と紙中心の業務をデジタル化したい","部門間の情報共有が手作業になっているため、現場へ定着しやすい業務システムの提案を募集しています。","設備更新予算の増額","手作業と紙中心の業務をデジタル化したい","部門間の情報共有が手作業になっているため、現場へ定着しやすい業務システムの提案を募集しています。","DX・IT","高","true","インフラ管理部","責任者","74","false","アプローチ準備中","2026-08-30","true","本データはデモ用途の架空企業です。実在の企業・団体とは関係ありません。"
"FC-00558","株式会社アクセルエナジーワークス","株式会社 アクセル エナジー ワークス","utilities","電気・ガス・熱供給・水道業","山形県","緑市","1973","646","中堅企業","11628","地域エネルギー供給","https://example.invalid/utilities/058","在庫差異と配送負担を減らしたい","在庫状況の把握に時間がかかっており、入出庫と配送計画を改善する提案を募集しています。","省エネ投資の開始","在庫差異と配送負担を減らしたい","在庫状況の把握に時間がかかっており、入出庫と配送計画を改善する提案を募集しています。","物流・在庫","低","true","インフラ管理部","企画担当","91","false","未対応","2026-08-30","true","本データはデモ用途の架空企業です。実在の企業・団体とは関係ありません。"
"FC-00559","合同会社アクセルエナジーグループ","合同会社 アクセル エナジー グループ","utilities","電気・ガス・熱供給・水道業","東京都","さくら市","1984","1683","大企業","31977","水処理・インフラ運営","https://example.invalid/utilities/059","エネルギー・運用費を削減したい","拠点運営費が増加しているため、効果を測定できる省エネ・コスト削減策を求めています。","新サービスの発表","エネルギー・運用費を削減したい","拠点運営費が増加しているため、効果を測定できる省エネ・コスト削減策を求めています。","コスト削減","中","true","インフラ管理部","部長","63","false","情報収集中","2026-08-30","true","本データはデモ用途の架空企業です。実在の企業・団体とは関係ありません。"
"FC-00560","株式会社アクセルエナジーコーポレーション","株式会社 アクセル エナジー コーポレーション","utilities","電気・ガス・熱供給・水道業","長野県","ひかり市","1995","22","小規模","440","再生可能エネルギー設備管理","https://example.invalid/utilities/060","設備の老朽化と保守負担を減らしたい","既存設備の故障と保守工数が増えており、更新計画と運用改善を一緒に提案できる企業を探しています。","新拠点の開設計画","設備の老朽化と保守負担を減らしたい","既存設備の故障と保守工数が増えており、更新計画と運用改善を一緒に提案できる企業を探しています。","設備・施設","高","true","インフラ管理部","課長","80","false","アプローチ準備中","2026-08-30","true","本データはデモ用途の架空企業です。実在の企業・団体とは関係ありません。"
"FC-00561","合同会社リードエナジーソリューションズ","合同会社 リード エナジー ソリューションズ","utilities","電気・ガス・熱供給・水道業","大阪府","あおば市","2006","57","中小企業","1197","地域エネルギー供給","https://example.invalid/utilities/061","問い合わせと顧客対応を効率化したい","問い合わせ情報が複数部署に分散しており、対応状況を一元管理できる仕組みを探しています。","人員採用の拡大","問い合わせと顧客対応を効率化したい","問い合わせ情報が複数部署に分散しており、対応状況を一元管理できる仕組みを探しています。","営業・顧客管理","低","true","インフラ管理部","責任者","97","true","未対応","2026-08-30","true","本データはデモ用途の架空企業です。実在の企業・団体とは関係ありません。"
"FC-00562","株式会社リードエナジーパートナーズ","株式会社 リード エナジー パートナーズ","utilities","電気・ガス・熱供給・水道業","広島県","若葉市","2017","794","中堅企業","17468","水処理・インフラ運営","https://example.invalid/utilities/062","採用後の教育と定着を改善したい","人員拡大に対して教育担当者が不足しており、研修の標準化と定着支援を相談したいです。","既存施設の改修","採用後の教育と定着を改善したい","人員拡大に対して教育担当者が不足しており、研修の標準化と定着支援を相談したいです。","人材・労務","中","true","インフラ管理部","企画担当","69","false","情報収集中","2026-08-30","true","本データはデモ用途の架空企業です。実在の企業・団体とは関係ありません。"
"FC-00563","合同会社リードエナジーワークス","合同会社 リード エナジー ワークス","utilities","電気・ガス・熱供給・水道業","佐賀県","豊栄市","1960","1831","大企業","42113","再生可能エネルギー設備管理","https://example.invalid/utilities/063","新サービスの販売パートナーを探したい","新サービスの提供地域を広げるため、共同提案や販売連携が可能な企業を探しています。","事業エリアの拡大","新サービスの販売パートナーを探したい","新サービスの提供地域を広げるため、共同提案や販売連携が可能な企業を探しています。","事業開発","高","true","インフラ管理部","部長","86","false","アプローチ準備中","2026-08-30","true","本データはデモ用途の架空企業です。実在の企業・団体とは関係ありません。"
"FC-00564","株式会社リードエナジーグループ","株式会社 リード エナジー グループ","utilities","電気・ガス・熱供給・水道業","北海道","清流市","1971","18","小規模","432","地域エネルギー供給","https://example.invalid/utilities/064","現場の安全管理と品質記録を強化したい","点検記録と事故予防の仕組みを見直しており、導入負担の小さい安全管理提案を受け付けています。","DX推進組織の新設","現場の安全管理と品質記録を強化したい","点検記録と事故予防の仕組みを見直しており、導入負担の小さい安全管理提案を受け付けています。","安全・品質","低","true","インフラ管理部","課長","58","false","未対応","2026-08-30","true","本データはデモ用途の架空企業です。実在の企業・団体とは関係ありません。"
"FC-00565","合同会社リードエナジーコーポレーション","合同会社 リード エナジー コーポレーション","utilities","電気・ガス・熱供給・水道業","茨城県","旭市","1982","205","中小企業","5125","水処理・インフラ運営","https://example.invalid/utilities/065","手作業と紙中心の業務をデジタル化したい","部門間の情報共有が手作業になっているため、現場へ定着しやすい業務システムの提案を募集しています。","安全管理方針の強化","手作業と紙中心の業務をデジタル化したい","部門間の情報共有が手作業になっているため、現場へ定着しやすい業務システムの提案を募集しています。","DX・IT","中","true","インフラ管理部","責任者","75","false","情報収集中","2026-08-30","true","本データはデモ用途の架空企業です。実在の企業・団体とは関係ありません。"
"FC-00566","株式会社ハーモニーエナジーソリューションズ","株式会社 ハーモニー エナジー ソリューションズ","utilities","電気・ガス・熱供給・水道業","新潟県","みなと市","1993","942","中堅企業","24492","再生可能エネルギー設備管理","https://example.invalid/utilities/066","在庫差異と配送負担を減らしたい","在庫状況の把握に時間がかかっており、入出庫と配送計画を改善する提案を募集しています。","業務提携の締結","在庫差異と配送負担を減らしたい","在庫状況の把握に時間がかかっており、入出庫と配送計画を改善する提案を募集しています。","物流・在庫","高","true","インフラ管理部","企画担当","92","false","アプローチ準備中","2026-08-30","true","本データはデモ用途の架空企業です。実在の企業・団体とは関係ありません。"
"FC-00567","合同会社ハーモニーエナジーパートナーズ","合同会社 ハーモニー エナジー パートナーズ","utilities","電気・ガス・熱供給・水道業","静岡県","高台市","2004","1979","大企業","53433","地域エネルギー供給","https://example.invalid/utilities/067","エネルギー・運用費を削減したい","拠点運営費が増加しているため、効果を測定できる省エネ・コスト削減策を求めています。","設備更新予算の増額","エネルギー・運用費を削減したい","拠点運営費が増加しているため、効果を測定できる省エネ・コスト削減策を求めています。","コスト削減","低","true","インフラ管理部","部長","64","false","未対応","2026-08-30","true","本データはデモ用途の架空企業です。実在の企業・団体とは関係ありません。"
"FC-00568","株式会社ハーモニーエナジーワークス","株式会社 ハーモニー エナジー ワークス","utilities","電気・ガス・熱供給・水道業","奈良県","新生市","2015","14","小規模","392","水処理・インフラ運営","https://example.invalid/utilities/068","設備の老朽化と保守負担を減らしたい","既存設備の故障と保守工数が増えており、更新計画と運用改善を一緒に提案できる企業を探しています。","省エネ投資の開始","設備の老朽化と保守負担を減らしたい","既存設備の故障と保守工数が増えており、更新計画と運用改善を一緒に提案できる企業を探しています。","設備・施設","中","true","インフラ管理部","課長","81","false","情報収集中","2026-08-30","true","本データはデモ用途の架空企業です。実在の企業・団体とは関係ありません。"
"FC-00569","合同会社ハーモニーエナジーグループ","合同会社 ハーモニー エナジー グループ","utilities","電気・ガス・熱供給・水道業","徳島県","平和市","1958","103","中小企業","2987","再生可能エネルギー設備管理","https://example.invalid/utilities/069","問い合わせと顧客対応を効率化したい","問い合わせ情報が複数部署に分散しており、対応状況を一元管理できる仕組みを探しています。","新サービスの発表","問い合わせと顧客対応を効率化したい","問い合わせ情報が複数部署に分散しており、対応状況を一元管理できる仕組みを探しています。","営業・顧客管理","高","true","インフラ管理部","責任者","98","false","アプローチ準備中","2026-08-30","true","本データはデモ用途の架空企業です。実在の企業・団体とは関係ありません。"
"FC-00570","株式会社ハーモニーエナジーコーポレーション","株式会社 ハーモニー エナジー コーポレーション","utilities","電気・ガス・熱供給・水道業","熊本県","希望市","1969","390","中堅企業","4290","地域エネルギー供給","https://example.invalid/utilities/070","採用後の教育と定着を改善したい","人員拡大に対して教育担当者が不足しており、研修の標準化と定着支援を相談したいです。","新拠点の開設計画","採用後の教育と定着を改善したい","人員拡大に対して教育担当者が不足しており、研修の標準化と定着支援を相談したいです。","人材・労務","低","true","インフラ管理部","企画担当","70","false","未対応","2026-08-30","true","本データはデモ用途の架空企業です。実在の企業・団体とは関係ありません。"
"FC-00571","合同会社ブリッジエナジーソリューションズ","合同会社 ブリッジ エナジー ソリューションズ","utilities","電気・ガス・熱供給・水道業","岩手県","文化市","1980","2127","大企業","25524","水処理・インフラ運営","https://example.invalid/utilities/071","新サービスの販売パートナーを探したい","新サービスの提供地域を広げるため、共同提案や販売連携が可能な企業を探しています。","人員採用の拡大","新サービスの販売パートナーを探したい","新サービスの提供地域を広げるため、共同提案や販売連携が可能な企業を探しています。","事業開発","中","true","インフラ管理部","部長","87","false","情報収集中","2026-08-30","true","本データはデモ用途の架空企業です。実在の企業・団体とは関係ありません。"
"FC-00572","株式会社ブリッジエナジーパートナーズ","株式会社 ブリッジ エナジー パートナーズ","utilities","電気・ガス・熱供給・水道業","群馬県","産業市","1991","48","小規模","624","再生可能エネルギー設備管理","https://example.invalid/utilities/072","現場の安全管理と品質記録を強化したい","点検記録と事故予防の仕組みを見直しており、導入負担の小さい安全管理提案を受け付けています。","既存施設の改修","現場の安全管理と品質記録を強化したい","点検記録と事故予防の仕組みを見直しており、導入負担の小さい安全管理提案を受け付けています。","安全・品質","高","true","インフラ管理部","課長","59","false","アプローチ準備中","2026-08-30","true","本データはデモ用途の架空企業です。実在の企業・団体とは関係ありません。"
"FC-00573","合同会社ブリッジエナジーワークス","合同会社 ブリッジ エナジー ワークス","utilities","電気・ガス・熱供給・水道業","石川県","学園市","2002","251","中小企業","3514","地域エネルギー供給","https://example.invalid/utilities/073","手作業と紙中心の業務をデジタル化したい","部門間の情報共有が手作業になっているため、現場へ定着しやすい業務システムの提案を募集しています。","事業エリアの拡大","手作業と紙中心の業務をデジタル化したい","部門間の情報共有が手作業になっているため、現場へ定着しやすい業務システムの提案を募集しています。","DX・IT","低","true","インフラ管理部","責任者","76","false","未対応","2026-08-30","true","本データはデモ用途の架空企業です。実在の企業・団体とは関係ありません。"
"FC-00574","株式会社ブリッジエナジーグループ","株式会社 ブリッジ エナジー グループ","utilities","電気・ガス・熱供給・水道業","三重県","泉市","2013","538","中堅企業","8070","水処理・インフラ運営","https://example.invalid/utilities/074","在庫差異と配送負担を減らしたい","在庫状況の把握に時間がかかっており、入出庫と配送計画を改善する提案を募集しています。","DX推進組織の新設","在庫差異と配送負担を減らしたい","在庫状況の把握に時間がかかっており、入出庫と配送計画を改善する提案を募集しています。","物流・在庫","中","true","インフラ管理部","企画担当","93","false","情報収集中","2026-08-30","true","本データはデモ用途の架空企業です。実在の企業・団体とは関係ありません。"
"FC-00575","合同会社ブリッジエナジーコーポレーション","合同会社 ブリッジ エナジー コーポレーション","utilities","電気・ガス・熱供給・水道業","鳥取県","丘陵市","1956","2275","大企業","36400","再生可能エネルギー設備管理","https://example.invalid/utilities/075","エネルギー・運用費を削減したい","拠点運営費が増加しているため、効果を測定できる省エネ・コスト削減策を求めています。","安全管理方針の強化","エネルギー・運用費を削減したい","拠点運営費が増加しているため、効果を測定できる省エネ・コスト削減策を求めています。","コスト削減","高","true","インフラ管理部","部長","65","false","アプローチ準備中","2026-08-30","true","本データはデモ用途の架空企業です。実在の企業・団体とは関係ありません。"
"FC-00576","株式会社フォーカスエナジーソリューションズ","株式会社 フォーカス エナジー ソリューションズ","utilities","電気・ガス・熱供給・水道業","愛媛県","未来市","1967","44","小規模","748","地域エネルギー供給","https://example.invalid/utilities/076","設備の老朽化と保守負担を減らしたい","既存設備の故障と保守工数が増えており、更新計画と運用改善を一緒に提案できる企業を探しています。","業務提携の締結","設備の老朽化と保守負担を減らしたい","既存設備の故障と保守工数が増えており、更新計画と運用改善を一緒に提案できる企業を探しています。","設備・施設","低","true","インフラ管理部","課長","82","false","未対応","2026-08-30","true","本データはデモ用途の架空企業です。実在の企業・団体とは関係ありません。"
"FC-00577","合同会社フォーカスエナジーパートナーズ","合同会社 フォーカス エナジー パートナーズ","utilities","電気・ガス・熱供給・水道業","宮崎県","中央市","1978","149","中小企業","2682","水処理・インフラ運営","https://example.invalid/utilities/077","問い合わせと顧客対応を効率化したい","問い合わせ情報が複数部署に分散しており、対応状況を一元管理できる仕組みを探しています。","設備更新予算の増額","問い合わせと顧客対応を効率化したい","問い合わせ情報が複数部署に分散しており、対応状況を一元管理できる仕組みを探しています。","営業・顧客管理","中","true","インフラ管理部","責任者","99","false","情報収集中","2026-08-30","true","本データはデモ用途の架空企業です。実在の企業・団体とは関係ありません。"
"FC-00578","株式会社フォーカスエナジーワークス","株式会社 フォーカス エナジー ワークス","utilities","電気・ガス・熱供給・水道業","秋田県","緑市","1989","686","中堅企業","13034","再生可能エネルギー設備管理","https://example.invalid/utilities/078","採用後の教育と定着を改善したい","人員拡大に対して教育担当者が不足しており、研修の標準化と定着支援を相談したいです。","省エネ投資の開始","採用後の教育と定着を改善したい","人員拡大に対して教育担当者が不足しており、研修の標準化と定着支援を相談したいです。","人材・労務","高","true","インフラ管理部","企画担当","71","true","アプローチ準備中","2026-08-30","true","本データはデモ用途の架空企業です。実在の企業・団体とは関係ありません。"
"FC-00579","合同会社フォーカスエナジーグループ","合同会社 フォーカス エナジー グループ","utilities","電気・ガス・熱供給・水道業","千葉県","さくら市","2000","2423","大企業","48460","地域エネルギー供給","https://example.invalid/utilities/079","新サービスの販売パートナーを探したい","新サービスの提供地域を広げるため、共同提案や販売連携が可能な企業を探しています。","新サービスの発表","新サービスの販売パートナーを探したい","新サービスの提供地域を広げるため、共同提案や販売連携が可能な企業を探しています。","事業開発","低","true","インフラ管理部","部長","88","false","未対応","2026-08-30","true","本データはデモ用途の架空企業です。実在の企業・団体とは関係ありません。"
"FC-00580","株式会社フォーカスエナジーコーポレーション","株式会社 フォーカス エナジー コーポレーション","utilities","電気・ガス・熱供給・水道業","山梨県","ひかり市","2011","40","小規模","840","水処理・インフラ運営","https://example.invalid/utilities/080","現場の安全管理と品質記録を強化したい","点検記録と事故予防の仕組みを見直しており、導入負担の小さい安全管理提案を受け付けています。","新拠点の開設計画","現場の安全管理と品質記録を強化したい","点検記録と事故予防の仕組みを見直しており、導入負担の小さい安全管理提案を受け付けています。","安全・品質","中","true","インフラ管理部","課長","60","false","情報収集中","2026-08-30","true","本データはデモ用途の架空企業です。実在の企業・団体とは関係ありません。"
"FC-00581","合同会社ビジョンエナジーソリューションズ","合同会社 ビジョン エナジー ソリューションズ","utilities","電気・ガス・熱供給・水道業","京都府","あおば市","2022","297","中小企業","6534","再生可能エネルギー設備管理","https://example.invalid/utilities/081","手作業と紙中心の業務をデジタル化したい","部門間の情報共有が手作業になっているため、現場へ定着しやすい業務システムの提案を募集しています。","人員採用の拡大","手作業と紙中心の業務をデジタル化したい","部門間の情報共有が手作業になっているため、現場へ定着しやすい業務システムの提案を募集しています。","DX・IT","高","true","インフラ管理部","責任者","77","false","アプローチ準備中","2026-08-30","true","本データはデモ用途の架空企業です。実在の企業・団体とは関係ありません。"
"FC-00582","株式会社ビジョンエナジーパートナーズ","株式会社 ビジョン エナジー パートナーズ","utilities","電気・ガス・熱供給・水道業","岡山県","若葉市","1965","834","中堅企業","19182","地域エネルギー供給","https://example.invalid/utilities/082","在庫差異と配送負担を減らしたい","在庫状況の把握に時間がかかっており、入出庫と配送計画を改善する提案を募集しています。","既存施設の改修","在庫差異と配送負担を減らしたい","在庫状況の把握に時間がかかっており、入出庫と配送計画を改善する提案を募集しています。","物流・在庫","低","true","インフラ管理部","企画担当","94","false","未対応","2026-08-30","true","本データはデモ用途の架空企業です。実在の企業・団体とは関係ありません。"
"FC-00583","合同会社ビジョンエナジーワークス","合同会社 ビジョン エナジー ワークス","utilities","電気・ガス・熱供給・水道業","福岡県","豊栄市","1976","2571","大企業","61704","水処理・インフラ運営","https://example.invalid/utilities/083","エネルギー・運用費を削減したい","拠点運営費が増加しているため、効果を測定できる省エネ・コスト削減策を求めています。","事業エリアの拡大","エネルギー・運用費を削減したい","拠点運営費が増加しているため、効果を測定できる省エネ・コスト削減策を求めています。","コスト削減","中","true","インフラ管理部","部長","66","false","情報収集中","2026-08-30","true","本データはデモ用途の架空企業です。実在の企業・団体とは関係ありません。"
"FC-00584","株式会社ビジョンエナジーグループ","株式会社 ビジョン エナジー グループ","utilities","電気・ガス・熱供給・水道業","沖縄県","清流市","1987","36","小規模","900","再生可能エネルギー設備管理","https://example.invalid/utilities/084","設備の老朽化と保守負担を減らしたい","既存設備の故障と保守工数が増えており、更新計画と運用改善を一緒に提案できる企業を探しています。","DX推進組織の新設","設備の老朽化と保守負担を減らしたい","既存設備の故障と保守工数が増えており、更新計画と運用改善を一緒に提案できる企業を探しています。","設備・施設","高","true","インフラ管理部","課長","83","false","アプローチ準備中","2026-08-30","true","本データはデモ用途の架空企業です。実在の企業・団体とは関係ありません。"
"FC-00585","合同会社ビジョンエナジーコーポレーション","合同会社 ビジョン エナジー コーポレーション","utilities","電気・ガス・熱供給・水道業","福島県","旭市","1998","195","中小企業","5070","地域エネルギー供給","https://example.invalid/utilities/085","問い合わせと顧客対応を効率化したい","問い合わせ情報が複数部署に分散しており、対応状況を一元管理できる仕組みを探しています。","安全管理方針の強化","問い合わせと顧客対応を効率化したい","問い合わせ情報が複数部署に分散しており、対応状況を一元管理できる仕組みを探しています。","営業・顧客管理","低","true","インフラ管理部","責任者","55","false","未対応","2026-08-30","true","本データはデモ用途の架空企業です。実在の企業・団体とは関係ありません。"
"FC-00586","株式会社コアエナジーソリューションズ","株式会社 コア エナジー ソリューションズ","utilities","電気・ガス・熱供給・水道業","神奈川県","みなと市","2009","982","中堅企業","26514","水処理・インフラ運営","https://example.invalid/utilities/086","採用後の教育と定着を改善したい","人員拡大に対して教育担当者が不足しており、研修の標準化と定着支援を相談したいです。","業務提携の締結","採用後の教育と定着を改善したい","人員拡大に対して教育担当者が不足しており、研修の標準化と定着支援を相談したいです。","人材・労務","中","true","インフラ管理部","企画担当","72","false","情報収集中","2026-08-30","true","本データはデモ用途の架空企業です。実在の企業・団体とは関係ありません。"
"FC-00587","合同会社コアエナジーパートナーズ","合同会社 コア エナジー パートナーズ","utilities","電気・ガス・熱供給・水道業","岐阜県","高台市","2020","2719","大企業","76132","再生可能エネルギー設備管理","https://example.invalid/utilities/087","新サービスの販売パートナーを探したい","新サービスの提供地域を広げるため、共同提案や販売連携が可能な企業を探しています。","設備更新予算の増額","新サービスの販売パートナーを探したい","新サービスの提供地域を広げるため、共同提案や販売連携が可能な企業を探しています。","事業開発","高","true","インフラ管理部","部長","89","false","アプローチ準備中","2026-08-30","true","本データはデモ用途の架空企業です。実在の企業・団体とは関係ありません。"
"FC-00588","株式会社コアエナジーワークス","株式会社 コア エナジー ワークス","utilities","電気・ガス・熱供給・水道業","兵庫県","新生市","1963","32","小規模","928","地域エネルギー供給","https://example.invalid/utilities/088","現場の安全管理と品質記録を強化したい","点検記録と事故予防の仕組みを見直しており、導入負担の小さい安全管理提案を受け付けています。","省エネ投資の開始","現場の安全管理と品質記録を強化したい","点検記録と事故予防の仕組みを見直しており、導入負担の小さい安全管理提案を受け付けています。","安全・品質","低","true","インフラ管理部","課長","61","false","未対応","2026-08-30","true","本データはデモ用途の架空企業です。実在の企業・団体とは関係ありません。"
"FC-00589","合同会社コアエナジーグループ","合同会社 コア エナジー グループ","utilities","電気・ガス・熱供給・水道業","山口県","平和市","1974","93","中小企業","1023","水処理・インフラ運営","https://example.invalid/utilities/089","手作業と紙中心の業務をデジタル化したい","部門間の情報共有が手作業になっているため、現場へ定着しやすい業務システムの提案を募集しています。","新サービスの発表","手作業と紙中心の業務をデジタル化したい","部門間の情報共有が手作業になっているため、現場へ定着しやすい業務システムの提案を募集しています。","DX・IT","中","true","インフラ管理部","責任者","78","false","情報収集中","2026-08-30","true","本データはデモ用途の架空企業です。実在の企業・団体とは関係ありません。"
"FC-00590","株式会社コアエナジーコーポレーション","株式会社 コア エナジー コーポレーション","utilities","電気・ガス・熱供給・水道業","長崎県","希望市","1985","430","中堅企業","5160","再生可能エネルギー設備管理","https://example.invalid/utilities/090","在庫差異と配送負担を減らしたい","在庫状況の把握に時間がかかっており、入出庫と配送計画を改善する提案を募集しています。","新拠点の開設計画","在庫差異と配送負担を減らしたい","在庫状況の把握に時間がかかっており、入出庫と配送計画を改善する提案を募集しています。","物流・在庫","高","true","インフラ管理部","企画担当","95","false","アプローチ準備中","2026-08-30","true","本データはデモ用途の架空企業です。実在の企業・団体とは関係ありません。"
"FC-00591","合同会社アドバンスエナジーソリューションズ","合同会社 アドバンス エナジー ソリューションズ","utilities","電気・ガス・熱供給・水道業","青森県","文化市","1996","2867","大企業","37271","地域エネルギー供給","https://example.invalid/utilities/091","エネルギー・運用費を削減したい","拠点運営費が増加しているため、効果を測定できる省エネ・コスト削減策を求めています。","人員採用の拡大","エネルギー・運用費を削減したい","拠点運営費が増加しているため、効果を測定できる省エネ・コスト削減策を求めています。","コスト削減","低","true","インフラ管理部","部長","67","false","未対応","2026-08-30","true","本データはデモ用途の架空企業です。実在の企業・団体とは関係ありません。"
"FC-00592","株式会社アドバンスエナジーパートナーズ","株式会社 アドバンス エナジー パートナーズ","utilities","電気・ガス・熱供給・水道業","栃木県","産業市","2007","28","小規模","392","水処理・インフラ運営","https://example.invalid/utilities/092","設備の老朽化と保守負担を減らしたい","既存設備の故障と保守工数が増えており、更新計画と運用改善を一緒に提案できる企業を探しています。","既存施設の改修","設備の老朽化と保守負担を減らしたい","既存設備の故障と保守工数が増えており、更新計画と運用改善を一緒に提案できる企業を探しています。","設備・施設","中","true","インフラ管理部","課長","84","false","情報収集中","2026-08-30","true","本データはデモ用途の架空企業です。実在の企業・団体とは関係ありません。"
"FC-00593","合同会社アドバンスエナジーワークス","合同会社 アドバンス エナジー ワークス","utilities","電気・ガス・熱供給・水道業","富山県","学園市","2018","241","中小企業","3615","再生可能エネルギー設備管理","https://example.invalid/utilities/093","問い合わせと顧客対応を効率化したい","問い合わせ情報が複数部署に分散しており、対応状況を一元管理できる仕組みを探しています。","事業エリアの拡大","問い合わせと顧客対応を効率化したい","問い合わせ情報が複数部署に分散しており、対応状況を一元管理できる仕組みを探しています。","営業・顧客管理","高","true","インフラ管理部","責任者","56","false","アプローチ準備中","2026-08-30","true","本データはデモ用途の架空企業です。実在の企業・団体とは関係ありません。"
"FC-00594","株式会社アドバンスエナジーグループ","株式会社 アドバンス エナジー グループ","utilities","電気・ガス・熱供給・水道業","愛知県","泉市","1961","578","中堅企業","9248","地域エネルギー供給","https://example.invalid/utilities/094","採用後の教育と定着を改善したい","人員拡大に対して教育担当者が不足しており、研修の標準化と定着支援を相談したいです。","DX推進組織の新設","採用後の教育と定着を改善したい","人員拡大に対して教育担当者が不足しており、研修の標準化と定着支援を相談したいです。","人材・労務","低","true","インフラ管理部","企画担当","73","false","未対応","2026-08-30","true","本データはデモ用途の架空企業です。実在の企業・団体とは関係ありません。"
"FC-00595","合同会社アドバンスエナジーコーポレーション","合同会社 アドバンス エナジー コーポレーション","utilities","電気・ガス・熱供給・水道業","和歌山県","丘陵市","1972","3015","大企業","51255","水処理・インフラ運営","https://example.invalid/utilities/095","新サービスの販売パートナーを探したい","新サービスの提供地域を広げるため、共同提案や販売連携が可能な企業を探しています。","安全管理方針の強化","新サービスの販売パートナーを探したい","新サービスの提供地域を広げるため、共同提案や販売連携が可能な企業を探しています。","事業開発","中","true","インフラ管理部","部長","90","true","情報収集中","2026-08-30","true","本データはデモ用途の架空企業です。実在の企業・団体とは関係ありません。"
"FC-00596","株式会社インテグラエナジーソリューションズ","株式会社 インテグラ エナジー ソリューションズ","utilities","電気・ガス・熱供給・水道業","香川県","未来市","1983","24","小規模","432","再生可能エネルギー設備管理","https://example.invalid/utilities/096","現場の安全管理と品質記録を強化したい","点検記録と事故予防の仕組みを見直しており、導入負担の小さい安全管理提案を受け付けています。","業務提携の締結","現場の安全管理と品質記録を強化したい","点検記録と事故予防の仕組みを見直しており、導入負担の小さい安全管理提案を受け付けています。","安全・品質","高","true","インフラ管理部","課長","62","false","アプローチ準備中","2026-08-30","true","本データはデモ用途の架空企業です。実在の企業・団体とは関係ありません。"
"FC-00597","合同会社インテグラエナジーパートナーズ","合同会社 インテグラ エナジー パートナーズ","utilities","電気・ガス・熱供給・水道業","大分県","中央市","1994","139","中小企業","2641","地域エネルギー供給","https://example.invalid/utilities/097","手作業と紙中心の業務をデジタル化したい","部門間の情報共有が手作業になっているため、現場へ定着しやすい業務システムの提案を募集しています。","設備更新予算の増額","手作業と紙中心の業務をデジタル化したい","部門間の情報共有が手作業になっているため、現場へ定着しやすい業務システムの提案を募集しています。","DX・IT","低","true","インフラ管理部","責任者","79","false","未対応","2026-08-30","true","本データはデモ用途の架空企業です。実在の企業・団体とは関係ありません。"
"FC-00598","株式会社インテグラエナジーワークス","株式会社 インテグラ エナジー ワークス","utilities","電気・ガス・熱供給・水道業","宮城県","緑市","2005","726","中堅企業","14520","水処理・インフラ運営","https://example.invalid/utilities/098","在庫差異と配送負担を減らしたい","在庫状況の把握に時間がかかっており、入出庫と配送計画を改善する提案を募集しています。","省エネ投資の開始","在庫差異と配送負担を減らしたい","在庫状況の把握に時間がかかっており、入出庫と配送計画を改善する提案を募集しています。","物流・在庫","中","true","インフラ管理部","企画担当","96","false","情報収集中","2026-08-30","true","本データはデモ用途の架空企業です。実在の企業・団体とは関係ありません。"
"FC-00599","合同会社インテグラエナジーグループ","合同会社 インテグラ エナジー グループ","utilities","電気・ガス・熱供給・水道業","埼玉県","さくら市","2016","3163","大企業","66423","再生可能エネルギー設備管理","https://example.invalid/utilities/099","エネルギー・運用費を削減したい","拠点運営費が増加しているため、効果を測定できる省エネ・コスト削減策を求めています。","新サービスの発表","エネルギー・運用費を削減したい","拠点運営費が増加しているため、効果を測定できる省エネ・コスト削減策を求めています。","コスト削減","高","true","インフラ管理部","部長","68","false","アプローチ準備中","2026-08-30","true","本データはデモ用途の架空企業です。実在の企業・団体とは関係ありません。"
"FC-00600","株式会社インテグラエナジーコーポレーション","株式会社 インテグラ エナジー コーポレーション","utilities","電気・ガス・熱供給・水道業","福井県","ひかり市","1959","20","小規模","440","地域エネルギー供給","https://example.invalid/utilities/100","設備の老朽化と保守負担を減らしたい","既存設備の故障と保守工数が増えており、更新計画と運用改善を一緒に提案できる企業を探しています。","新拠点の開設計画","設備の老朽化と保守負担を減らしたい","既存設備の故障と保守工数が増えており、更新計画と運用改善を一緒に提案できる企業を探しています。","設備・施設","低","true","インフラ管理部","課長","85","false","未対応","2026-08-30","true","本データはデモ用途の架空企業です。実在の企業・団体とは関係ありません。"
"FC-00601","合同会社アークデジタルソリューションズ","合同会社 アーク デジタル ソリューションズ","information","情報通信業","滋賀県","あおば市","1970","287","中小企業","6601","業務システム開発","https://example.invalid/information/001","問い合わせと顧客対応を効率化したい","問い合わせ情報が複数部署に分散しており、対応状況を一元管理できる仕組みを探しています。","人員採用の拡大","問い合わせと顧客対応を効率化したい","問い合わせ情報が複数部署に分散しており、対応状況を一元管理できる仕組みを探しています。","営業・顧客管理","中","true","情報システム部","責任者","57","false","情報収集中","2026-08-30","true","本データはデモ用途の架空企業です。実在の企業・団体とは関係ありません。"
"FC-00602","株式会社アークデジタルパートナーズ","株式会社 アーク デジタル パートナーズ","information","情報通信業","島根県","若葉市","1981","874","中堅企業","20976","クラウド・データ基盤運営","https://example.invalid/information/002","採用後の教育と定着を改善したい","人員拡大に対して教育担当者が不足しており、研修の標準化と定着支援を相談したいです。","既存施設の改修","採用後の教育と定着を改善したい","人員拡大に対して教育担当者が不足しており、研修の標準化と定着支援を相談したいです。","人材・労務","高","true","情報システム部","企画担当","74","false","アプローチ準備中","2026-08-30","true","本データはデモ用途の架空企業です。実在の企業・団体とは関係ありません。"
"FC-00603","合同会社アークデジタルワークス","合同会社 アーク デジタル ワークス","information","情報通信業","高知県","豊栄市","1992","3311","大企業","82775","通信サービス提供","https://example.invalid/information/003","新サービスの販売パートナーを探したい","新サービスの提供地域を広げるため、共同提案や販売連携が可能な企業を探しています。","事業エリアの拡大","新サービスの販売パートナーを探したい","新サービスの提供地域を広げるため、共同提案や販売連携が可能な企業を探しています。","事業開発","低","true","情報システム部","部長","91","false","未対応","2026-08-30","true","本データはデモ用途の架空企業です。実在の企業・団体とは関係ありません。"
"FC-00604","株式会社アークデジタルグループ","株式会社 アーク デジタル グループ","information","情報通信業","鹿児島県","清流市","2003","16","小規模","416","業務システム開発","https://example.invalid/information/004","現場の安全管理と品質記録を強化したい","点検記録と事故予防の仕組みを見直しており、導入負担の小さい安全管理提案を受け付けています。","DX推進組織の新設","現場の安全管理と品質記録を強化したい","点検記録と事故予防の仕組みを見直しており、導入負担の小さい安全管理提案を受け付けています。","安全・品質","中","true","情報システム部","課長","63","false","情報収集中","2026-08-30","true","本データはデモ用途の架空企業です。実在の企業・団体とは関係ありません。"
"FC-00605","合同会社アークデジタルコーポレーション","合同会社 アーク デジタル コーポレーション","information","情報通信業","山形県","旭市","2014","185","中小企業","4995","クラウド・データ基盤運営","https://example.invalid/information/005","手作業と紙中心の業務をデジタル化したい","部門間の情報共有が手作業になっているため、現場へ定着しやすい業務システムの提案を募集しています。","安全管理方針の強化","手作業と紙中心の業務をデジタル化したい","部門間の情報共有が手作業になっているため、現場へ定着しやすい業務システムの提案を募集しています。","DX・IT","高","true","情報システム部","責任者","80","false","アプローチ準備中","2026-08-30","true","本データはデモ用途の架空企業です。実在の企業・団体とは関係ありません。"
"FC-00606","株式会社ネクサスデジタルソリューションズ","株式会社 ネクサス デジタル ソリューションズ","information","情報通信業","東京都","みなと市","1957","322","中堅企業","9016","通信サービス提供","https://example.invalid/information/006","在庫差異と配送負担を減らしたい","在庫状況の把握に時間がかかっており、入出庫と配送計画を改善する提案を募集しています。","業務提携の締結","在庫差異と配送負担を減らしたい","在庫状況の把握に時間がかかっており、入出庫と配送計画を改善する提案を募集しています。","物流・在庫","低","true","情報システム部","企画担当","97","false","未対応","2026-08-30","true","本データはデモ用途の架空企業です。実在の企業・団体とは関係ありません。"
"FC-00607","合同会社ネクサスデジタルパートナーズ","合同会社 ネクサス デジタル パートナーズ","information","情報通信業","長野県","高台市","1968","3459","大企業","100311","業務システム開発","https://example.invalid/information/007","エネルギー・運用費を削減したい","拠点運営費が増加しているため、効果を測定できる省エネ・コスト削減策を求めています。","設備更新予算の増額","エネルギー・運用費を削減したい","拠点運営費が増加しているため、効果を測定できる省エネ・コスト削減策を求めています。","コスト削減","中","true","情報システム部","部長","69","false","情報収集中","2026-08-30","true","本データはデモ用途の架空企業です。実在の企業・団体とは関係ありません。"
"FC-00608","株式会社ネクサスデジタルワークス","株式会社 ネクサス デジタル ワークス","information","情報通信業","大阪府","新生市","1979","12","小規模","132","クラウド・データ基盤運営","https://example.invalid/information/008","設備の老朽化と保守負担を減らしたい","既存設備の故障と保守工数が増えており、更新計画と運用改善を一緒に提案できる企業を探しています。","省エネ投資の開始","設備の老朽化と保守負担を減らしたい","既存設備の故障と保守工数が増えており、更新計画と運用改善を一緒に提案できる企業を探しています。","設備・施設","高","true","情報システム部","課長","86","false","アプローチ準備中","2026-08-30","true","本データはデモ用途の架空企業です。実在の企業・団体とは関係ありません。"
"FC-00609","合同会社ネクサスデジタルグループ","合同会社 ネクサス デジタル グループ","information","情報通信業","広島県","平和市","1990","83","中小企業","996","通信サービス提供","https://example.invalid/information/009","問い合わせと顧客対応を効率化したい","問い合わせ情報が複数部署に分散しており、対応状況を一元管理できる仕組みを探しています。","新サービスの発表","問い合わせと顧客対応を効率化したい","問い合わせ情報が複数部署に分散しており、対応状況を一元管理できる仕組みを探しています。","営業・顧客管理","低","true","情報システム部","責任者","58","false","未対応","2026-08-30","true","本データはデモ用途の架空企業です。実在の企業・団体とは関係ありません。"
"FC-00610","株式会社ネクサスデジタルコーポレーション","株式会社 ネクサス デジタル コーポレーション","information","情報通信業","佐賀県","希望市","2001","470","中堅企業","6110","業務システム開発","https://example.invalid/information/010","採用後の教育と定着を改善したい","人員拡大に対して教育担当者が不足しており、研修の標準化と定着支援を相談したいです。","新拠点の開設計画","採用後の教育と定着を改善したい","人員拡大に対して教育担当者が不足しており、研修の標準化と定着支援を相談したいです。","人材・労務","中","true","情報システム部","企画担当","75","false","情報収集中","2026-08-30","true","本データはデモ用途の架空企業です。実在の企業・団体とは関係ありません。"
"FC-00611","合同会社プライムデジタルソリューションズ","合同会社 プライム デジタル ソリューションズ","information","情報通信業","北海道","文化市","2012","3607","大企業","50498","クラウド・データ基盤運営","https://example.invalid/information/011","新サービスの販売パートナーを探したい","新サービスの提供地域を広げるため、共同提案や販売連携が可能な企業を探しています。","人員採用の拡大","新サービスの販売パートナーを探したい","新サービスの提供地域を広げるため、共同提案や販売連携が可能な企業を探しています。","事業開発","高","true","情報システム部","部長","92","false","アプローチ準備中","2026-08-30","true","本データはデモ用途の架空企業です。実在の企業・団体とは関係ありません。"
"FC-00612","株式会社プライムデジタルパートナーズ","株式会社 プライム デジタル パートナーズ","information","情報通信業","茨城県","産業市","1955","46","小規模","690","通信サービス提供","https://example.invalid/information/012","現場の安全管理と品質記録を強化したい","点検記録と事故予防の仕組みを見直しており、導入負担の小さい安全管理提案を受け付けています。","既存施設の改修","現場の安全管理と品質記録を強化したい","点検記録と事故予防の仕組みを見直しており、導入負担の小さい安全管理提案を受け付けています。","安全・品質","低","true","情報システム部","課長","64","true","未対応","2026-08-30","true","本データはデモ用途の架空企業です。実在の企業・団体とは関係ありません。"
"FC-00613","合同会社プライムデジタルワークス","合同会社 プライム デジタル ワークス","information","情報通信業","新潟県","学園市","1966","231","中小企業","3696","業務システム開発","https://example.invalid/information/013","手作業と紙中心の業務をデジタル化したい","部門間の情報共有が手作業になっているため、現場へ定着しやすい業務システムの提案を募集しています。","事業エリアの拡大","手作業と紙中心の業務をデジタル化したい","部門間の情報共有が手作業になっているため、現場へ定着しやすい業務システムの提案を募集しています。","DX・IT","中","true","情報システム部","責任者","81","false","情報収集中","2026-08-30","true","本データはデモ用途の架空企業です。実在の企業・団体とは関係ありません。"
"FC-00614","株式会社プライムデジタルグループ","株式会社 プライム デジタル グループ","information","情報通信業","静岡県","泉市","1977","618","中堅企業","10506","クラウド・データ基盤運営","https://example.invalid/information/014","在庫差異と配送負担を減らしたい","在庫状況の把握に時間がかかっており、入出庫と配送計画を改善する提案を募集しています。","DX推進組織の新設","在庫差異と配送負担を減らしたい","在庫状況の把握に時間がかかっており、入出庫と配送計画を改善する提案を募集しています。","物流・在庫","高","true","情報システム部","企画担当","98","false","アプローチ準備中","2026-08-30","true","本データはデモ用途の架空企業です。実在の企業・団体とは関係ありません。"
"FC-00615","合同会社プライムデジタルコーポレーション","合同会社 プライム デジタル コーポレーション","information","情報通信業","奈良県","丘陵市","1988","3755","大企業","67590","通信サービス提供","https://example.invalid/information/015","エネルギー・運用費を削減したい","拠点運営費が増加しているため、効果を測定できる省エネ・コスト削減策を求めています。","安全管理方針の強化","エネルギー・運用費を削減したい","拠点運営費が増加しているため、効果を測定できる省エネ・コスト削減策を求めています。","コスト削減","低","true","情報システム部","部長","70","false","未対応","2026-08-30","true","本データはデモ用途の架空企業です。実在の企業・団体とは関係ありません。"
"FC-00616","株式会社オルビスデジタルソリューションズ","株式会社 オルビス デジタル ソリューションズ","information","情報通信業","徳島県","未来市","1999","42","小規模","798","業務システム開発","https://example.invalid/information/016","設備の老朽化と保守負担を減らしたい","既存設備の故障と保守工数が増えており、更新計画と運用改善を一緒に提案できる企業を探しています。","業務提携の締結","設備の老朽化と保守負担を減らしたい","既存設備の故障と保守工数が増えており、更新計画と運用改善を一緒に提案できる企業を探しています。","設備・施設","中","true","情報システム部","課長","87","false","情報収集中","2026-08-30","true","本データはデモ用途の架空企業です。実在の企業・団体とは関係ありません。"
"FC-00617","合同会社オルビスデジタルパートナーズ","合同会社 オルビス デジタル パートナーズ","information","情報通信業","熊本県","中央市","2010","129","中小企業","2580","クラウド・データ基盤運営","https://example.invalid/information/017","問い合わせと顧客対応を効率化したい","問い合わせ情報が複数部署に分散しており、対応状況を一元管理できる仕組みを探しています。","設備更新予算の増額","問い合わせと顧客対応を効率化したい","問い合わせ情報が複数部署に分散しており、対応状況を一元管理できる仕組みを探しています。","営業・顧客管理","高","true","情報システム部","責任者","59","false","アプローチ準備中","2026-08-30","true","本データはデモ用途の架空企業です。実在の企業・団体とは関係ありません。"
"FC-00618","株式会社オルビスデジタルワークス","株式会社 オルビス デジタル ワークス","information","情報通信業","岩手県","緑市","2021","766","中堅企業","16086","通信サービス提供","https://example.invalid/information/018","採用後の教育と定着を改善したい","人員拡大に対して教育担当者が不足しており、研修の標準化と定着支援を相談したいです。","省エネ投資の開始","採用後の教育と定着を改善したい","人員拡大に対して教育担当者が不足しており、研修の標準化と定着支援を相談したいです。","人材・労務","低","true","情報システム部","企画担当","76","false","未対応","2026-08-30","true","本データはデモ用途の架空企業です。実在の企業・団体とは関係ありません。"
"FC-00619","合同会社オルビスデジタルグループ","合同会社 オルビス デジタル グループ","information","情報通信業","群馬県","さくら市","1964","3903","大企業","85866","業務システム開発","https://example.invalid/information/019","新サービスの販売パートナーを探したい","新サービスの提供地域を広げるため、共同提案や販売連携が可能な企業を探しています。","新サービスの発表","新サービスの販売パートナーを探したい","新サービスの提供地域を広げるため、共同提案や販売連携が可能な企業を探しています。","事業開発","中","true","情報システム部","部長","93","false","情報収集中","2026-08-30","true","本データはデモ用途の架空企業です。実在の企業・団体とは関係ありません。"
"FC-00620","株式会社オルビスデジタルコーポレーション","株式会社 オルビス デジタル コーポレーション","information","情報通信業","石川県","ひかり市","1975","38","小規模","874","クラウド・データ基盤運営","https://example.invalid/information/020","現場の安全管理と品質記録を強化したい","点検記録と事故予防の仕組みを見直しており、導入負担の小さい安全管理提案を受け付けています。","新拠点の開設計画","現場の安全管理と品質記録を強化したい","点検記録と事故予防の仕組みを見直しており、導入負担の小さい安全管理提案を受け付けています。","安全・品質","高","true","情報システム部","課長","65","false","アプローチ準備中","2026-08-30","true","本データはデモ用途の架空企業です。実在の企業・団体とは関係ありません。"
"FC-00621","合同会社ノヴァデジタルソリューションズ","合同会社 ノヴァ デジタル ソリューションズ","information","情報通信業","三重県","あおば市","1986","277","中小企業","6648","通信サービス提供","https://example.invalid/information/021","手作業と紙中心の業務をデジタル化したい","部門間の情報共有が手作業になっているため、現場へ定着しやすい業務システムの提案を募集しています。","人員採用の拡大","手作業と紙中心の業務をデジタル化したい","部門間の情報共有が手作業になっているため、現場へ定着しやすい業務システムの提案を募集しています。","DX・IT","低","true","情報システム部","責任者","82","false","未対応","2026-08-30","true","本データはデモ用途の架空企業です。実在の企業・団体とは関係ありません。"
"FC-00622","株式会社ノヴァデジタルパートナーズ","株式会社 ノヴァ デジタル パートナーズ","information","情報通信業","鳥取県","若葉市","1997","914","中堅企業","22850","業務システム開発","https://example.invalid/information/022","在庫差異と配送負担を減らしたい","在庫状況の把握に時間がかかっており、入出庫と配送計画を改善する提案を募集しています。","既存施設の改修","在庫差異と配送負担を減らしたい","在庫状況の把握に時間がかかっており、入出庫と配送計画を改善する提案を募集しています。","物流・在庫","中","true","情報システム部","企画担当","99","false","情報収集中","2026-08-30","true","本データはデモ用途の架空企業です。実在の企業・団体とは関係ありません。"
"FC-00623","合同会社ノヴァデジタルワークス","合同会社 ノヴァ デジタル ワークス","information","情報通信業","愛媛県","豊栄市","2008","4051","大企業","105326","クラウド・データ基盤運営","https://example.invalid/information/023","エネルギー・運用費を削減したい","拠点運営費が増加しているため、効果を測定できる省エネ・コスト削減策を求めています。","事業エリアの拡大","エネルギー・運用費を削減したい","拠点運営費が増加しているため、効果を測定できる省エネ・コスト削減策を求めています。","コスト削減","高","true","情報システム部","部長","71","false","アプローチ準備中","2026-08-30","true","本データはデモ用途の架空企業です。実在の企業・団体とは関係ありません。"
"FC-00624","株式会社ノヴァデジタルグループ","株式会社 ノヴァ デジタル グループ","information","情報通信業","宮崎県","清流市","2019","34","小規模","918","通信サービス提供","https://example.invalid/information/024","設備の老朽化と保守負担を減らしたい","既存設備の故障と保守工数が増えており、更新計画と運用改善を一緒に提案できる企業を探しています。","DX推進組織の新設","設備の老朽化と保守負担を減らしたい","既存設備の故障と保守工数が増えており、更新計画と運用改善を一緒に提案できる企業を探しています。","設備・施設","低","true","情報システム部","課長","88","false","未対応","2026-08-30","true","本データはデモ用途の架空企業です。実在の企業・団体とは関係ありません。"
"FC-00625","合同会社ノヴァデジタルコーポレーション","合同会社 ノヴァ デジタル コーポレーション","information","情報通信業","秋田県","旭市","1962","175","中小企業","4900","業務システム開発","https://example.invalid/information/025","問い合わせと顧客対応を効率化したい","問い合わせ情報が複数部署に分散しており、対応状況を一元管理できる仕組みを探しています。","安全管理方針の強化","問い合わせと顧客対応を効率化したい","問い合わせ情報が複数部署に分散しており、対応状況を一元管理できる仕組みを探しています。","営業・顧客管理","中","true","情報システム部","責任者","60","false","情報収集中","2026-08-30","true","本データはデモ用途の架空企業です。実在の企業・団体とは関係ありません。"
"FC-00626","株式会社ユニゾンデジタルソリューションズ","株式会社 ユニゾン デジタル ソリューションズ","information","情報通信業","千葉県","みなと市","1973","362","中堅企業","10498","クラウド・データ基盤運営","https://example.invalid/information/026","採用後の教育と定着を改善したい","人員拡大に対して教育担当者が不足しており、研修の標準化と定着支援を相談したいです。","業務提携の締結","採用後の教育と定着を改善したい","人員拡大に対して教育担当者が不足しており、研修の標準化と定着支援を相談したいです。","人材・労務","高","true","情報システム部","企画担当","77","false","アプローチ準備中","2026-08-30","true","本データはデモ用途の架空企業です。実在の企業・団体とは関係ありません。"
"FC-00627","合同会社ユニゾンデジタルパートナーズ","合同会社 ユニゾン デジタル パートナーズ","information","情報通信業","山梨県","高台市","1984","4199","大企業","46189","通信サービス提供","https://example.invalid/information/027","新サービスの販売パートナーを探したい","新サービスの提供地域を広げるため、共同提案や販売連携が可能な企業を探しています。","設備更新予算の増額","新サービスの販売パートナーを探したい","新サービスの提供地域を広げるため、共同提案や販売連携が可能な企業を探しています。","事業開発","低","true","情報システム部","部長","94","false","未対応","2026-08-30","true","本データはデモ用途の架空企業です。実在の企業・団体とは関係ありません。"
"FC-00628","株式会社ユニゾンデジタルワークス","株式会社 ユニゾン デジタル ワークス","information","情報通信業","京都府","新生市","1995","30","小規模","360","業務システム開発","https://example.invalid/information/028","現場の安全管理と品質記録を強化したい","点検記録と事故予防の仕組みを見直しており、導入負担の小さい安全管理提案を受け付けています。","省エネ投資の開始","現場の安全管理と品質記録を強化したい","点検記録と事故予防の仕組みを見直しており、導入負担の小さい安全管理提案を受け付けています。","安全・品質","中","true","情報システム部","課長","66","false","情報収集中","2026-08-30","true","本データはデモ用途の架空企業です。実在の企業・団体とは関係ありません。"
"FC-00629","合同会社ユニゾンデジタルグループ","合同会社 ユニゾン デジタル グループ","information","情報通信業","岡山県","平和市","2006","73","中小企業","949","クラウド・データ基盤運営","https://example.invalid/information/029","手作業と紙中心の業務をデジタル化したい","部門間の情報共有が手作業になっているため、現場へ定着しやすい業務システムの提案を募集しています。","新サービスの発表","手作業と紙中心の業務をデジタル化したい","部門間の情報共有が手作業になっているため、現場へ定着しやすい業務システムの提案を募集しています。","DX・IT","高","true","情報システム部","責任者","83","true","アプローチ準備中","2026-08-30","true","本データはデモ用途の架空企業です。実在の企業・団体とは関係ありません。"
"FC-00630","株式会社ユニゾンデジタルコーポレーション","株式会社 ユニゾン デジタル コーポレーション","information","情報通信業","福岡県","希望市","2017","510","中堅企業","7140","通信サービス提供","https://example.invalid/information/030","在庫差異と配送負担を減らしたい","在庫状況の把握に時間がかかっており、入出庫と配送計画を改善する提案を募集しています。","新拠点の開設計画","在庫差異と配送負担を減らしたい","在庫状況の把握に時間がかかっており、入出庫と配送計画を改善する提案を募集しています。","物流・在庫","低","true","情報システム部","企画担当","55","false","未対応","2026-08-30","true","本データはデモ用途の架空企業です。実在の企業・団体とは関係ありません。"
"FC-00631","合同会社ヴェリタスデジタルソリューションズ","合同会社 ヴェリタス デジタル ソリューションズ","information","情報通信業","沖縄県","文化市","1960","4347","大企業","65205","業務システム開発","https://example.invalid/information/031","エネルギー・運用費を削減したい","拠点運営費が増加しているため、効果を測定できる省エネ・コスト削減策を求めています。","人員採用の拡大","エネルギー・運用費を削減したい","拠点運営費が増加しているため、効果を測定できる省エネ・コスト削減策を求めています。","コスト削減","中","true","情報システム部","部長","72","false","情報収集中","2026-08-30","true","本データはデモ用途の架空企業です。実在の企業・団体とは関係ありません。"
"FC-00632","株式会社ヴェリタスデジタルパートナーズ","株式会社 ヴェリタス デジタル パートナーズ","information","情報通信業","福島県","産業市","1971","26","小規模","416","クラウド・データ基盤運営","https://example.invalid/information/032","設備の老朽化と保守負担を減らしたい","既存設備の故障と保守工数が増えており、更新計画と運用改善を一緒に提案できる企業を探しています。","既存施設の改修","設備の老朽化と保守負担を減らしたい","既存設備の故障と保守工数が増えており、更新計画と運用改善を一緒に提案できる企業を探しています。","設備・施設","高","true","情報システム部","課長","89","false","アプローチ準備中","2026-08-30","true","本データはデモ用途の架空企業です。実在の企業・団体とは関係ありません。"
"FC-00633","合同会社ヴェリタスデジタルワークス","合同会社 ヴェリタス デジタル ワークス","information","情報通信業","神奈川県","学園市","1982","221","中小企業","3757","通信サービス提供","https://example.invalid/information/033","問い合わせと顧客対応を効率化したい","問い合わせ情報が複数部署に分散しており、対応状況を一元管理できる仕組みを探しています。","事業エリアの拡大","問い合わせと顧客対応を効率化したい","問い合わせ情報が複数部署に分散しており、対応状況を一元管理できる仕組みを探しています。","営業・顧客管理","低","true","情報システム部","責任者","61","false","未対応","2026-08-30","true","本データはデモ用途の架空企業です。実在の企業・団体とは関係ありません。"
"FC-00634","株式会社ヴェリタスデジタルグループ","株式会社 ヴェリタス デジタル グループ","information","情報通信業","岐阜県","泉市","1993","658","中堅企業","11844","業務システム開発","https://example.invalid/information/034","採用後の教育と定着を改善したい","人員拡大に対して教育担当者が不足しており、研修の標準化と定着支援を相談したいです。","DX推進組織の新設","採用後の教育と定着を改善したい","人員拡大に対して教育担当者が不足しており、研修の標準化と定着支援を相談したいです。","人材・労務","中","true","情報システム部","企画担当","78","false","情報収集中","2026-08-30","true","本データはデモ用途の架空企業です。実在の企業・団体とは関係ありません。"
"FC-00635","合同会社ヴェリタスデジタルコーポレーション","合同会社 ヴェリタス デジタル コーポレーション","information","情報通信業","兵庫県","丘陵市","2004","4495","大企業","85405","クラウド・データ基盤運営","https://example.invalid/information/035","新サービスの販売パートナーを探したい","新サービスの提供地域を広げるため、共同提案や販売連携が可能な企業を探しています。","安全管理方針の強化","新サービスの販売パートナーを探したい","新サービスの提供地域を広げるため、共同提案や販売連携が可能な企業を探しています。","事業開発","高","true","情報システム部","部長","95","false","アプローチ準備中","2026-08-30","true","本データはデモ用途の架空企業です。実在の企業・団体とは関係ありません。"
"FC-00636","株式会社セントラルデジタルソリューションズ","株式会社 セントラル デジタル ソリューションズ","information","情報通信業","山口県","未来市","2015","22","小規模","440","通信サービス提供","https://example.invalid/information/036","現場の安全管理と品質記録を強化したい","点検記録と事故予防の仕組みを見直しており、導入負担の小さい安全管理提案を受け付けています。","業務提携の締結","現場の安全管理と品質記録を強化したい","点検記録と事故予防の仕組みを見直しており、導入負担の小さい安全管理提案を受け付けています。","安全・品質","低","true","情報システム部","課長","67","false","未対応","2026-08-30","true","本データはデモ用途の架空企業です。実在の企業・団体とは関係ありません。"
"FC-00637","合同会社セントラルデジタルパートナーズ","合同会社 セントラル デジタル パートナーズ","information","情報通信業","長崎県","中央市","1958","119","中小企業","2499","業務システム開発","https://example.invalid/information/037","手作業と紙中心の業務をデジタル化したい","部門間の情報共有が手作業になっているため、現場へ定着しやすい業務システムの提案を募集しています。","設備更新予算の増額","手作業と紙中心の業務をデジタル化したい","部門間の情報共有が手作業になっているため、現場へ定着しやすい業務システムの提案を募集しています。","DX・IT","中","true","情報システム部","責任者","84","false","情報収集中","2026-08-30","true","本データはデモ用途の架空企業です。実在の企業・団体とは関係ありません。"
"FC-00638","株式会社セントラルデジタルワークス","株式会社 セントラル デジタル ワークス","information","情報通信業","青森県","緑市","1969","806","中堅企業","17732","クラウド・データ基盤運営","https://example.invalid/information/038","在庫差異と配送負担を減らしたい","在庫状況の把握に時間がかかっており、入出庫と配送計画を改善する提案を募集しています。","省エネ投資の開始","在庫差異と配送負担を減らしたい","在庫状況の把握に時間がかかっており、入出庫と配送計画を改善する提案を募集しています。","物流・在庫","高","true","情報システム部","企画担当","56","false","アプローチ準備中","2026-08-30","true","本データはデモ用途の架空企業です。実在の企業・団体とは関係ありません。"
"FC-00639","合同会社セントラルデジタルグループ","合同会社 セントラル デジタル グループ","information","情報通信業","栃木県","さくら市","1980","4643","大企業","106789","通信サービス提供","https://example.invalid/information/039","エネルギー・運用費を削減したい","拠点運営費が増加しているため、効果を測定できる省エネ・コスト削減策を求めています。","新サービスの発表","エネルギー・運用費を削減したい","拠点運営費が増加しているため、効果を測定できる省エネ・コスト削減策を求めています。","コスト削減","低","true","情報システム部","部長","73","false","未対応","2026-08-30","true","本データはデモ用途の架空企業です。実在の企業・団体とは関係ありません。"
"FC-00640","株式会社セントラルデジタルコーポレーション","株式会社 セントラル デジタル コーポレーション","information","情報通信業","富山県","ひかり市","1991","18","小規模","432","業務システム開発","https://example.invalid/information/040","設備の老朽化と保守負担を減らしたい","既存設備の故障と保守工数が増えており、更新計画と運用改善を一緒に提案できる企業を探しています。","新拠点の開設計画","設備の老朽化と保守負担を減らしたい","既存設備の故障と保守工数が増えており、更新計画と運用改善を一緒に提案できる企業を探しています。","設備・施設","中","true","情報システム部","課長","90","false","情報収集中","2026-08-30","true","本データはデモ用途の架空企業です。実在の企業・団体とは関係ありません。"
"FC-00641","合同会社エレメントデジタルソリューションズ","合同会社 エレメント デジタル ソリューションズ","information","情報通信業","愛知県","あおば市","2002","267","中小企業","6675","クラウド・データ基盤運営","https://example.invalid/information/041","問い合わせと顧客対応を効率化したい","問い合わせ情報が複数部署に分散しており、対応状況を一元管理できる仕組みを探しています。","人員採用の拡大","問い合わせと顧客対応を効率化したい","問い合わせ情報が複数部署に分散しており、対応状況を一元管理できる仕組みを探しています。","営業・顧客管理","高","true","情報システム部","責任者","62","false","アプローチ準備中","2026-08-30","true","本データはデモ用途の架空企業です。実在の企業・団体とは関係ありません。"
"FC-00642","株式会社エレメントデジタルパートナーズ","株式会社 エレメント デジタル パートナーズ","information","情報通信業","和歌山県","若葉市","2013","954","中堅企業","24804","通信サービス提供","https://example.invalid/information/042","採用後の教育と定着を改善したい","人員拡大に対して教育担当者が不足しており、研修の標準化と定着支援を相談したいです。","既存施設の改修","採用後の教育と定着を改善したい","人員拡大に対して教育担当者が不足しており、研修の標準化と定着支援を相談したいです。","人材・労務","低","true","情報システム部","企画担当","79","false","未対応","2026-08-30","true","本データはデモ用途の架空企業です。実在の企業・団体とは関係ありません。"
"FC-00643","合同会社エレメントデジタルワークス","合同会社 エレメント デジタル ワークス","information","情報通信業","香川県","豊栄市","1956","4791","大企業","129357","業務システム開発","https://example.invalid/information/043","新サービスの販売パートナーを探したい","新サービスの提供地域を広げるため、共同提案や販売連携が可能な企業を探しています。","事業エリアの拡大","新サービスの販売パートナーを探したい","新サービスの提供地域を広げるため、共同提案や販売連携が可能な企業を探しています。","事業開発","中","true","情報システム部","部長","96","false","情報収集中","2026-08-30","true","本データはデモ用途の架空企業です。実在の企業・団体とは関係ありません。"
"FC-00644","株式会社エレメントデジタルグループ","株式会社 エレメント デジタル グループ","information","情報通信業","大分県","清流市","1967","14","小規模","392","クラウド・データ基盤運営","https://example.invalid/information/044","現場の安全管理と品質記録を強化したい","点検記録と事故予防の仕組みを見直しており、導入負担の小さい安全管理提案を受け付けています。","DX推進組織の新設","現場の安全管理と品質記録を強化したい","点検記録と事故予防の仕組みを見直しており、導入負担の小さい安全管理提案を受け付けています。","安全・品質","高","true","情報システム部","課長","68","false","アプローチ準備中","2026-08-30","true","本データはデモ用途の架空企業です。実在の企業・団体とは関係ありません。"
"FC-00645","合同会社エレメントデジタルコーポレーション","合同会社 エレメント デジタル コーポレーション","information","情報通信業","宮城県","旭市","1978","165","中小企業","4785","通信サービス提供","https://example.invalid/information/045","手作業と紙中心の業務をデジタル化したい","部門間の情報共有が手作業になっているため、現場へ定着しやすい業務システムの提案を募集しています。","安全管理方針の強化","手作業と紙中心の業務をデジタル化したい","部門間の情報共有が手作業になっているため、現場へ定着しやすい業務システムの提案を募集しています。","DX・IT","低","true","情報システム部","責任者","85","false","未対応","2026-08-30","true","本データはデモ用途の架空企業です。実在の企業・団体とは関係ありません。"
"FC-00646","株式会社クレストデジタルソリューションズ","株式会社 クレスト デジタル ソリューションズ","information","情報通信業","埼玉県","みなと市","1989","402","中堅企業","4422","業務システム開発","https://example.invalid/information/046","在庫差異と配送負担を減らしたい","在庫状況の把握に時間がかかっており、入出庫と配送計画を改善する提案を募集しています。","業務提携の締結","在庫差異と配送負担を減らしたい","在庫状況の把握に時間がかかっており、入出庫と配送計画を改善する提案を募集しています。","物流・在庫","中","true","情報システム部","企画担当","57","true","情報収集中","2026-08-30","true","本データはデモ用途の架空企業です。実在の企業・団体とは関係ありません。"
"FC-00647","合同会社クレストデジタルパートナーズ","合同会社 クレスト デジタル パートナーズ","information","情報通信業","福井県","高台市","2000","4939","大企業","59268","クラウド・データ基盤運営","https://example.invalid/information/047","エネルギー・運用費を削減したい","拠点運営費が増加しているため、効果を測定できる省エネ・コスト削減策を求めています。","設備更新予算の増額","エネルギー・運用費を削減したい","拠点運営費が増加しているため、効果を測定できる省エネ・コスト削減策を求めています。","コスト削減","高","true","情報システム部","部長","74","false","アプローチ準備中","2026-08-30","true","本データはデモ用途の架空企業です。実在の企業・団体とは関係ありません。"
"FC-00648","株式会社クレストデジタルワークス","株式会社 クレスト デジタル ワークス","information","情報通信業","滋賀県","新生市","2011","48","小規模","624","通信サービス提供","https://example.invalid/information/048","設備の老朽化と保守負担を減らしたい","既存設備の故障と保守工数が増えており、更新計画と運用改善を一緒に提案できる企業を探しています。","省エネ投資の開始","設備の老朽化と保守負担を減らしたい","既存設備の故障と保守工数が増えており、更新計画と運用改善を一緒に提案できる企業を探しています。","設備・施設","低","true","情報システム部","課長","91","false","未対応","2026-08-30","true","本データはデモ用途の架空企業です。実在の企業・団体とは関係ありません。"
"FC-00649","合同会社クレストデジタルグループ","合同会社 クレスト デジタル グループ","information","情報通信業","島根県","平和市","2022","63","中小企業","882","業務システム開発","https://example.invalid/information/049","問い合わせと顧客対応を効率化したい","問い合わせ情報が複数部署に分散しており、対応状況を一元管理できる仕組みを探しています。","新サービスの発表","問い合わせと顧客対応を効率化したい","問い合わせ情報が複数部署に分散しており、対応状況を一元管理できる仕組みを探しています。","営業・顧客管理","中","true","情報システム部","責任者","63","false","情報収集中","2026-08-30","true","本データはデモ用途の架空企業です。実在の企業・団体とは関係ありません。"
"FC-00650","株式会社クレストデジタルコーポレーション","株式会社 クレスト デジタル コーポレーション","information","情報通信業","高知県","希望市","1965","550","中堅企業","8250","クラウド・データ基盤運営","https://example.invalid/information/050","採用後の教育と定着を改善したい","人員拡大に対して教育担当者が不足しており、研修の標準化と定着支援を相談したいです。","新拠点の開設計画","採用後の教育と定着を改善したい","人員拡大に対して教育担当者が不足しており、研修の標準化と定着支援を相談したいです。","人材・労務","高","true","情報システム部","企画担当","80","false","アプローチ準備中","2026-08-30","true","本データはデモ用途の架空企業です。実在の企業・団体とは関係ありません。"
"FC-00651","合同会社シナジーデジタルソリューションズ","合同会社 シナジー デジタル ソリューションズ","information","情報通信業","鹿児島県","文化市","1976","1087","大企業","17392","通信サービス提供","https://example.invalid/information/051","新サービスの販売パートナーを探したい","新サービスの提供地域を広げるため、共同提案や販売連携が可能な企業を探しています。","人員採用の拡大","新サービスの販売パートナーを探したい","新サービスの提供地域を広げるため、共同提案や販売連携が可能な企業を探しています。","事業開発","低","true","情報システム部","部長","97","false","未対応","2026-08-30","true","本データはデモ用途の架空企業です。実在の企業・団体とは関係ありません。"
"FC-00652","株式会社シナジーデジタルパートナーズ","株式会社 シナジー デジタル パートナーズ","information","情報通信業","山形県","産業市","1987","44","小規模","748","業務システム開発","https://example.invalid/information/052","現場の安全管理と品質記録を強化したい","点検記録と事故予防の仕組みを見直しており、導入負担の小さい安全管理提案を受け付けています。","既存施設の改修","現場の安全管理と品質記録を強化したい","点検記録と事故予防の仕組みを見直しており、導入負担の小さい安全管理提案を受け付けています。","安全・品質","中","true","情報システム部","課長","69","false","情報収集中","2026-08-30","true","本データはデモ用途の架空企業です。実在の企業・団体とは関係ありません。"
"FC-00653","合同会社シナジーデジタルワークス","合同会社 シナジー デジタル ワークス","information","情報通信業","東京都","学園市","1998","211","中小企業","3798","クラウド・データ基盤運営","https://example.invalid/information/053","手作業と紙中心の業務をデジタル化したい","部門間の情報共有が手作業になっているため、現場へ定着しやすい業務システムの提案を募集しています。","事業エリアの拡大","手作業と紙中心の業務をデジタル化したい","部門間の情報共有が手作業になっているため、現場へ定着しやすい業務システムの提案を募集しています。","DX・IT","高","true","情報システム部","責任者","86","false","アプローチ準備中","2026-08-30","true","本データはデモ用途の架空企業です。実在の企業・団体とは関係ありません。"
"FC-00654","株式会社シナジーデジタルグループ","株式会社 シナジー デジタル グループ","information","情報通信業","長野県","泉市","2009","698","中堅企業","13262","通信サービス提供","https://example.invalid/information/054","在庫差異と配送負担を減らしたい","在庫状況の把握に時間がかかっており、入出庫と配送計画を改善する提案を募集しています。","DX推進組織の新設","在庫差異と配送負担を減らしたい","在庫状況の把握に時間がかかっており、入出庫と配送計画を改善する提案を募集しています。","物流・在庫","低","true","情報システム部","企画担当","58","false","未対応","2026-08-30","true","本データはデモ用途の架空企業です。実在の企業・団体とは関係ありません。"
"FC-00655","合同会社シナジーデジタルコーポレーション","合同会社 シナジー デジタル コーポレーション","information","情報通信業","大阪府","丘陵市","2020","1235","大企業","24700","業務システム開発","https://example.invalid/information/055","エネルギー・運用費を削減したい","拠点運営費が増加しているため、効果を測定できる省エネ・コスト削減策を求めています。","安全管理方針の強化","エネルギー・運用費を削減したい","拠点運営費が増加しているため、効果を測定できる省エネ・コスト削減策を求めています。","コスト削減","中","true","情報システム部","部長","75","false","情報収集中","2026-08-30","true","本データはデモ用途の架空企業です。実在の企業・団体とは関係ありません。"
"FC-00656","株式会社アクセルデジタルソリューションズ","株式会社 アクセル デジタル ソリューションズ","information","情報通信業","広島県","未来市","1963","40","小規模","840","クラウド・データ基盤運営","https://example.invalid/information/056","設備の老朽化と保守負担を減らしたい","既存設備の故障と保守工数が増えており、更新計画と運用改善を一緒に提案できる企業を探しています。","業務提携の締結","設備の老朽化と保守負担を減らしたい","既存設備の故障と保守工数が増えており、更新計画と運用改善を一緒に提案できる企業を探しています。","設備・施設","高","true","情報システム部","課長","92","false","アプローチ準備中","2026-08-30","true","本データはデモ用途の架空企業です。実在の企業・団体とは関係ありません。"
"FC-00657","合同会社アクセルデジタルパートナーズ","合同会社 アクセル デジタル パートナーズ","information","情報通信業","佐賀県","中央市","1974","109","中小企業","2398","通信サービス提供","https://example.invalid/information/057","問い合わせと顧客対応を効率化したい","問い合わせ情報が複数部署に分散しており、対応状況を一元管理できる仕組みを探しています。","設備更新予算の増額","問い合わせと顧客対応を効率化したい","問い合わせ情報が複数部署に分散しており、対応状況を一元管理できる仕組みを探しています。","営業・顧客管理","低","true","情報システム部","責任者","64","false","未対応","2026-08-30","true","本データはデモ用途の架空企業です。実在の企業・団体とは関係ありません。"
"FC-00658","株式会社アクセルデジタルワークス","株式会社 アクセル デジタル ワークス","information","情報通信業","北海道","緑市","1985","846","中堅企業","19458","業務システム開発","https://example.invalid/information/058","採用後の教育と定着を改善したい","人員拡大に対して教育担当者が不足しており、研修の標準化と定着支援を相談したいです。","省エネ投資の開始","採用後の教育と定着を改善したい","人員拡大に対して教育担当者が不足しており、研修の標準化と定着支援を相談したいです。","人材・労務","中","true","情報システム部","企画担当","81","false","情報収集中","2026-08-30","true","本データはデモ用途の架空企業です。実在の企業・団体とは関係ありません。"
"FC-00659","合同会社アクセルデジタルグループ","合同会社 アクセル デジタル グループ","information","情報通信業","茨城県","さくら市","1996","1383","大企業","33192","クラウド・データ基盤運営","https://example.invalid/information/059","新サービスの販売パートナーを探したい","新サービスの提供地域を広げるため、共同提案や販売連携が可能な企業を探しています。","新サービスの発表","新サービスの販売パートナーを探したい","新サービスの提供地域を広げるため、共同提案や販売連携が可能な企業を探しています。","事業開発","高","true","情報システム部","部長","98","false","アプローチ準備中","2026-08-30","true","本データはデモ用途の架空企業です。実在の企業・団体とは関係ありません。"
"FC-00660","株式会社アクセルデジタルコーポレーション","株式会社 アクセル デジタル コーポレーション","information","情報通信業","新潟県","ひかり市","2007","36","小規模","900","通信サービス提供","https://example.invalid/information/060","現場の安全管理と品質記録を強化したい","点検記録と事故予防の仕組みを見直しており、導入負担の小さい安全管理提案を受け付けています。","新拠点の開設計画","現場の安全管理と品質記録を強化したい","点検記録と事故予防の仕組みを見直しており、導入負担の小さい安全管理提案を受け付けています。","安全・品質","低","true","情報システム部","課長","70","false","未対応","2026-08-30","true","本データはデモ用途の架空企業です。実在の企業・団体とは関係ありません。"
"FC-00661","合同会社リードデジタルソリューションズ","合同会社 リード デジタル ソリューションズ","information","情報通信業","静岡県","あおば市","2018","257","中小企業","6682","業務システム開発","https://example.invalid/information/061","手作業と紙中心の業務をデジタル化したい","部門間の情報共有が手作業になっているため、現場へ定着しやすい業務システムの提案を募集しています。","人員採用の拡大","手作業と紙中心の業務をデジタル化したい","部門間の情報共有が手作業になっているため、現場へ定着しやすい業務システムの提案を募集しています。","DX・IT","中","true","情報システム部","責任者","87","false","情報収集中","2026-08-30","true","本データはデモ用途の架空企業です。実在の企業・団体とは関係ありません。"
"FC-00662","株式会社リードデジタルパートナーズ","株式会社 リード デジタル パートナーズ","information","情報通信業","奈良県","若葉市","1961","994","中堅企業","26838","クラウド・データ基盤運営","https://example.invalid/information/062","在庫差異と配送負担を減らしたい","在庫状況の把握に時間がかかっており、入出庫と配送計画を改善する提案を募集しています。","既存施設の改修","在庫差異と配送負担を減らしたい","在庫状況の把握に時間がかかっており、入出庫と配送計画を改善する提案を募集しています。","物流・在庫","高","true","情報システム部","企画担当","59","false","アプローチ準備中","2026-08-30","true","本データはデモ用途の架空企業です。実在の企業・団体とは関係ありません。"
"FC-00663","合同会社リードデジタルワークス","合同会社 リード デジタル ワークス","information","情報通信業","徳島県","豊栄市","1972","1531","大企業","42868","通信サービス提供","https://example.invalid/information/063","エネルギー・運用費を削減したい","拠点運営費が増加しているため、効果を測定できる省エネ・コスト削減策を求めています。","事業エリアの拡大","エネルギー・運用費を削減したい","拠点運営費が増加しているため、効果を測定できる省エネ・コスト削減策を求めています。","コスト削減","低","true","情報システム部","部長","76","true","未対応","2026-08-30","true","本データはデモ用途の架空企業です。実在の企業・団体とは関係ありません。"
"FC-00664","株式会社リードデジタルグループ","株式会社 リード デジタル グループ","information","情報通信業","熊本県","清流市","1983","32","小規模","928","業務システム開発","https://example.invalid/information/064","設備の老朽化と保守負担を減らしたい","既存設備の故障と保守工数が増えており、更新計画と運用改善を一緒に提案できる企業を探しています。","DX推進組織の新設","設備の老朽化と保守負担を減らしたい","既存設備の故障と保守工数が増えており、更新計画と運用改善を一緒に提案できる企業を探しています。","設備・施設","中","true","情報システム部","課長","93","false","情報収集中","2026-08-30","true","本データはデモ用途の架空企業です。実在の企業・団体とは関係ありません。"
"FC-00665","合同会社リードデジタルコーポレーション","合同会社 リード デジタル コーポレーション","information","情報通信業","岩手県","旭市","1994","155","中小企業","1705","クラウド・データ基盤運営","https://example.invalid/information/065","問い合わせと顧客対応を効率化したい","問い合わせ情報が複数部署に分散しており、対応状況を一元管理できる仕組みを探しています。","安全管理方針の強化","問い合わせと顧客対応を効率化したい","問い合わせ情報が複数部署に分散しており、対応状況を一元管理できる仕組みを探しています。","営業・顧客管理","高","true","情報システム部","責任者","65","false","アプローチ準備中","2026-08-30","true","本データはデモ用途の架空企業です。実在の企業・団体とは関係ありません。"
"FC-00666","株式会社ハーモニーデジタルソリューションズ","株式会社 ハーモニー デジタル ソリューションズ","information","情報通信業","群馬県","みなと市","2005","442","中堅企業","5304","通信サービス提供","https://example.invalid/information/066","採用後の教育と定着を改善したい","人員拡大に対して教育担当者が不足しており、研修の標準化と定着支援を相談したいです。","業務提携の締結","採用後の教育と定着を改善したい","人員拡大に対して教育担当者が不足しており、研修の標準化と定着支援を相談したいです。","人材・労務","低","true","情報システム部","企画担当","82","false","未対応","2026-08-30","true","本データはデモ用途の架空企業です。実在の企業・団体とは関係ありません。"
"FC-00667","合同会社ハーモニーデジタルパートナーズ","合同会社 ハーモニー デジタル パートナーズ","information","情報通信業","石川県","高台市","2016","1679","大企業","21827","業務システム開発","https://example.invalid/information/067","新サービスの販売パートナーを探したい","新サービスの提供地域を広げるため、共同提案や販売連携が可能な企業を探しています。","設備更新予算の増額","新サービスの販売パートナーを探したい","新サービスの提供地域を広げるため、共同提案や販売連携が可能な企業を探しています。","事業開発","中","true","情報システム部","部長","99","false","情報収集中","2026-08-30","true","本データはデモ用途の架空企業です。実在の企業・団体とは関係ありません。"
"FC-00668","株式会社ハーモニーデジタルワークス","株式会社 ハーモニー デジタル ワークス","information","情報通信業","三重県","新生市","1959","28","小規模","392","クラウド・データ基盤運営","https://example.invalid/information/068","現場の安全管理と品質記録を強化したい","点検記録と事故予防の仕組みを見直しており、導入負担の小さい安全管理提案を受け付けています。","省エネ投資の開始","現場の安全管理と品質記録を強化したい","点検記録と事故予防の仕組みを見直しており、導入負担の小さい安全管理提案を受け付けています。","安全・品質","高","true","情報システム部","課長","71","false","アプローチ準備中","2026-08-30","true","本データはデモ用途の架空企業です。実在の企業・団体とは関係ありません。"
"FC-00669","合同会社ハーモニーデジタルグループ","合同会社 ハーモニー デジタル グループ","information","情報通信業","鳥取県","平和市","1970","53","中小企業","795","通信サービス提供","https://example.invalid/information/069","手作業と紙中心の業務をデジタル化したい","部門間の情報共有が手作業になっているため、現場へ定着しやすい業務システムの提案を募集しています。","新サービスの発表","手作業と紙中心の業務をデジタル化したい","部門間の情報共有が手作業になっているため、現場へ定着しやすい業務システムの提案を募集しています。","DX・IT","低","true","情報システム部","責任者","88","false","未対応","2026-08-30","true","本データはデモ用途の架空企業です。実在の企業・団体とは関係ありません。"
"FC-00670","株式会社ハーモニーデジタルコーポレーション","株式会社 ハーモニー デジタル コーポレーション","information","情報通信業","愛媛県","希望市","1981","590","中堅企業","9440","業務システム開発","https://example.invalid/information/070","在庫差異と配送負担を減らしたい","在庫状況の把握に時間がかかっており、入出庫と配送計画を改善する提案を募集しています。","新拠点の開設計画","在庫差異と配送負担を減らしたい","在庫状況の把握に時間がかかっており、入出庫と配送計画を改善する提案を募集しています。","物流・在庫","中","true","情報システム部","企画担当","60","false","情報収集中","2026-08-30","true","本データはデモ用途の架空企業です。実在の企業・団体とは関係ありません。"
"FC-00671","合同会社ブリッジデジタルソリューションズ","合同会社 ブリッジ デジタル ソリューションズ","information","情報通信業","宮崎県","文化市","1992","1827","大企業","31059","クラウド・データ基盤運営","https://example.invalid/information/071","エネルギー・運用費を削減したい","拠点運営費が増加しているため、効果を測定できる省エネ・コスト削減策を求めています。","人員採用の拡大","エネルギー・運用費を削減したい","拠点運営費が増加しているため、効果を測定できる省エネ・コスト削減策を求めています。","コスト削減","高","true","情報システム部","部長","77","false","アプローチ準備中","2026-08-30","true","本データはデモ用途の架空企業です。実在の企業・団体とは関係ありません。"
"FC-00672","株式会社ブリッジデジタルパートナーズ","株式会社 ブリッジ デジタル パートナーズ","information","情報通信業","秋田県","産業市","2003","24","小規模","432","通信サービス提供","https://example.invalid/information/072","設備の老朽化と保守負担を減らしたい","既存設備の故障と保守工数が増えており、更新計画と運用改善を一緒に提案できる企業を探しています。","既存施設の改修","設備の老朽化と保守負担を減らしたい","既存設備の故障と保守工数が増えており、更新計画と運用改善を一緒に提案できる企業を探しています。","設備・施設","低","true","情報システム部","課長","94","false","未対応","2026-08-30","true","本データはデモ用途の架空企業です。実在の企業・団体とは関係ありません。"
"FC-00673","合同会社ブリッジデジタルワークス","合同会社 ブリッジ デジタル ワークス","information","情報通信業","千葉県","学園市","2014","201","中小企業","3819","業務システム開発","https://example.invalid/information/073","問い合わせと顧客対応を効率化したい","問い合わせ情報が複数部署に分散しており、対応状況を一元管理できる仕組みを探しています。","事業エリアの拡大","問い合わせと顧客対応を効率化したい","問い合わせ情報が複数部署に分散しており、対応状況を一元管理できる仕組みを探しています。","営業・顧客管理","中","true","情報システム部","責任者","66","false","情報収集中","2026-08-30","true","本データはデモ用途の架空企業です。実在の企業・団体とは関係ありません。"
"FC-00674","株式会社ブリッジデジタルグループ","株式会社 ブリッジ デジタル グループ","information","情報通信業","山梨県","泉市","1957","738","中堅企業","14760","クラウド・データ基盤運営","https://example.invalid/information/074","採用後の教育と定着を改善したい","人員拡大に対して教育担当者が不足しており、研修の標準化と定着支援を相談したいです。","DX推進組織の新設","採用後の教育と定着を改善したい","人員拡大に対して教育担当者が不足しており、研修の標準化と定着支援を相談したいです。","人材・労務","高","true","情報システム部","企画担当","83","false","アプローチ準備中","2026-08-30","true","本データはデモ用途の架空企業です。実在の企業・団体とは関係ありません。"
"FC-00675","合同会社ブリッジデジタルコーポレーション","合同会社 ブリッジ デジタル コーポレーション","information","情報通信業","京都府","丘陵市","1968","1975","大企業","41475","通信サービス提供","https://example.invalid/information/075","新サービスの販売パートナーを探したい","新サービスの提供地域を広げるため、共同提案や販売連携が可能な企業を探しています。","安全管理方針の強化","新サービスの販売パートナーを探したい","新サービスの提供地域を広げるため、共同提案や販売連携が可能な企業を探しています。","事業開発","低","true","情報システム部","部長","55","false","未対応","2026-08-30","true","本データはデモ用途の架空企業です。実在の企業・団体とは関係ありません。"
"FC-00676","株式会社フォーカスデジタルソリューションズ","株式会社 フォーカス デジタル ソリューションズ","information","情報通信業","岡山県","未来市","1979","20","小規模","440","業務システム開発","https://example.invalid/information/076","現場の安全管理と品質記録を強化したい","点検記録と事故予防の仕組みを見直しており、導入負担の小さい安全管理提案を受け付けています。","業務提携の締結","現場の安全管理と品質記録を強化したい","点検記録と事故予防の仕組みを見直しており、導入負担の小さい安全管理提案を受け付けています。","安全・品質","中","true","情報システム部","課長","72","false","情報収集中","2026-08-30","true","本データはデモ用途の架空企業です。実在の企業・団体とは関係ありません。"
"FC-00677","合同会社フォーカスデジタルパートナーズ","合同会社 フォーカス デジタル パートナーズ","information","情報通信業","福岡県","中央市","1990","99","中小企業","2277","クラウド・データ基盤運営","https://example.invalid/information/077","手作業と紙中心の業務をデジタル化したい","部門間の情報共有が手作業になっているため、現場へ定着しやすい業務システムの提案を募集しています。","設備更新予算の増額","手作業と紙中心の業務をデジタル化したい","部門間の情報共有が手作業になっているため、現場へ定着しやすい業務システムの提案を募集しています。","DX・IT","高","true","情報システム部","責任者","89","false","アプローチ準備中","2026-08-30","true","本データはデモ用途の架空企業です。実在の企業・団体とは関係ありません。"
"FC-00678","株式会社フォーカスデジタルワークス","株式会社 フォーカス デジタル ワークス","information","情報通信業","沖縄県","緑市","2001","886","中堅企業","21264","通信サービス提供","https://example.invalid/information/078","在庫差異と配送負担を減らしたい","在庫状況の把握に時間がかかっており、入出庫と配送計画を改善する提案を募集しています。","省エネ投資の開始","在庫差異と配送負担を減らしたい","在庫状況の把握に時間がかかっており、入出庫と配送計画を改善する提案を募集しています。","物流・在庫","低","true","情報システム部","企画担当","61","false","未対応","2026-08-30","true","本データはデモ用途の架空企業です。実在の企業・団体とは関係ありません。"
"FC-00679","合同会社フォーカスデジタルグループ","合同会社 フォーカス デジタル グループ","information","情報通信業","福島県","さくら市","2012","2123","大企業","53075","業務システム開発","https://example.invalid/information/079","エネルギー・運用費を削減したい","拠点運営費が増加しているため、効果を測定できる省エネ・コスト削減策を求めています。","新サービスの発表","エネルギー・運用費を削減したい","拠点運営費が増加しているため、効果を測定できる省エネ・コスト削減策を求めています。","コスト削減","中","true","情報システム部","部長","78","false","情報収集中","2026-08-30","true","本データはデモ用途の架空企業です。実在の企業・団体とは関係ありません。"
"FC-00680","株式会社フォーカスデジタルコーポレーション","株式会社 フォーカス デジタル コーポレーション","information","情報通信業","神奈川県","ひかり市","1955","16","小規模","416","クラウド・データ基盤運営","https://example.invalid/information/080","設備の老朽化と保守負担を減らしたい","既存設備の故障と保守工数が増えており、更新計画と運用改善を一緒に提案できる企業を探しています。","新拠点の開設計画","設備の老朽化と保守負担を減らしたい","既存設備の故障と保守工数が増えており、更新計画と運用改善を一緒に提案できる企業を探しています。","設備・施設","高","true","情報システム部","課長","95","true","アプローチ準備中","2026-08-30","true","本データはデモ用途の架空企業です。実在の企業・団体とは関係ありません。"
"FC-00681","合同会社ビジョンデジタルソリューションズ","合同会社 ビジョン デジタル ソリューションズ","information","情報通信業","岐阜県","あおば市","1966","247","中小企業","6669","通信サービス提供","https://example.invalid/information/081","問い合わせと顧客対応を効率化したい","問い合わせ情報が複数部署に分散しており、対応状況を一元管理できる仕組みを探しています。","人員採用の拡大","問い合わせと顧客対応を効率化したい","問い合わせ情報が複数部署に分散しており、対応状況を一元管理できる仕組みを探しています。","営業・顧客管理","低","true","情報システム部","責任者","67","false","未対応","2026-08-30","true","本データはデモ用途の架空企業です。実在の企業・団体とは関係ありません。"
"FC-00682","株式会社ビジョンデジタルパートナーズ","株式会社 ビジョン デジタル パートナーズ","information","情報通信業","兵庫県","若葉市","1977","334","中堅企業","9352","業務システム開発","https://example.invalid/information/082","採用後の教育と定着を改善したい","人員拡大に対して教育担当者が不足しており、研修の標準化と定着支援を相談したいです。","既存施設の改修","採用後の教育と定着を改善したい","人員拡大に対して教育担当者が不足しており、研修の標準化と定着支援を相談したいです。","人材・労務","中","true","情報システム部","企画担当","84","false","情報収集中","2026-08-30","true","本データはデモ用途の架空企業です。実在の企業・団体とは関係ありません。"
"FC-00683","合同会社ビジョンデジタルワークス","合同会社 ビジョン デジタル ワークス","information","情報通信業","山口県","豊栄市","1988","2271","大企業","65859","クラウド・データ基盤運営","https://example.invalid/information/083","新サービスの販売パートナーを探したい","新サービスの提供地域を広げるため、共同提案や販売連携が可能な企業を探しています。","事業エリアの拡大","新サービスの販売パートナーを探したい","新サービスの提供地域を広げるため、共同提案や販売連携が可能な企業を探しています。","事業開発","高","true","情報システム部","部長","56","false","アプローチ準備中","2026-08-30","true","本データはデモ用途の架空企業です。実在の企業・団体とは関係ありません。"
"FC-00684","株式会社ビジョンデジタルグループ","株式会社 ビジョン デジタル グループ","information","情報通信業","長崎県","清流市","1999","12","小規模","132","通信サービス提供","https://example.invalid/information/084","現場の安全管理と品質記録を強化したい","点検記録と事故予防の仕組みを見直しており、導入負担の小さい安全管理提案を受け付けています。","DX推進組織の新設","現場の安全管理と品質記録を強化したい","点検記録と事故予防の仕組みを見直しており、導入負担の小さい安全管理提案を受け付けています。","安全・品質","低","true","情報システム部","課長","73","false","未対応","2026-08-30","true","本データはデモ用途の架空企業です。実在の企業・団体とは関係ありません。"
"FC-00685","合同会社ビジョンデジタルコーポレーション","合同会社 ビジョン デジタル コーポレーション","information","情報通信業","青森県","旭市","2010","145","中小企業","1740","業務システム開発","https://example.invalid/information/085","手作業と紙中心の業務をデジタル化したい","部門間の情報共有が手作業になっているため、現場へ定着しやすい業務システムの提案を募集しています。","安全管理方針の強化","手作業と紙中心の業務をデジタル化したい","部門間の情報共有が手作業になっているため、現場へ定着しやすい業務システムの提案を募集しています。","DX・IT","中","true","情報システム部","責任者","90","false","情報収集中","2026-08-30","true","本データはデモ用途の架空企業です。実在の企業・団体とは関係ありません。"
"FC-00686","株式会社コアデジタルソリューションズ","株式会社 コア デジタル ソリューションズ","information","情報通信業","栃木県","みなと市","2021","482","中堅企業","6266","クラウド・データ基盤運営","https://example.invalid/information/086","在庫差異と配送負担を減らしたい","在庫状況の把握に時間がかかっており、入出庫と配送計画を改善する提案を募集しています。","業務提携の締結","在庫差異と配送負担を減らしたい","在庫状況の把握に時間がかかっており、入出庫と配送計画を改善する提案を募集しています。","物流・在庫","高","true","情報システム部","企画担当","62","false","アプローチ準備中","2026-08-30","true","本データはデモ用途の架空企業です。実在の企業・団体とは関係ありません。"
"FC-00687","合同会社コアデジタルパートナーズ","合同会社 コア デジタル パートナーズ","information","情報通信業","富山県","高台市","1964","2419","大企業","33866","通信サービス提供","https://example.invalid/information/087","エネルギー・運用費を削減したい","拠点運営費が増加しているため、効果を測定できる省エネ・コスト削減策を求めています。","設備更新予算の増額","エネルギー・運用費を削減したい","拠点運営費が増加しているため、効果を測定できる省エネ・コスト削減策を求めています。","コスト削減","低","true","情報システム部","部長","79","false","未対応","2026-08-30","true","本データはデモ用途の架空企業です。実在の企業・団体とは関係ありません。"
"FC-00688","株式会社コアデジタルワークス","株式会社 コア デジタル ワークス","information","情報通信業","愛知県","新生市","1975","46","小規模","690","業務システム開発","https://example.invalid/information/088","設備の老朽化と保守負担を減らしたい","既存設備の故障と保守工数が増えており、更新計画と運用改善を一緒に提案できる企業を探しています。","省エネ投資の開始","設備の老朽化と保守負担を減らしたい","既存設備の故障と保守工数が増えており、更新計画と運用改善を一緒に提案できる企業を探しています。","設備・施設","中","true","情報システム部","課長","96","false","情報収集中","2026-08-30","true","本データはデモ用途の架空企業です。実在の企業・団体とは関係ありません。"
"FC-00689","合同会社コアデジタルグループ","合同会社 コア デジタル グループ","information","情報通信業","和歌山県","平和市","1986","293","中小企業","4688","クラウド・データ基盤運営","https://example.invalid/information/089","問い合わせと顧客対応を効率化したい","問い合わせ情報が複数部署に分散しており、対応状況を一元管理できる仕組みを探しています。","新サービスの発表","問い合わせと顧客対応を効率化したい","問い合わせ情報が複数部署に分散しており、対応状況を一元管理できる仕組みを探しています。","営業・顧客管理","高","true","情報システム部","責任者","68","false","アプローチ準備中","2026-08-30","true","本データはデモ用途の架空企業です。実在の企業・団体とは関係ありません。"
"FC-00690","株式会社コアデジタルコーポレーション","株式会社 コア デジタル コーポレーション","information","情報通信業","香川県","希望市","1997","630","中堅企業","10710","通信サービス提供","https://example.invalid/information/090","採用後の教育と定着を改善したい","人員拡大に対して教育担当者が不足しており、研修の標準化と定着支援を相談したいです。","新拠点の開設計画","採用後の教育と定着を改善したい","人員拡大に対して教育担当者が不足しており、研修の標準化と定着支援を相談したいです。","人材・労務","低","true","情報システム部","企画担当","85","false","未対応","2026-08-30","true","本データはデモ用途の架空企業です。実在の企業・団体とは関係ありません。"
"FC-00691","合同会社アドバンスデジタルソリューションズ","合同会社 アドバンス デジタル ソリューションズ","information","情報通信業","大分県","文化市","2008","2567","大企業","46206","業務システム開発","https://example.invalid/information/091","新サービスの販売パートナーを探したい","新サービスの提供地域を広げるため、共同提案や販売連携が可能な企業を探しています。","人員採用の拡大","新サービスの販売パートナーを探したい","新サービスの提供地域を広げるため、共同提案や販売連携が可能な企業を探しています。","事業開発","中","true","情報システム部","部長","57","false","情報収集中","2026-08-30","true","本データはデモ用途の架空企業です。実在の企業・団体とは関係ありません。"
"FC-00692","株式会社アドバンスデジタルパートナーズ","株式会社 アドバンス デジタル パートナーズ","information","情報通信業","宮城県","産業市","2019","42","小規模","798","クラウド・データ基盤運営","https://example.invalid/information/092","現場の安全管理と品質記録を強化したい","点検記録と事故予防の仕組みを見直しており、導入負担の小さい安全管理提案を受け付けています。","既存施設の改修","現場の安全管理と品質記録を強化したい","点検記録と事故予防の仕組みを見直しており、導入負担の小さい安全管理提案を受け付けています。","安全・品質","高","true","情報システム部","課長","74","false","アプローチ準備中","2026-08-30","true","本データはデモ用途の架空企業です。実在の企業・団体とは関係ありません。"
"FC-00693","合同会社アドバンスデジタルワークス","合同会社 アドバンス デジタル ワークス","information","情報通信業","埼玉県","学園市","1962","191","中小企業","3820","通信サービス提供","https://example.invalid/information/093","手作業と紙中心の業務をデジタル化したい","部門間の情報共有が手作業になっているため、現場へ定着しやすい業務システムの提案を募集しています。","事業エリアの拡大","手作業と紙中心の業務をデジタル化したい","部門間の情報共有が手作業になっているため、現場へ定着しやすい業務システムの提案を募集しています。","DX・IT","低","true","情報システム部","責任者","91","false","未対応","2026-08-30","true","本データはデモ用途の架空企業です。実在の企業・団体とは関係ありません。"
"FC-00694","株式会社アドバンスデジタルグループ","株式会社 アドバンス デジタル グループ","information","情報通信業","福井県","泉市","1973","778","中堅企業","16338","業務システム開発","https://example.invalid/information/094","在庫差異と配送負担を減らしたい","在庫状況の把握に時間がかかっており、入出庫と配送計画を改善する提案を募集しています。","DX推進組織の新設","在庫差異と配送負担を減らしたい","在庫状況の把握に時間がかかっており、入出庫と配送計画を改善する提案を募集しています。","物流・在庫","中","true","情報システム部","企画担当","63","false","情報収集中","2026-08-30","true","本データはデモ用途の架空企業です。実在の企業・団体とは関係ありません。"
"FC-00695","合同会社アドバンスデジタルコーポレーション","合同会社 アドバンス デジタル コーポレーション","information","情報通信業","滋賀県","丘陵市","1984","2715","大企業","59730","クラウド・データ基盤運営","https://example.invalid/information/095","エネルギー・運用費を削減したい","拠点運営費が増加しているため、効果を測定できる省エネ・コスト削減策を求めています。","安全管理方針の強化","エネルギー・運用費を削減したい","拠点運営費が増加しているため、効果を測定できる省エネ・コスト削減策を求めています。","コスト削減","高","true","情報システム部","部長","80","false","アプローチ準備中","2026-08-30","true","本データはデモ用途の架空企業です。実在の企業・団体とは関係ありません。"
"FC-00696","株式会社インテグラデジタルソリューションズ","株式会社 インテグラ デジタル ソリューションズ","information","情報通信業","島根県","未来市","1995","38","小規模","874","通信サービス提供","https://example.invalid/information/096","設備の老朽化と保守負担を減らしたい","既存設備の故障と保守工数が増えており、更新計画と運用改善を一緒に提案できる企業を探しています。","業務提携の締結","設備の老朽化と保守負担を減らしたい","既存設備の故障と保守工数が増えており、更新計画と運用改善を一緒に提案できる企業を探しています。","設備・施設","低","true","情報システム部","課長","97","false","未対応","2026-08-30","true","本データはデモ用途の架空企業です。実在の企業・団体とは関係ありません。"
"FC-00697","合同会社インテグラデジタルパートナーズ","合同会社 インテグラ デジタル パートナーズ","information","情報通信業","高知県","中央市","2006","89","中小企業","2136","業務システム開発","https://example.invalid/information/097","問い合わせと顧客対応を効率化したい","問い合わせ情報が複数部署に分散しており、対応状況を一元管理できる仕組みを探しています。","設備更新予算の増額","問い合わせと顧客対応を効率化したい","問い合わせ情報が複数部署に分散しており、対応状況を一元管理できる仕組みを探しています。","営業・顧客管理","中","true","情報システム部","責任者","69","true","情報収集中","2026-08-30","true","本データはデモ用途の架空企業です。実在の企業・団体とは関係ありません。"
"FC-00698","株式会社インテグラデジタルワークス","株式会社 インテグラ デジタル ワークス","information","情報通信業","鹿児島県","緑市","2017","926","中堅企業","23150","クラウド・データ基盤運営","https://example.invalid/information/098","採用後の教育と定着を改善したい","人員拡大に対して教育担当者が不足しており、研修の標準化と定着支援を相談したいです。","省エネ投資の開始","採用後の教育と定着を改善したい","人員拡大に対して教育担当者が不足しており、研修の標準化と定着支援を相談したいです。","人材・労務","高","true","情報システム部","企画担当","86","false","アプローチ準備中","2026-08-30","true","本データはデモ用途の架空企業です。実在の企業・団体とは関係ありません。"
"FC-00699","合同会社インテグラデジタルグループ","合同会社 インテグラ デジタル グループ","information","情報通信業","山形県","さくら市","1960","2863","大企業","74438","通信サービス提供","https://example.invalid/information/099","新サービスの販売パートナーを探したい","新サービスの提供地域を広げるため、共同提案や販売連携が可能な企業を探しています。","新サービスの発表","新サービスの販売パートナーを探したい","新サービスの提供地域を広げるため、共同提案や販売連携が可能な企業を探しています。","事業開発","低","true","情報システム部","部長","58","false","未対応","2026-08-30","true","本データはデモ用途の架空企業です。実在の企業・団体とは関係ありません。"
"FC-00700","株式会社インテグラデジタルコーポレーション","株式会社 インテグラ デジタル コーポレーション","information","情報通信業","東京都","ひかり市","1971","34","小規模","918","業務システム開発","https://example.invalid/information/100","現場の安全管理と品質記録を強化したい","点検記録と事故予防の仕組みを見直しており、導入負担の小さい安全管理提案を受け付けています。","新拠点の開設計画","現場の安全管理と品質記録を強化したい","点検記録と事故予防の仕組みを見直しており、導入負担の小さい安全管理提案を受け付けています。","安全・品質","中","true","情報システム部","課長","75","false","情報収集中","2026-08-30","true","本データはデモ用途の架空企業です。実在の企業・団体とは関係ありません。"
"FC-00701","合同会社アークロジスティクスソリューションズ","合同会社 アーク ロジスティクス ソリューションズ","transport","運輸・郵便業","長野県","あおば市","1982","237","中小企業","6636","貨物輸送・倉庫運営","https://example.invalid/transport/001","手作業と紙中心の業務をデジタル化したい","部門間の情報共有が手作業になっているため、現場へ定着しやすい業務システムの提案を募集しています。","人員採用の拡大","手作業と紙中心の業務をデジタル化したい","部門間の情報共有が手作業になっているため、現場へ定着しやすい業務システムの提案を募集しています。","DX・IT","高","true","物流企画部","責任者","92","false","アプローチ準備中","2026-08-30","true","本データはデモ用途の架空企業です。実在の企業・団体とは関係ありません。"
"FC-00702","株式会社アークロジスティクスパートナーズ","株式会社 アーク ロジスティクス パートナーズ","transport","運輸・郵便業","大阪府","若葉市","1993","374","中堅企業","10846","共同配送ネットワーク","https://example.invalid/transport/002","在庫差異と配送負担を減らしたい","在庫状況の把握に時間がかかっており、入出庫と配送計画を改善する提案を募集しています。","既存施設の改修","在庫差異と配送負担を減らしたい","在庫状況の把握に時間がかかっており、入出庫と配送計画を改善する提案を募集しています。","物流・在庫","低","true","物流企画部","企画担当","64","false","未対応","2026-08-30","true","本データはデモ用途の架空企業です。実在の企業・団体とは関係ありません。"
"FC-00703","合同会社アークロジスティクスワークス","合同会社 アーク ロジスティクス ワークス","transport","運輸・郵便業","広島県","豊栄市","2004","3011","大企業","33121","郵便・ラストマイル配送","https://example.invalid/transport/003","エネルギー・運用費を削減したい","拠点運営費が増加しているため、効果を測定できる省エネ・コスト削減策を求めています。","事業エリアの拡大","エネルギー・運用費を削減したい","拠点運営費が増加しているため、効果を測定できる省エネ・コスト削減策を求めています。","コスト削減","中","true","物流企画部","部長","81","false","情報収集中","2026-08-30","true","本データはデモ用途の架空企業です。実在の企業・団体とは関係ありません。"
"FC-00704","株式会社アークロジスティクスグループ","株式会社 アーク ロジスティクス グループ","transport","運輸・郵便業","佐賀県","清流市","2015","30","小規模","360","貨物輸送・倉庫運営","https://example.invalid/transport/004","設備の老朽化と保守負担を減らしたい","既存設備の故障と保守工数が増えており、更新計画と運用改善を一緒に提案できる企業を探しています。","DX推進組織の新設","設備の老朽化と保守負担を減らしたい","既存設備の故障と保守工数が増えており、更新計画と運用改善を一緒に提案できる企業を探しています。","設備・施設","高","true","物流企画部","課長","98","false","アプローチ準備中","2026-08-30","true","本データはデモ用途の架空企業です。実在の企業・団体とは関係ありません。"
"FC-00705","合同会社アークロジスティクスコーポレーション","合同会社 アーク ロジスティクス コーポレーション","transport","運輸・郵便業","北海道","旭市","1958","135","中小企業","1755","共同配送ネットワーク","https://example.invalid/transport/005","問い合わせと顧客対応を効率化したい","問い合わせ情報が複数部署に分散しており、対応状況を一元管理できる仕組みを探しています。","安全管理方針の強化","問い合わせと顧客対応を効率化したい","問い合わせ情報が複数部署に分散しており、対応状況を一元管理できる仕組みを探しています。","営業・顧客管理","低","true","物流企画部","責任者","70","false","未対応","2026-08-30","true","本データはデモ用途の架空企業です。実在の企業・団体とは関係ありません。"
"FC-00706","株式会社ネクサスロジスティクスソリューションズ","株式会社 ネクサス ロジスティクス ソリューションズ","transport","運輸・郵便業","茨城県","みなと市","1969","522","中堅企業","7308","郵便・ラストマイル配送","https://example.invalid/transport/006","採用後の教育と定着を改善したい","人員拡大に対して教育担当者が不足しており、研修の標準化と定着支援を相談したいです。","業務提携の締結","採用後の教育と定着を改善したい","人員拡大に対して教育担当者が不足しており、研修の標準化と定着支援を相談したいです。","人材・労務","中","true","物流企画部","企画担当","87","false","情報収集中","2026-08-30","true","本データはデモ用途の架空企業です。実在の企業・団体とは関係ありません。"
"FC-00707","合同会社ネクサスロジスティクスパートナーズ","合同会社 ネクサス ロジスティクス パートナーズ","transport","運輸・郵便業","新潟県","高台市","1980","3159","大企業","47385","貨物輸送・倉庫運営","https://example.invalid/transport/007","新サービスの販売パートナーを探したい","新サービスの提供地域を広げるため、共同提案や販売連携が可能な企業を探しています。","設備更新予算の増額","新サービスの販売パートナーを探したい","新サービスの提供地域を広げるため、共同提案や販売連携が可能な企業を探しています。","事業開発","高","true","物流企画部","部長","59","false","アプローチ準備中","2026-08-30","true","本データはデモ用途の架空企業です。実在の企業・団体とは関係ありません。"
"FC-00708","株式会社ネクサスロジスティクスワークス","株式会社 ネクサス ロジスティクス ワークス","transport","運輸・郵便業","静岡県","新生市","1991","26","小規模","416","共同配送ネットワーク","https://example.invalid/transport/008","現場の安全管理と品質記録を強化したい","点検記録と事故予防の仕組みを見直しており、導入負担の小さい安全管理提案を受け付けています。","省エネ投資の開始","現場の安全管理と品質記録を強化したい","点検記録と事故予防の仕組みを見直しており、導入負担の小さい安全管理提案を受け付けています。","安全・品質","低","true","物流企画部","課長","76","false","未対応","2026-08-30","true","本データはデモ用途の架空企業です。実在の企業・団体とは関係ありません。"
"FC-00709","合同会社ネクサスロジスティクスグループ","合同会社 ネクサス ロジスティクス グループ","transport","運輸・郵便業","奈良県","平和市","2002","283","中小企業","4811","郵便・ラストマイル配送","https://example.invalid/transport/009","手作業と紙中心の業務をデジタル化したい","部門間の情報共有が手作業になっているため、現場へ定着しやすい業務システムの提案を募集しています。","新サービスの発表","手作業と紙中心の業務をデジタル化したい","部門間の情報共有が手作業になっているため、現場へ定着しやすい業務システムの提案を募集しています。","DX・IT","中","true","物流企画部","責任者","93","false","情報収集中","2026-08-30","true","本データはデモ用途の架空企業です。実在の企業・団体とは関係ありません。"
"FC-00710","株式会社ネクサスロジスティクスコーポレーション","株式会社 ネクサス ロジスティクス コーポレーション","transport","運輸・郵便業","徳島県","希望市","2013","670","中堅企業","12060","貨物輸送・倉庫運営","https://example.invalid/transport/010","在庫差異と配送負担を減らしたい","在庫状況の把握に時間がかかっており、入出庫と配送計画を改善する提案を募集しています。","新拠点の開設計画","在庫差異と配送負担を減らしたい","在庫状況の把握に時間がかかっており、入出庫と配送計画を改善する提案を募集しています。","物流・在庫","高","true","物流企画部","企画担当","65","false","アプローチ準備中","2026-08-30","true","本データはデモ用途の架空企業です。実在の企業・団体とは関係ありません。"
"FC-00711","合同会社プライムロジスティクスソリューションズ","合同会社 プライム ロジスティクス ソリューションズ","transport","運輸・郵便業","熊本県","文化市","1956","3307","大企業","62833","共同配送ネットワーク","https://example.invalid/transport/011","エネルギー・運用費を削減したい","拠点運営費が増加しているため、効果を測定できる省エネ・コスト削減策を求めています。","人員採用の拡大","エネルギー・運用費を削減したい","拠点運営費が増加しているため、効果を測定できる省エネ・コスト削減策を求めています。","コスト削減","低","true","物流企画部","部長","82","false","未対応","2026-08-30","true","本データはデモ用途の架空企業です。実在の企業・団体とは関係ありません。"
"FC-00712","株式会社プライムロジスティクスパートナーズ","株式会社 プライム ロジスティクス パートナーズ","transport","運輸・郵便業","岩手県","産業市","1967","22","小規模","440","郵便・ラストマイル配送","https://example.invalid/transport/012","設備の老朽化と保守負担を減らしたい","既存設備の故障と保守工数が増えており、更新計画と運用改善を一緒に提案できる企業を探しています。","既存施設の改修","設備の老朽化と保守負担を減らしたい","既存設備の故障と保守工数が増えており、更新計画と運用改善を一緒に提案できる企業を探しています。","設備・施設","中","true","物流企画部","課長","99","false","情報収集中","2026-08-30","true","本データはデモ用途の架空企業です。実在の企業・団体とは関係ありません。"
"FC-00713","合同会社プライムロジスティクスワークス","合同会社 プライム ロジスティクス ワークス","transport","運輸・郵便業","群馬県","学園市","1978","181","中小企業","3801","貨物輸送・倉庫運営","https://example.invalid/transport/013","問い合わせと顧客対応を効率化したい","問い合わせ情報が複数部署に分散しており、対応状況を一元管理できる仕組みを探しています。","事業エリアの拡大","問い合わせと顧客対応を効率化したい","問い合わせ情報が複数部署に分散しており、対応状況を一元管理できる仕組みを探しています。","営業・顧客管理","高","true","物流企画部","責任者","71","false","アプローチ準備中","2026-08-30","true","本データはデモ用途の架空企業です。実在の企業・団体とは関係ありません。"
"FC-00714","株式会社プライムロジスティクスグループ","株式会社 プライム ロジスティクス グループ","transport","運輸・郵便業","石川県","泉市","1989","818","中堅企業","17996","共同配送ネットワーク","https://example.invalid/transport/014","採用後の教育と定着を改善したい","人員拡大に対して教育担当者が不足しており、研修の標準化と定着支援を相談したいです。","DX推進組織の新設","採用後の教育と定着を改善したい","人員拡大に対して教育担当者が不足しており、研修の標準化と定着支援を相談したいです。","人材・労務","低","true","物流企画部","企画担当","88","true","未対応","2026-08-30","true","本データはデモ用途の架空企業です。実在の企業・団体とは関係ありません。"
"FC-00715","合同会社プライムロジスティクスコーポレーション","合同会社 プライム ロジスティクス コーポレーション","transport","運輸・郵便業","三重県","丘陵市","2000","3455","大企業","79465","郵便・ラストマイル配送","https://example.invalid/transport/015","新サービスの販売パートナーを探したい","新サービスの提供地域を広げるため、共同提案や販売連携が可能な企業を探しています。","安全管理方針の強化","新サービスの販売パートナーを探したい","新サービスの提供地域を広げるため、共同提案や販売連携が可能な企業を探しています。","事業開発","中","true","物流企画部","部長","60","false","情報収集中","2026-08-30","true","本データはデモ用途の架空企業です。実在の企業・団体とは関係ありません。"
"FC-00716","株式会社オルビスロジスティクスソリューションズ","株式会社 オルビス ロジスティクス ソリューションズ","transport","運輸・郵便業","鳥取県","未来市","2011","18","小規模","432","貨物輸送・倉庫運営","https://example.invalid/transport/016","現場の安全管理と品質記録を強化したい","点検記録と事故予防の仕組みを見直しており、導入負担の小さい安全管理提案を受け付けています。","業務提携の締結","現場の安全管理と品質記録を強化したい","点検記録と事故予防の仕組みを見直しており、導入負担の小さい安全管理提案を受け付けています。","安全・品質","高","true","物流企画部","課長","77","false","アプローチ準備中","2026-08-30","true","本データはデモ用途の架空企業です。実在の企業・団体とは関係ありません。"
"FC-00717","合同会社オルビスロジスティクスパートナーズ","合同会社 オルビス ロジスティクス パートナーズ","transport","運輸・郵便業","愛媛県","中央市","2022","79","中小企業","1975","共同配送ネットワーク","https://example.invalid/transport/017","手作業と紙中心の業務をデジタル化したい","部門間の情報共有が手作業になっているため、現場へ定着しやすい業務システムの提案を募集しています。","設備更新予算の増額","手作業と紙中心の業務をデジタル化したい","部門間の情報共有が手作業になっているため、現場へ定着しやすい業務システムの提案を募集しています。","DX・IT","低","true","物流企画部","責任者","94","false","未対応","2026-08-30","true","本データはデモ用途の架空企業です。実在の企業・団体とは関係ありません。"
"FC-00718","株式会社オルビスロジスティクスワークス","株式会社 オルビス ロジスティクス ワークス","transport","運輸・郵便業","宮崎県","緑市","1965","966","中堅企業","25116","郵便・ラストマイル配送","https://example.invalid/transport/018","在庫差異と配送負担を減らしたい","在庫状況の把握に時間がかかっており、入出庫と配送計画を改善する提案を募集しています。","省エネ投資の開始","在庫差異と配送負担を減らしたい","在庫状況の把握に時間がかかっており、入出庫と配送計画を改善する提案を募集しています。","物流・在庫","中","true","物流企画部","企画担当","66","false","情報収集中","2026-08-30","true","本データはデモ用途の架空企業です。実在の企業・団体とは関係ありません。"
"FC-00719","合同会社オルビスロジスティクスグループ","合同会社 オルビス ロジスティクス グループ","transport","運輸・郵便業","秋田県","さくら市","1976","3603","大企業","97281","貨物輸送・倉庫運営","https://example.invalid/transport/019","エネルギー・運用費を削減したい","拠点運営費が増加しているため、効果を測定できる省エネ・コスト削減策を求めています。","新サービスの発表","エネルギー・運用費を削減したい","拠点運営費が増加しているため、効果を測定できる省エネ・コスト削減策を求めています。","コスト削減","高","true","物流企画部","部長","83","false","アプローチ準備中","2026-08-30","true","本データはデモ用途の架空企業です。実在の企業・団体とは関係ありません。"
"FC-00720","株式会社オルビスロジスティクスコーポレーション","株式会社 オルビス ロジスティクス コーポレーション","transport","運輸・郵便業","千葉県","ひかり市","1987","14","小規模","392","共同配送ネットワーク","https://example.invalid/transport/020","設備の老朽化と保守負担を減らしたい","既存設備の故障と保守工数が増えており、更新計画と運用改善を一緒に提案できる企業を探しています。","新拠点の開設計画","設備の老朽化と保守負担を減らしたい","既存設備の故障と保守工数が増えており、更新計画と運用改善を一緒に提案できる企業を探しています。","設備・施設","低","true","物流企画部","課長","55","false","未対応","2026-08-30","true","本データはデモ用途の架空企業です。実在の企業・団体とは関係ありません。"
"FC-00721","合同会社ノヴァロジスティクスソリューションズ","合同会社 ノヴァ ロジスティクス ソリューションズ","transport","運輸・郵便業","山梨県","あおば市","1998","227","中小企業","6583","郵便・ラストマイル配送","https://example.invalid/transport/021","問い合わせと顧客対応を効率化したい","問い合わせ情報が複数部署に分散しており、対応状況を一元管理できる仕組みを探しています。","人員採用の拡大","問い合わせと顧客対応を効率化したい","問い合わせ情報が複数部署に分散しており、対応状況を一元管理できる仕組みを探しています。","営業・顧客管理","中","true","物流企画部","責任者","72","false","情報収集中","2026-08-30","true","本データはデモ用途の架空企業です。実在の企業・団体とは関係ありません。"
"FC-00722","株式会社ノヴァロジスティクスパートナーズ","株式会社 ノヴァ ロジスティクス パートナーズ","transport","運輸・郵便業","京都府","若葉市","2009","414","中堅企業","4554","貨物輸送・倉庫運営","https://example.invalid/transport/022","採用後の教育と定着を改善したい","人員拡大に対して教育担当者が不足しており、研修の標準化と定着支援を相談したいです。","既存施設の改修","採用後の教育と定着を改善したい","人員拡大に対して教育担当者が不足しており、研修の標準化と定着支援を相談したいです。","人材・労務","高","true","物流企画部","企画担当","89","false","アプローチ準備中","2026-08-30","true","本データはデモ用途の架空企業です。実在の企業・団体とは関係ありません。"
"FC-00723","合同会社ノヴァロジスティクスワークス","合同会社 ノヴァ ロジスティクス ワークス","transport","運輸・郵便業","岡山県","豊栄市","2020","3751","大企業","45012","共同配送ネットワーク","https://example.invalid/transport/023","新サービスの販売パートナーを探したい","新サービスの提供地域を広げるため、共同提案や販売連携が可能な企業を探しています。","事業エリアの拡大","新サービスの販売パートナーを探したい","新サービスの提供地域を広げるため、共同提案や販売連携が可能な企業を探しています。","事業開発","低","true","物流企画部","部長","61","false","未対応","2026-08-30","true","本データはデモ用途の架空企業です。実在の企業・団体とは関係ありません。"
"FC-00724","株式会社ノヴァロジスティクスグループ","株式会社 ノヴァ ロジスティクス グループ","transport","運輸・郵便業","福岡県","清流市","1963","48","小規模","624","郵便・ラストマイル配送","https://example.invalid/transport/024","現場の安全管理と品質記録を強化したい","点検記録と事故予防の仕組みを見直しており、導入負担の小さい安全管理提案を受け付けています。","DX推進組織の新設","現場の安全管理と品質記録を強化したい","点検記録と事故予防の仕組みを見直しており、導入負担の小さい安全管理提案を受け付けています。","安全・品質","中","true","物流企画部","課長","78","false","情報収集中","2026-08-30","true","本データはデモ用途の架空企業です。実在の企業・団体とは関係ありません。"
"FC-00725","合同会社ノヴァロジスティクスコーポレーション","合同会社 ノヴァ ロジスティクス コーポレーション","transport","運輸・郵便業","沖縄県","旭市","1974","125","中小企業","1750","貨物輸送・倉庫運営","https://example.invalid/transport/025","手作業と紙中心の業務をデジタル化したい","部門間の情報共有が手作業になっているため、現場へ定着しやすい業務システムの提案を募集しています。","安全管理方針の強化","手作業と紙中心の業務をデジタル化したい","部門間の情報共有が手作業になっているため、現場へ定着しやすい業務システムの提案を募集しています。","DX・IT","高","true","物流企画部","責任者","95","false","アプローチ準備中","2026-08-30","true","本データはデモ用途の架空企業です。実在の企業・団体とは関係ありません。"
"FC-00726","株式会社ユニゾンロジスティクスソリューションズ","株式会社 ユニゾン ロジスティクス ソリューションズ","transport","運輸・郵便業","福島県","みなと市","1985","562","中堅企業","8430","共同配送ネットワーク","https://example.invalid/transport/026","在庫差異と配送負担を減らしたい","在庫状況の把握に時間がかかっており、入出庫と配送計画を改善する提案を募集しています。","業務提携の締結","在庫差異と配送負担を減らしたい","在庫状況の把握に時間がかかっており、入出庫と配送計画を改善する提案を募集しています。","物流・在庫","低","true","物流企画部","企画担当","67","false","未対応","2026-08-30","true","本データはデモ用途の架空企業です。実在の企業・団体とは関係ありません。"
"FC-00727","合同会社ユニゾンロジスティクスパートナーズ","合同会社 ユニゾン ロジスティクス パートナーズ","transport","運輸・郵便業","神奈川県","高台市","1996","3899","大企業","62384","郵便・ラストマイル配送","https://example.invalid/transport/027","エネルギー・運用費を削減したい","拠点運営費が増加しているため、効果を測定できる省エネ・コスト削減策を求めています。","設備更新予算の増額","エネルギー・運用費を削減したい","拠点運営費が増加しているため、効果を測定できる省エネ・コスト削減策を求めています。","コスト削減","中","true","物流企画部","部長","84","false","情報収集中","2026-08-30","true","本データはデモ用途の架空企業です。実在の企業・団体とは関係ありません。"
"FC-00728","株式会社ユニゾンロジスティクスワークス","株式会社 ユニゾン ロジスティクス ワークス","transport","運輸・郵便業","岐阜県","新生市","2007","44","小規模","748","貨物輸送・倉庫運営","https://example.invalid/transport/028","設備の老朽化と保守負担を減らしたい","既存設備の故障と保守工数が増えており、更新計画と運用改善を一緒に提案できる企業を探しています。","省エネ投資の開始","設備の老朽化と保守負担を減らしたい","既存設備の故障と保守工数が増えており、更新計画と運用改善を一緒に提案できる企業を探しています。","設備・施設","高","true","物流企画部","課長","56","false","アプローチ準備中","2026-08-30","true","本データはデモ用途の架空企業です。実在の企業・団体とは関係ありません。"
"FC-00729","合同会社ユニゾンロジスティクスグループ","合同会社 ユニゾン ロジスティクス グループ","transport","運輸・郵便業","兵庫県","平和市","2018","273","中小企業","4914","共同配送ネットワーク","https://example.invalid/transport/029","問い合わせと顧客対応を効率化したい","問い合わせ情報が複数部署に分散しており、対応状況を一元管理できる仕組みを探しています。","新サービスの発表","問い合わせと顧客対応を効率化したい","問い合わせ情報が複数部署に分散しており、対応状況を一元管理できる仕組みを探しています。","営業・顧客管理","低","true","物流企画部","責任者","73","false","未対応","2026-08-30","true","本データはデモ用途の架空企業です。実在の企業・団体とは関係ありません。"
"FC-00730","株式会社ユニゾンロジスティクスコーポレーション","株式会社 ユニゾン ロジスティクス コーポレーション","transport","運輸・郵便業","山口県","希望市","1961","710","中堅企業","13490","郵便・ラストマイル配送","https://example.invalid/transport/030","採用後の教育と定着を改善したい","人員拡大に対して教育担当者が不足しており、研修の標準化と定着支援を相談したいです。","新拠点の開設計画","採用後の教育と定着を改善したい","人員拡大に対して教育担当者が不足しており、研修の標準化と定着支援を相談したいです。","人材・労務","中","true","物流企画部","企画担当","90","false","情報収集中","2026-08-30","true","本データはデモ用途の架空企業です。実在の企業・団体とは関係ありません。"
"FC-00731","合同会社ヴェリタスロジスティクスソリューションズ","合同会社 ヴェリタス ロジスティクス ソリューションズ","transport","運輸・郵便業","長崎県","文化市","1972","4047","大企業","80940","貨物輸送・倉庫運営","https://example.invalid/transport/031","新サービスの販売パートナーを探したい","新サービスの提供地域を広げるため、共同提案や販売連携が可能な企業を探しています。","人員採用の拡大","新サービスの販売パートナーを探したい","新サービスの提供地域を広げるため、共同提案や販売連携が可能な企業を探しています。","事業開発","高","true","物流企画部","部長","62","true","アプローチ準備中","2026-08-30","true","本データはデモ用途の架空企業です。実在の企業・団体とは関係ありません。"
"FC-00732","株式会社ヴェリタスロジスティクスパートナーズ","株式会社 ヴェリタス ロジスティクス パートナーズ","transport","運輸・郵便業","青森県","産業市","1983","40","小規模","840","共同配送ネットワーク","https://example.invalid/transport/032","現場の安全管理と品質記録を強化したい","点検記録と事故予防の仕組みを見直しており、導入負担の小さい安全管理提案を受け付けています。","既存施設の改修","現場の安全管理と品質記録を強化したい","点検記録と事故予防の仕組みを見直しており、導入負担の小さい安全管理提案を受け付けています。","安全・品質","低","true","物流企画部","課長","79","false","未対応","2026-08-30","true","本データはデモ用途の架空企業です。実在の企業・団体とは関係ありません。"
"FC-00733","合同会社ヴェリタスロジスティクスワークス","合同会社 ヴェリタス ロジスティクス ワークス","transport","運輸・郵便業","栃木県","学園市","1994","171","中小企業","3762","郵便・ラストマイル配送","https://example.invalid/transport/033","手作業と紙中心の業務をデジタル化したい","部門間の情報共有が手作業になっているため、現場へ定着しやすい業務システムの提案を募集しています。","事業エリアの拡大","手作業と紙中心の業務をデジタル化したい","部門間の情報共有が手作業になっているため、現場へ定着しやすい業務システムの提案を募集しています。","DX・IT","中","true","物流企画部","責任者","96","false","情報収集中","2026-08-30","true","本データはデモ用途の架空企業です。実在の企業・団体とは関係ありません。"
"FC-00734","株式会社ヴェリタスロジスティクスグループ","株式会社 ヴェリタス ロジスティクス グループ","transport","運輸・郵便業","富山県","泉市","2005","858","中堅企業","19734","貨物輸送・倉庫運営","https://example.invalid/transport/034","在庫差異と配送負担を減らしたい","在庫状況の把握に時間がかかっており、入出庫と配送計画を改善する提案を募集しています。","DX推進組織の新設","在庫差異と配送負担を減らしたい","在庫状況の把握に時間がかかっており、入出庫と配送計画を改善する提案を募集しています。","物流・在庫","高","true","物流企画部","企画担当","68","false","アプローチ準備中","2026-08-30","true","本データはデモ用途の架空企業です。実在の企業・団体とは関係ありません。"
"FC-00735","合同会社ヴェリタスロジスティクスコーポレーション","合同会社 ヴェリタス ロジスティクス コーポレーション","transport","運輸・郵便業","愛知県","丘陵市","2016","4195","大企業","100680","共同配送ネットワーク","https://example.invalid/transport/035","エネルギー・運用費を削減したい","拠点運営費が増加しているため、効果を測定できる省エネ・コスト削減策を求めています。","安全管理方針の強化","エネルギー・運用費を削減したい","拠点運営費が増加しているため、効果を測定できる省エネ・コスト削減策を求めています。","コスト削減","低","true","物流企画部","部長","85","false","未対応","2026-08-30","true","本データはデモ用途の架空企業です。実在の企業・団体とは関係ありません。"
"FC-00736","株式会社セントラルロジスティクスソリューションズ","株式会社 セントラル ロジスティクス ソリューションズ","transport","運輸・郵便業","和歌山県","未来市","1959","36","小規模","900","郵便・ラストマイル配送","https://example.invalid/transport/036","設備の老朽化と保守負担を減らしたい","既存設備の故障と保守工数が増えており、更新計画と運用改善を一緒に提案できる企業を探しています。","業務提携の締結","設備の老朽化と保守負担を減らしたい","既存設備の故障と保守工数が増えており、更新計画と運用改善を一緒に提案できる企業を探しています。","設備・施設","中","true","物流企画部","課長","57","false","情報収集中","2026-08-30","true","本データはデモ用途の架空企業です。実在の企業・団体とは関係ありません。"
"FC-00737","合同会社セントラルロジスティクスパートナーズ","合同会社 セントラル ロジスティクス パートナーズ","transport","運輸・郵便業","香川県","中央市","1970","69","中小企業","1794","貨物輸送・倉庫運営","https://example.invalid/transport/037","問い合わせと顧客対応を効率化したい","問い合わせ情報が複数部署に分散しており、対応状況を一元管理できる仕組みを探しています。","設備更新予算の増額","問い合わせと顧客対応を効率化したい","問い合わせ情報が複数部署に分散しており、対応状況を一元管理できる仕組みを探しています。","営業・顧客管理","高","true","物流企画部","責任者","74","false","アプローチ準備中","2026-08-30","true","本データはデモ用途の架空企業です。実在の企業・団体とは関係ありません。"
"FC-00738","株式会社セントラルロジスティクスワークス","株式会社 セントラル ロジスティクス ワークス","transport","運輸・郵便業","大分県","緑市","1981","306","中堅企業","8262","共同配送ネットワーク","https://example.invalid/transport/038","採用後の教育と定着を改善したい","人員拡大に対して教育担当者が不足しており、研修の標準化と定着支援を相談したいです。","省エネ投資の開始","採用後の教育と定着を改善したい","人員拡大に対して教育担当者が不足しており、研修の標準化と定着支援を相談したいです。","人材・労務","低","true","物流企画部","企画担当","91","false","未対応","2026-08-30","true","本データはデモ用途の架空企業です。実在の企業・団体とは関係ありません。"
"FC-00739","合同会社セントラルロジスティクスグループ","合同会社 セントラル ロジスティクス グループ","transport","運輸・郵便業","宮城県","さくら市","1992","4343","大企業","121604","郵便・ラストマイル配送","https://example.invalid/transport/039","新サービスの販売パートナーを探したい","新サービスの提供地域を広げるため、共同提案や販売連携が可能な企業を探しています。","新サービスの発表","新サービスの販売パートナーを探したい","新サービスの提供地域を広げるため、共同提案や販売連携が可能な企業を探しています。","事業開発","中","true","物流企画部","部長","63","false","情報収集中","2026-08-30","true","本データはデモ用途の架空企業です。実在の企業・団体とは関係ありません。"
"FC-00740","株式会社セントラルロジスティクスコーポレーション","株式会社 セントラル ロジスティクス コーポレーション","transport","運輸・郵便業","埼玉県","ひかり市","2003","32","小規模","928","貨物輸送・倉庫運営","https://example.invalid/transport/040","現場の安全管理と品質記録を強化したい","点検記録と事故予防の仕組みを見直しており、導入負担の小さい安全管理提案を受け付けています。","新拠点の開設計画","現場の安全管理と品質記録を強化したい","点検記録と事故予防の仕組みを見直しており、導入負担の小さい安全管理提案を受け付けています。","安全・品質","高","true","物流企画部","課長","80","false","アプローチ準備中","2026-08-30","true","本データはデモ用途の架空企業です。実在の企業・団体とは関係ありません。"
"FC-00741","合同会社エレメントロジスティクスソリューションズ","合同会社 エレメント ロジスティクス ソリューションズ","transport","運輸・郵便業","福井県","あおば市","2014","217","中小企業","2387","共同配送ネットワーク","https://example.invalid/transport/041","手作業と紙中心の業務をデジタル化したい","部門間の情報共有が手作業になっているため、現場へ定着しやすい業務システムの提案を募集しています。","人員採用の拡大","手作業と紙中心の業務をデジタル化したい","部門間の情報共有が手作業になっているため、現場へ定着しやすい業務システムの提案を募集しています。","DX・IT","低","true","物流企画部","責任者","97","false","未対応","2026-08-30","true","本データはデモ用途の架空企業です。実在の企業・団体とは関係ありません。"
"FC-00742","株式会社エレメントロジスティクスパートナーズ","株式会社 エレメント ロジスティクス パートナーズ","transport","運輸・郵便業","滋賀県","若葉市","1957","454","中堅企業","5448","郵便・ラストマイル配送","https://example.invalid/transport/042","在庫差異と配送負担を減らしたい","在庫状況の把握に時間がかかっており、入出庫と配送計画を改善する提案を募集しています。","既存施設の改修","在庫差異と配送負担を減らしたい","在庫状況の把握に時間がかかっており、入出庫と配送計画を改善する提案を募集しています。","物流・在庫","中","true","物流企画部","企画担当","69","false","情報収集中","2026-08-30","true","本データはデモ用途の架空企業です。実在の企業・団体とは関係ありません。"
"FC-00743","合同会社エレメントロジスティクスワークス","合同会社 エレメント ロジスティクス ワークス","transport","運輸・郵便業","島根県","豊栄市","1968","4491","大企業","58383","貨物輸送・倉庫運営","https://example.invalid/transport/043","エネルギー・運用費を削減したい","拠点運営費が増加しているため、効果を測定できる省エネ・コスト削減策を求めています。","事業エリアの拡大","エネルギー・運用費を削減したい","拠点運営費が増加しているため、効果を測定できる省エネ・コスト削減策を求めています。","コスト削減","高","true","物流企画部","部長","86","false","アプローチ準備中","2026-08-30","true","本データはデモ用途の架空企業です。実在の企業・団体とは関係ありません。"
"FC-00744","株式会社エレメントロジスティクスグループ","株式会社 エレメント ロジスティクス グループ","transport","運輸・郵便業","高知県","清流市","1979","28","小規模","392","共同配送ネットワーク","https://example.invalid/transport/044","設備の老朽化と保守負担を減らしたい","既存設備の故障と保守工数が増えており、更新計画と運用改善を一緒に提案できる企業を探しています。","DX推進組織の新設","設備の老朽化と保守負担を減らしたい","既存設備の故障と保守工数が増えており、更新計画と運用改善を一緒に提案できる企業を探しています。","設備・施設","低","true","物流企画部","課長","58","false","未対応","2026-08-30","true","本データはデモ用途の架空企業です。実在の企業・団体とは関係ありません。"
"FC-00745","合同会社エレメントロジスティクスコーポレーション","合同会社 エレメント ロジスティクス コーポレーション","transport","運輸・郵便業","鹿児島県","旭市","1990","115","中小企業","1725","郵便・ラストマイル配送","https://example.invalid/transport/045","問い合わせと顧客対応を効率化したい","問い合わせ情報が複数部署に分散しており、対応状況を一元管理できる仕組みを探しています。","安全管理方針の強化","問い合わせと顧客対応を効率化したい","問い合わせ情報が複数部署に分散しており、対応状況を一元管理できる仕組みを探しています。","営業・顧客管理","中","true","物流企画部","責任者","75","false","情報収集中","2026-08-30","true","本データはデモ用途の架空企業です。実在の企業・団体とは関係ありません。"
"FC-00746","株式会社クレストロジスティクスソリューションズ","株式会社 クレスト ロジスティクス ソリューションズ","transport","運輸・郵便業","山形県","みなと市","2001","602","中堅企業","9632","貨物輸送・倉庫運営","https://example.invalid/transport/046","採用後の教育と定着を改善したい","人員拡大に対して教育担当者が不足しており、研修の標準化と定着支援を相談したいです。","業務提携の締結","採用後の教育と定着を改善したい","人員拡大に対して教育担当者が不足しており、研修の標準化と定着支援を相談したいです。","人材・労務","高","true","物流企画部","企画担当","92","false","アプローチ準備中","2026-08-30","true","本データはデモ用途の架空企業です。実在の企業・団体とは関係ありません。"
"FC-00747","合同会社クレストロジスティクスパートナーズ","合同会社 クレスト ロジスティクス パートナーズ","transport","運輸・郵便業","東京都","高台市","2012","4639","大企業","78863","共同配送ネットワーク","https://example.invalid/transport/047","新サービスの販売パートナーを探したい","新サービスの提供地域を広げるため、共同提案や販売連携が可能な企業を探しています。","設備更新予算の増額","新サービスの販売パートナーを探したい","新サービスの提供地域を広げるため、共同提案や販売連携が可能な企業を探しています。","事業開発","低","true","物流企画部","部長","64","false","未対応","2026-08-30","true","本データはデモ用途の架空企業です。実在の企業・団体とは関係ありません。"
"FC-00748","株式会社クレストロジスティクスワークス","株式会社 クレスト ロジスティクス ワークス","transport","運輸・郵便業","長野県","新生市","1955","24","小規模","432","郵便・ラストマイル配送","https://example.invalid/transport/048","現場の安全管理と品質記録を強化したい","点検記録と事故予防の仕組みを見直しており、導入負担の小さい安全管理提案を受け付けています。","省エネ投資の開始","現場の安全管理と品質記録を強化したい","点検記録と事故予防の仕組みを見直しており、導入負担の小さい安全管理提案を受け付けています。","安全・品質","中","true","物流企画部","課長","81","true","情報収集中","2026-08-30","true","本データはデモ用途の架空企業です。実在の企業・団体とは関係ありません。"
"FC-00749","合同会社クレストロジスティクスグループ","合同会社 クレスト ロジスティクス グループ","transport","運輸・郵便業","大阪府","平和市","1966","263","中小企業","4997","貨物輸送・倉庫運営","https://example.invalid/transport/049","手作業と紙中心の業務をデジタル化したい","部門間の情報共有が手作業になっているため、現場へ定着しやすい業務システムの提案を募集しています。","新サービスの発表","手作業と紙中心の業務をデジタル化したい","部門間の情報共有が手作業になっているため、現場へ定着しやすい業務システムの提案を募集しています。","DX・IT","高","true","物流企画部","責任者","98","false","アプローチ準備中","2026-08-30","true","本データはデモ用途の架空企業です。実在の企業・団体とは関係ありません。"
"FC-00750","株式会社クレストロジスティクスコーポレーション","株式会社 クレスト ロジスティクス コーポレーション","transport","運輸・郵便業","広島県","希望市","1977","750","中堅企業","15000","共同配送ネットワーク","https://example.invalid/transport/050","在庫差異と配送負担を減らしたい","在庫状況の把握に時間がかかっており、入出庫と配送計画を改善する提案を募集しています。","新拠点の開設計画","在庫差異と配送負担を減らしたい","在庫状況の把握に時間がかかっており、入出庫と配送計画を改善する提案を募集しています。","物流・在庫","低","true","物流企画部","企画担当","70","false","未対応","2026-08-30","true","本データはデモ用途の架空企業です。実在の企業・団体とは関係ありません。"
"FC-00751","合同会社シナジーロジスティクスソリューションズ","合同会社 シナジー ロジスティクス ソリューションズ","transport","運輸・郵便業","佐賀県","文化市","1988","4787","大企業","100527","郵便・ラストマイル配送","https://example.invalid/transport/051","エネルギー・運用費を削減したい","拠点運営費が増加しているため、効果を測定できる省エネ・コスト削減策を求めています。","人員採用の拡大","エネルギー・運用費を削減したい","拠点運営費が増加しているため、効果を測定できる省エネ・コスト削減策を求めています。","コスト削減","中","true","物流企画部","部長","87","false","情報収集中","2026-08-30","true","本データはデモ用途の架空企業です。実在の企業・団体とは関係ありません。"
"FC-00752","株式会社シナジーロジスティクスパートナーズ","株式会社 シナジー ロジスティクス パートナーズ","transport","運輸・郵便業","北海道","産業市","1999","20","小規模","440","貨物輸送・倉庫運営","https://example.invalid/transport/052","設備の老朽化と保守負担を減らしたい","既存設備の故障と保守工数が増えており、更新計画と運用改善を一緒に提案できる企業を探しています。","既存施設の改修","設備の老朽化と保守負担を減らしたい","既存設備の故障と保守工数が増えており、更新計画と運用改善を一緒に提案できる企業を探しています。","設備・施設","高","true","物流企画部","課長","59","false","アプローチ準備中","2026-08-30","true","本データはデモ用途の架空企業です。実在の企業・団体とは関係ありません。"
"FC-00753","合同会社シナジーロジスティクスワークス","合同会社 シナジー ロジスティクス ワークス","transport","運輸・郵便業","茨城県","学園市","2010","161","中小企業","3703","共同配送ネットワーク","https://example.invalid/transport/053","問い合わせと顧客対応を効率化したい","問い合わせ情報が複数部署に分散しており、対応状況を一元管理できる仕組みを探しています。","事業エリアの拡大","問い合わせと顧客対応を効率化したい","問い合わせ情報が複数部署に分散しており、対応状況を一元管理できる仕組みを探しています。","営業・顧客管理","低","true","物流企画部","責任者","76","false","未対応","2026-08-30","true","本データはデモ用途の架空企業です。実在の企業・団体とは関係ありません。"
"FC-00754","株式会社シナジーロジスティクスグループ","株式会社 シナジー ロジスティクス グループ","transport","運輸・郵便業","新潟県","泉市","2021","898","中堅企業","21552","郵便・ラストマイル配送","https://example.invalid/transport/054","採用後の教育と定着を改善したい","人員拡大に対して教育担当者が不足しており、研修の標準化と定着支援を相談したいです。","DX推進組織の新設","採用後の教育と定着を改善したい","人員拡大に対して教育担当者が不足しており、研修の標準化と定着支援を相談したいです。","人材・労務","中","true","物流企画部","企画担当","93","false","情報収集中","2026-08-30","true","本データはデモ用途の架空企業です。実在の企業・団体とは関係ありません。"
"FC-00755","合同会社シナジーロジスティクスコーポレーション","合同会社 シナジー ロジスティクス コーポレーション","transport","運輸・郵便業","静岡県","丘陵市","1964","4935","大企業","123375","貨物輸送・倉庫運営","https://example.invalid/transport/055","新サービスの販売パートナーを探したい","新サービスの提供地域を広げるため、共同提案や販売連携が可能な企業を探しています。","安全管理方針の強化","新サービスの販売パートナーを探したい","新サービスの提供地域を広げるため、共同提案や販売連携が可能な企業を探しています。","事業開発","高","true","物流企画部","部長","65","false","アプローチ準備中","2026-08-30","true","本データはデモ用途の架空企業です。実在の企業・団体とは関係ありません。"
"FC-00756","株式会社アクセルロジスティクスソリューションズ","株式会社 アクセル ロジスティクス ソリューションズ","transport","運輸・郵便業","奈良県","未来市","1975","16","小規模","416","共同配送ネットワーク","https://example.invalid/transport/056","現場の安全管理と品質記録を強化したい","点検記録と事故予防の仕組みを見直しており、導入負担の小さい安全管理提案を受け付けています。","業務提携の締結","現場の安全管理と品質記録を強化したい","点検記録と事故予防の仕組みを見直しており、導入負担の小さい安全管理提案を受け付けています。","安全・品質","低","true","物流企画部","課長","82","false","未対応","2026-08-30","true","本データはデモ用途の架空企業です。実在の企業・団体とは関係ありません。"
"FC-00757","合同会社アクセルロジスティクスパートナーズ","合同会社 アクセル ロジスティクス パートナーズ","transport","運輸・郵便業","徳島県","中央市","1986","59","中小企業","1593","郵便・ラストマイル配送","https://example.invalid/transport/057","手作業と紙中心の業務をデジタル化したい","部門間の情報共有が手作業になっているため、現場へ定着しやすい業務システムの提案を募集しています。","設備更新予算の増額","手作業と紙中心の業務をデジタル化したい","部門間の情報共有が手作業になっているため、現場へ定着しやすい業務システムの提案を募集しています。","DX・IT","中","true","物流企画部","責任者","99","false","情報収集中","2026-08-30","true","本データはデモ用途の架空企業です。実在の企業・団体とは関係ありません。"
"FC-00758","株式会社アクセルロジスティクスワークス","株式会社 アクセル ロジスティクス ワークス","transport","運輸・郵便業","熊本県","緑市","1997","346","中堅企業","9688","貨物輸送・倉庫運営","https://example.invalid/transport/058","在庫差異と配送負担を減らしたい","在庫状況の把握に時間がかかっており、入出庫と配送計画を改善する提案を募集しています。","省エネ投資の開始","在庫差異と配送負担を減らしたい","在庫状況の把握に時間がかかっており、入出庫と配送計画を改善する提案を募集しています。","物流・在庫","高","true","物流企画部","企画担当","71","false","アプローチ準備中","2026-08-30","true","本データはデモ用途の架空企業です。実在の企業・団体とは関係ありません。"
"FC-00759","合同会社アクセルロジスティクスグループ","合同会社 アクセル ロジスティクス グループ","transport","運輸・郵便業","岩手県","さくら市","2008","1083","大企業","31407","共同配送ネットワーク","https://example.invalid/transport/059","エネルギー・運用費を削減したい","拠点運営費が増加しているため、効果を測定できる省エネ・コスト削減策を求めています。","新サービスの発表","エネルギー・運用費を削減したい","拠点運営費が増加しているため、効果を測定できる省エネ・コスト削減策を求めています。","コスト削減","低","true","物流企画部","部長","88","false","未対応","2026-08-30","true","本データはデモ用途の架空企業です。実在の企業・団体とは関係ありません。"
"FC-00760","株式会社アクセルロジスティクスコーポレーション","株式会社 アクセル ロジスティクス コーポレーション","transport","運輸・郵便業","群馬県","ひかり市","2019","12","小規模","132","郵便・ラストマイル配送","https://example.invalid/transport/060","設備の老朽化と保守負担を減らしたい","既存設備の故障と保守工数が増えており、更新計画と運用改善を一緒に提案できる企業を探しています。","新拠点の開設計画","設備の老朽化と保守負担を減らしたい","既存設備の故障と保守工数が増えており、更新計画と運用改善を一緒に提案できる企業を探しています。","設備・施設","中","true","物流企画部","課長","60","false","情報収集中","2026-08-30","true","本データはデモ用途の架空企業です。実在の企業・団体とは関係ありません。"
"FC-00761","合同会社リードロジスティクスソリューションズ","合同会社 リード ロジスティクス ソリューションズ","transport","運輸・郵便業","石川県","あおば市","1962","207","中小企業","2484","貨物輸送・倉庫運営","https://example.invalid/transport/061","問い合わせと顧客対応を効率化したい","問い合わせ情報が複数部署に分散しており、対応状況を一元管理できる仕組みを探しています。","人員採用の拡大","問い合わせと顧客対応を効率化したい","問い合わせ情報が複数部署に分散しており、対応状況を一元管理できる仕組みを探しています。","営業・顧客管理","高","true","物流企画部","責任者","77","false","アプローチ準備中","2026-08-30","true","本データはデモ用途の架空企業です。実在の企業・団体とは関係ありません。"
"FC-00762","株式会社リードロジスティクスパートナーズ","株式会社 リード ロジスティクス パートナーズ","transport","運輸・郵便業","三重県","若葉市","1973","494","中堅企業","6422","共同配送ネットワーク","https://example.invalid/transport/062","採用後の教育と定着を改善したい","人員拡大に対して教育担当者が不足しており、研修の標準化と定着支援を相談したいです。","既存施設の改修","採用後の教育と定着を改善したい","人員拡大に対して教育担当者が不足しており、研修の標準化と定着支援を相談したいです。","人材・労務","低","true","物流企画部","企画担当","94","false","未対応","2026-08-30","true","本データはデモ用途の架空企業です。実在の企業・団体とは関係ありません。"
"FC-00763","合同会社リードロジスティクスワークス","合同会社 リード ロジスティクス ワークス","transport","運輸・郵便業","鳥取県","豊栄市","1984","1231","大企業","17234","郵便・ラストマイル配送","https://example.invalid/transport/063","新サービスの販売パートナーを探したい","新サービスの提供地域を広げるため、共同提案や販売連携が可能な企業を探しています。","事業エリアの拡大","新サービスの販売パートナーを探したい","新サービスの提供地域を広げるため、共同提案や販売連携が可能な企業を探しています。","事業開発","中","true","物流企画部","部長","66","false","情報収集中","2026-08-30","true","本データはデモ用途の架空企業です。実在の企業・団体とは関係ありません。"
"FC-00764","株式会社リードロジスティクスグループ","株式会社 リード ロジスティクス グループ","transport","運輸・郵便業","愛媛県","清流市","1995","46","小規模","690","貨物輸送・倉庫運営","https://example.invalid/transport/064","現場の安全管理と品質記録を強化したい","点検記録と事故予防の仕組みを見直しており、導入負担の小さい安全管理提案を受け付けています。","DX推進組織の新設","現場の安全管理と品質記録を強化したい","点検記録と事故予防の仕組みを見直しており、導入負担の小さい安全管理提案を受け付けています。","安全・品質","高","true","物流企画部","課長","83","false","アプローチ準備中","2026-08-30","true","本データはデモ用途の架空企業です。実在の企業・団体とは関係ありません。"
"FC-00765","合同会社リードロジスティクスコーポレーション","合同会社 リード ロジスティクス コーポレーション","transport","運輸・郵便業","宮崎県","旭市","2006","105","中小企業","1680","共同配送ネットワーク","https://example.invalid/transport/065","手作業と紙中心の業務をデジタル化したい","部門間の情報共有が手作業になっているため、現場へ定着しやすい業務システムの提案を募集しています。","安全管理方針の強化","手作業と紙中心の業務をデジタル化したい","部門間の情報共有が手作業になっているため、現場へ定着しやすい業務システムの提案を募集しています。","DX・IT","低","true","物流企画部","責任者","55","true","未対応","2026-08-30","true","本データはデモ用途の架空企業です。実在の企業・団体とは関係ありません。"
"FC-00766","株式会社ハーモニーロジスティクスソリューションズ","株式会社 ハーモニー ロジスティクス ソリューションズ","transport","運輸・郵便業","秋田県","みなと市","2017","642","中堅企業","10914","郵便・ラストマイル配送","https://example.invalid/transport/066","在庫差異と配送負担を減らしたい","在庫状況の把握に時間がかかっており、入出庫と配送計画を改善する提案を募集しています。","業務提携の締結","在庫差異と配送負担を減らしたい","在庫状況の把握に時間がかかっており、入出庫と配送計画を改善する提案を募集しています。","物流・在庫","中","true","物流企画部","企画担当","72","false","情報収集中","2026-08-30","true","本データはデモ用途の架空企業です。実在の企業・団体とは関係ありません。"
"FC-00767","合同会社ハーモニーロジスティクスパートナーズ","合同会社 ハーモニー ロジスティクス パートナーズ","transport","運輸・郵便業","千葉県","高台市","1960","1379","大企業","24822","貨物輸送・倉庫運営","https://example.invalid/transport/067","エネルギー・運用費を削減したい","拠点運営費が増加しているため、効果を測定できる省エネ・コスト削減策を求めています。","設備更新予算の増額","エネルギー・運用費を削減したい","拠点運営費が増加しているため、効果を測定できる省エネ・コスト削減策を求めています。","コスト削減","高","true","物流企画部","部長","89","false","アプローチ準備中","2026-08-30","true","本データはデモ用途の架空企業です。実在の企業・団体とは関係ありません。"
"FC-00768","株式会社ハーモニーロジスティクスワークス","株式会社 ハーモニー ロジスティクス ワークス","transport","運輸・郵便業","山梨県","新生市","1971","42","小規模","798","共同配送ネットワーク","https://example.invalid/transport/068","設備の老朽化と保守負担を減らしたい","既存設備の故障と保守工数が増えており、更新計画と運用改善を一緒に提案できる企業を探しています。","省エネ投資の開始","設備の老朽化と保守負担を減らしたい","既存設備の故障と保守工数が増えており、更新計画と運用改善を一緒に提案できる企業を探しています。","設備・施設","低","true","物流企画部","課長","61","false","未対応","2026-08-30","true","本データはデモ用途の架空企業です。実在の企業・団体とは関係ありません。"
"FC-00769","合同会社ハーモニーロジスティクスグループ","合同会社 ハーモニー ロジスティクス グループ","transport","運輸・郵便業","京都府","平和市","1982","253","中小企業","5060","郵便・ラストマイル配送","https://example.invalid/transport/069","問い合わせと顧客対応を効率化したい","問い合わせ情報が複数部署に分散しており、対応状況を一元管理できる仕組みを探しています。","新サービスの発表","問い合わせと顧客対応を効率化したい","問い合わせ情報が複数部署に分散しており、対応状況を一元管理できる仕組みを探しています。","営業・顧客管理","中","true","物流企画部","責任者","78","false","情報収集中","2026-08-30","true","本データはデモ用途の架空企業です。実在の企業・団体とは関係ありません。"
"FC-00770","株式会社ハーモニーロジスティクスコーポレーション","株式会社 ハーモニー ロジスティクス コーポレーション","transport","運輸・郵便業","岡山県","希望市","1993","790","中堅企業","16590","貨物輸送・倉庫運営","https://example.invalid/transport/070","採用後の教育と定着を改善したい","人員拡大に対して教育担当者が不足しており、研修の標準化と定着支援を相談したいです。","新拠点の開設計画","採用後の教育と定着を改善したい","人員拡大に対して教育担当者が不足しており、研修の標準化と定着支援を相談したいです。","人材・労務","高","true","物流企画部","企画担当","95","false","アプローチ準備中","2026-08-30","true","本データはデモ用途の架空企業です。実在の企業・団体とは関係ありません。"
"FC-00771","合同会社ブリッジロジスティクスソリューションズ","合同会社 ブリッジ ロジスティクス ソリューションズ","transport","運輸・郵便業","福岡県","文化市","2004","1527","大企業","33594","共同配送ネットワーク","https://example.invalid/transport/071","新サービスの販売パートナーを探したい","新サービスの提供地域を広げるため、共同提案や販売連携が可能な企業を探しています。","人員採用の拡大","新サービスの販売パートナーを探したい","新サービスの提供地域を広げるため、共同提案や販売連携が可能な企業を探しています。","事業開発","低","true","物流企画部","部長","67","false","未対応","2026-08-30","true","本データはデモ用途の架空企業です。実在の企業・団体とは関係ありません。"
"FC-00772","株式会社ブリッジロジスティクスパートナーズ","株式会社 ブリッジ ロジスティクス パートナーズ","transport","運輸・郵便業","沖縄県","産業市","2015","38","小規模","874","郵便・ラストマイル配送","https://example.invalid/transport/072","現場の安全管理と品質記録を強化したい","点検記録と事故予防の仕組みを見直しており、導入負担の小さい安全管理提案を受け付けています。","既存施設の改修","現場の安全管理と品質記録を強化したい","点検記録と事故予防の仕組みを見直しており、導入負担の小さい安全管理提案を受け付けています。","安全・品質","中","true","物流企画部","課長","84","false","情報収集中","2026-08-30","true","本データはデモ用途の架空企業です。実在の企業・団体とは関係ありません。"
"FC-00773","合同会社ブリッジロジスティクスワークス","合同会社 ブリッジ ロジスティクス ワークス","transport","運輸・郵便業","福島県","学園市","1958","151","中小企業","3624","貨物輸送・倉庫運営","https://example.invalid/transport/073","手作業と紙中心の業務をデジタル化したい","部門間の情報共有が手作業になっているため、現場へ定着しやすい業務システムの提案を募集しています。","事業エリアの拡大","手作業と紙中心の業務をデジタル化したい","部門間の情報共有が手作業になっているため、現場へ定着しやすい業務システムの提案を募集しています。","DX・IT","高","true","物流企画部","責任者","56","false","アプローチ準備中","2026-08-30","true","本データはデモ用途の架空企業です。実在の企業・団体とは関係ありません。"
"FC-00774","株式会社ブリッジロジスティクスグループ","株式会社 ブリッジ ロジスティクス グループ","transport","運輸・郵便業","神奈川県","泉市","1969","938","中堅企業","23450","共同配送ネットワーク","https://example.invalid/transport/074","在庫差異と配送負担を減らしたい","在庫状況の把握に時間がかかっており、入出庫と配送計画を改善する提案を募集しています。","DX推進組織の新設","在庫差異と配送負担を減らしたい","在庫状況の把握に時間がかかっており、入出庫と配送計画を改善する提案を募集しています。","物流・在庫","低","true","物流企画部","企画担当","73","false","未対応","2026-08-30","true","本データはデモ用途の架空企業です。実在の企業・団体とは関係ありません。"
"FC-00775","合同会社ブリッジロジスティクスコーポレーション","合同会社 ブリッジ ロジスティクス コーポレーション","transport","運輸・郵便業","岐阜県","丘陵市","1980","1675","大企業","43550","郵便・ラストマイル配送","https://example.invalid/transport/075","エネルギー・運用費を削減したい","拠点運営費が増加しているため、効果を測定できる省エネ・コスト削減策を求めています。","安全管理方針の強化","エネルギー・運用費を削減したい","拠点運営費が増加しているため、効果を測定できる省エネ・コスト削減策を求めています。","コスト削減","中","true","物流企画部","部長","90","false","情報収集中","2026-08-30","true","本データはデモ用途の架空企業です。実在の企業・団体とは関係ありません。"
"FC-00776","株式会社フォーカスロジスティクスソリューションズ","株式会社 フォーカス ロジスティクス ソリューションズ","transport","運輸・郵便業","兵庫県","未来市","1991","34","小規模","918","貨物輸送・倉庫運営","https://example.invalid/transport/076","設備の老朽化と保守負担を減らしたい","既存設備の故障と保守工数が増えており、更新計画と運用改善を一緒に提案できる企業を探しています。","業務提携の締結","設備の老朽化と保守負担を減らしたい","既存設備の故障と保守工数が増えており、更新計画と運用改善を一緒に提案できる企業を探しています。","設備・施設","高","true","物流企画部","課長","62","false","アプローチ準備中","2026-08-30","true","本データはデモ用途の架空企業です。実在の企業・団体とは関係ありません。"
"FC-00777","合同会社フォーカスロジスティクスパートナーズ","合同会社 フォーカス ロジスティクス パートナーズ","transport","運輸・郵便業","山口県","中央市","2002","299","中小企業","8372","共同配送ネットワーク","https://example.invalid/transport/077","問い合わせと顧客対応を効率化したい","問い合わせ情報が複数部署に分散しており、対応状況を一元管理できる仕組みを探しています。","設備更新予算の増額","問い合わせと顧客対応を効率化したい","問い合わせ情報が複数部署に分散しており、対応状況を一元管理できる仕組みを探しています。","営業・顧客管理","低","true","物流企画部","責任者","79","false","未対応","2026-08-30","true","本データはデモ用途の架空企業です。実在の企業・団体とは関係ありません。"
"FC-00778","株式会社フォーカスロジスティクスワークス","株式会社 フォーカス ロジスティクス ワークス","transport","運輸・郵便業","長崎県","緑市","2013","386","中堅企業","11194","郵便・ラストマイル配送","https://example.invalid/transport/078","採用後の教育と定着を改善したい","人員拡大に対して教育担当者が不足しており、研修の標準化と定着支援を相談したいです。","省エネ投資の開始","採用後の教育と定着を改善したい","人員拡大に対して教育担当者が不足しており、研修の標準化と定着支援を相談したいです。","人材・労務","中","true","物流企画部","企画担当","96","false","情報収集中","2026-08-30","true","本データはデモ用途の架空企業です。実在の企業・団体とは関係ありません。"
"FC-00779","合同会社フォーカスロジスティクスグループ","合同会社 フォーカス ロジスティクス グループ","transport","運輸・郵便業","青森県","さくら市","1956","1823","大企業","20053","貨物輸送・倉庫運営","https://example.invalid/transport/079","新サービスの販売パートナーを探したい","新サービスの提供地域を広げるため、共同提案や販売連携が可能な企業を探しています。","新サービスの発表","新サービスの販売パートナーを探したい","新サービスの提供地域を広げるため、共同提案や販売連携が可能な企業を探しています。","事業開発","高","true","物流企画部","部長","68","false","アプローチ準備中","2026-08-30","true","本データはデモ用途の架空企業です。実在の企業・団体とは関係ありません。"
"FC-00780","株式会社フォーカスロジスティクスコーポレーション","株式会社 フォーカス ロジスティクス コーポレーション","transport","運輸・郵便業","栃木県","ひかり市","1967","30","小規模","360","共同配送ネットワーク","https://example.invalid/transport/080","現場の安全管理と品質記録を強化したい","点検記録と事故予防の仕組みを見直しており、導入負担の小さい安全管理提案を受け付けています。","新拠点の開設計画","現場の安全管理と品質記録を強化したい","点検記録と事故予防の仕組みを見直しており、導入負担の小さい安全管理提案を受け付けています。","安全・品質","低","true","物流企画部","課長","85","false","未対応","2026-08-30","true","本データはデモ用途の架空企業です。実在の企業・団体とは関係ありません。"
"FC-00781","合同会社ビジョンロジスティクスソリューションズ","合同会社 ビジョン ロジスティクス ソリューションズ","transport","運輸・郵便業","富山県","あおば市","1978","197","中小企業","2561","郵便・ラストマイル配送","https://example.invalid/transport/081","手作業と紙中心の業務をデジタル化したい","部門間の情報共有が手作業になっているため、現場へ定着しやすい業務システムの提案を募集しています。","人員採用の拡大","手作業と紙中心の業務をデジタル化したい","部門間の情報共有が手作業になっているため、現場へ定着しやすい業務システムの提案を募集しています。","DX・IT","中","true","物流企画部","責任者","57","false","情報収集中","2026-08-30","true","本データはデモ用途の架空企業です。実在の企業・団体とは関係ありません。"
"FC-00782","株式会社ビジョンロジスティクスパートナーズ","株式会社 ビジョン ロジスティクス パートナーズ","transport","運輸・郵便業","愛知県","若葉市","1989","534","中堅企業","7476","貨物輸送・倉庫運営","https://example.invalid/transport/082","在庫差異と配送負担を減らしたい","在庫状況の把握に時間がかかっており、入出庫と配送計画を改善する提案を募集しています。","既存施設の改修","在庫差異と配送負担を減らしたい","在庫状況の把握に時間がかかっており、入出庫と配送計画を改善する提案を募集しています。","物流・在庫","高","true","物流企画部","企画担当","74","true","アプローチ準備中","2026-08-30","true","本データはデモ用途の架空企業です。実在の企業・団体とは関係ありません。"
"FC-00783","合同会社ビジョンロジスティクスワークス","合同会社 ビジョン ロジスティクス ワークス","transport","運輸・郵便業","和歌山県","豊栄市","2000","1971","大企業","29565","共同配送ネットワーク","https://example.invalid/transport/083","エネルギー・運用費を削減したい","拠点運営費が増加しているため、効果を測定できる省エネ・コスト削減策を求めています。","事業エリアの拡大","エネルギー・運用費を削減したい","拠点運営費が増加しているため、効果を測定できる省エネ・コスト削減策を求めています。","コスト削減","低","true","物流企画部","部長","91","false","未対応","2026-08-30","true","本データはデモ用途の架空企業です。実在の企業・団体とは関係ありません。"
"FC-00784","株式会社ビジョンロジスティクスグループ","株式会社 ビジョン ロジスティクス グループ","transport","運輸・郵便業","香川県","清流市","2011","26","小規模","416","郵便・ラストマイル配送","https://example.invalid/transport/084","設備の老朽化と保守負担を減らしたい","既存設備の故障と保守工数が増えており、更新計画と運用改善を一緒に提案できる企業を探しています。","DX推進組織の新設","設備の老朽化と保守負担を減らしたい","既存設備の故障と保守工数が増えており、更新計画と運用改善を一緒に提案できる企業を探しています。","設備・施設","中","true","物流企画部","課長","63","false","情報収集中","2026-08-30","true","本データはデモ用途の架空企業です。実在の企業・団体とは関係ありません。"
"FC-00785","合同会社ビジョンロジスティクスコーポレーション","合同会社 ビジョン ロジスティクス コーポレーション","transport","運輸・郵便業","大分県","旭市","2022","95","中小企業","1615","貨物輸送・倉庫運営","https://example.invalid/transport/085","問い合わせと顧客対応を効率化したい","問い合わせ情報が複数部署に分散しており、対応状況を一元管理できる仕組みを探しています。","安全管理方針の強化","問い合わせと顧客対応を効率化したい","問い合わせ情報が複数部署に分散しており、対応状況を一元管理できる仕組みを探しています。","営業・顧客管理","高","true","物流企画部","責任者","80","false","アプローチ準備中","2026-08-30","true","本データはデモ用途の架空企業です。実在の企業・団体とは関係ありません。"
"FC-00786","株式会社コアロジスティクスソリューションズ","株式会社 コア ロジスティクス ソリューションズ","transport","運輸・郵便業","宮城県","みなと市","1965","682","中堅企業","12276","共同配送ネットワーク","https://example.invalid/transport/086","採用後の教育と定着を改善したい","人員拡大に対して教育担当者が不足しており、研修の標準化と定着支援を相談したいです。","業務提携の締結","採用後の教育と定着を改善したい","人員拡大に対して教育担当者が不足しており、研修の標準化と定着支援を相談したいです。","人材・労務","低","true","物流企画部","企画担当","97","false","未対応","2026-08-30","true","本データはデモ用途の架空企業です。実在の企業・団体とは関係ありません。"
"FC-00787","合同会社コアロジスティクスパートナーズ","合同会社 コア ロジスティクス パートナーズ","transport","運輸・郵便業","埼玉県","高台市","1976","2119","大企業","40261","郵便・ラストマイル配送","https://example.invalid/transport/087","新サービスの販売パートナーを探したい","新サービスの提供地域を広げるため、共同提案や販売連携が可能な企業を探しています。","設備更新予算の増額","新サービスの販売パートナーを探したい","新サービスの提供地域を広げるため、共同提案や販売連携が可能な企業を探しています。","事業開発","中","true","物流企画部","部長","69","false","情報収集中","2026-08-30","true","本データはデモ用途の架空企業です。実在の企業・団体とは関係ありません。"
"FC-00788","株式会社コアロジスティクスワークス","株式会社 コア ロジスティクス ワークス","transport","運輸・郵便業","福井県","新生市","1987","22","小規模","440","貨物輸送・倉庫運営","https://example.invalid/transport/088","現場の安全管理と品質記録を強化したい","点検記録と事故予防の仕組みを見直しており、導入負担の小さい安全管理提案を受け付けています。","省エネ投資の開始","現場の安全管理と品質記録を強化したい","点検記録と事故予防の仕組みを見直しており、導入負担の小さい安全管理提案を受け付けています。","安全・品質","高","true","物流企画部","課長","86","false","アプローチ準備中","2026-08-30","true","本データはデモ用途の架空企業です。実在の企業・団体とは関係ありません。"
"FC-00789","合同会社コアロジスティクスグループ","合同会社 コア ロジスティクス グループ","transport","運輸・郵便業","滋賀県","平和市","1998","243","中小企業","5103","共同配送ネットワーク","https://example.invalid/transport/089","手作業と紙中心の業務をデジタル化したい","部門間の情報共有が手作業になっているため、現場へ定着しやすい業務システムの提案を募集しています。","新サービスの発表","手作業と紙中心の業務をデジタル化したい","部門間の情報共有が手作業になっているため、現場へ定着しやすい業務システムの提案を募集しています。","DX・IT","低","true","物流企画部","責任者","58","false","未対応","2026-08-30","true","本データはデモ用途の架空企業です。実在の企業・団体とは関係ありません。"
"FC-00790","株式会社コアロジスティクスコーポレーション","株式会社 コア ロジスティクス コーポレーション","transport","運輸・郵便業","島根県","希望市","2009","830","中堅企業","18260","郵便・ラストマイル配送","https://example.invalid/transport/090","在庫差異と配送負担を減らしたい","在庫状況の把握に時間がかかっており、入出庫と配送計画を改善する提案を募集しています。","新拠点の開設計画","在庫差異と配送負担を減らしたい","在庫状況の把握に時間がかかっており、入出庫と配送計画を改善する提案を募集しています。","物流・在庫","中","true","物流企画部","企画担当","75","false","情報収集中","2026-08-30","true","本データはデモ用途の架空企業です。実在の企業・団体とは関係ありません。"
"FC-00791","合同会社アドバンスロジスティクスソリューションズ","合同会社 アドバンス ロジスティクス ソリューションズ","transport","運輸・郵便業","高知県","文化市","2020","2267","大企業","52141","貨物輸送・倉庫運営","https://example.invalid/transport/091","エネルギー・運用費を削減したい","拠点運営費が増加しているため、効果を測定できる省エネ・コスト削減策を求めています。","人員採用の拡大","エネルギー・運用費を削減したい","拠点運営費が増加しているため、効果を測定できる省エネ・コスト削減策を求めています。","コスト削減","高","true","物流企画部","部長","92","false","アプローチ準備中","2026-08-30","true","本データはデモ用途の架空企業です。実在の企業・団体とは関係ありません。"
"FC-00792","株式会社アドバンスロジスティクスパートナーズ","株式会社 アドバンス ロジスティクス パートナーズ","transport","運輸・郵便業","鹿児島県","産業市","1963","18","小規模","432","共同配送ネットワーク","https://example.invalid/transport/092","設備の老朽化と保守負担を減らしたい","既存設備の故障と保守工数が増えており、更新計画と運用改善を一緒に提案できる企業を探しています。","既存施設の改修","設備の老朽化と保守負担を減らしたい","既存設備の故障と保守工数が増えており、更新計画と運用改善を一緒に提案できる企業を探しています。","設備・施設","低","true","物流企画部","課長","64","false","未対応","2026-08-30","true","本データはデモ用途の架空企業です。実在の企業・団体とは関係ありません。"
"FC-00793","合同会社アドバンスロジスティクスワークス","合同会社 アドバンス ロジスティクス ワークス","transport","運輸・郵便業","山形県","学園市","1974","141","中小企業","3525","郵便・ラストマイル配送","https://example.invalid/transport/093","問い合わせと顧客対応を効率化したい","問い合わせ情報が複数部署に分散しており、対応状況を一元管理できる仕組みを探しています。","事業エリアの拡大","問い合わせと顧客対応を効率化したい","問い合わせ情報が複数部署に分散しており、対応状況を一元管理できる仕組みを探しています。","営業・顧客管理","中","true","物流企画部","責任者","81","false","情報収集中","2026-08-30","true","本データはデモ用途の架空企業です。実在の企業・団体とは関係ありません。"
"FC-00794","株式会社アドバンスロジスティクスグループ","株式会社 アドバンス ロジスティクス グループ","transport","運輸・郵便業","東京都","泉市","1985","978","中堅企業","25428","貨物輸送・倉庫運営","https://example.invalid/transport/094","採用後の教育と定着を改善したい","人員拡大に対して教育担当者が不足しており、研修の標準化と定着支援を相談したいです。","DX推進組織の新設","採用後の教育と定着を改善したい","人員拡大に対して教育担当者が不足しており、研修の標準化と定着支援を相談したいです。","人材・労務","高","true","物流企画部","企画担当","98","false","アプローチ準備中","2026-08-30","true","本データはデモ用途の架空企業です。実在の企業・団体とは関係ありません。"
"FC-00795","合同会社アドバンスロジスティクスコーポレーション","合同会社 アドバンス ロジスティクス コーポレーション","transport","運輸・郵便業","長野県","丘陵市","1996","2415","大企業","65205","共同配送ネットワーク","https://example.invalid/transport/095","新サービスの販売パートナーを探したい","新サービスの提供地域を広げるため、共同提案や販売連携が可能な企業を探しています。","安全管理方針の強化","新サービスの販売パートナーを探したい","新サービスの提供地域を広げるため、共同提案や販売連携が可能な企業を探しています。","事業開発","低","true","物流企画部","部長","70","false","未対応","2026-08-30","true","本データはデモ用途の架空企業です。実在の企業・団体とは関係ありません。"
"FC-00796","株式会社インテグラロジスティクスソリューションズ","株式会社 インテグラ ロジスティクス ソリューションズ","transport","運輸・郵便業","大阪府","未来市","2007","14","小規模","392","郵便・ラストマイル配送","https://example.invalid/transport/096","現場の安全管理と品質記録を強化したい","点検記録と事故予防の仕組みを見直しており、導入負担の小さい安全管理提案を受け付けています。","業務提携の締結","現場の安全管理と品質記録を強化したい","点検記録と事故予防の仕組みを見直しており、導入負担の小さい安全管理提案を受け付けています。","安全・品質","中","true","物流企画部","課長","87","false","情報収集中","2026-08-30","true","本データはデモ用途の架空企業です。実在の企業・団体とは関係ありません。"
"FC-00797","合同会社インテグラロジスティクスパートナーズ","合同会社 インテグラ ロジスティクス パートナーズ","transport","運輸・郵便業","広島県","中央市","2018","289","中小企業","8381","貨物輸送・倉庫運営","https://example.invalid/transport/097","手作業と紙中心の業務をデジタル化したい","部門間の情報共有が手作業になっているため、現場へ定着しやすい業務システムの提案を募集しています。","設備更新予算の増額","手作業と紙中心の業務をデジタル化したい","部門間の情報共有が手作業になっているため、現場へ定着しやすい業務システムの提案を募集しています。","DX・IT","高","true","物流企画部","責任者","59","false","アプローチ準備中","2026-08-30","true","本データはデモ用途の架空企業です。実在の企業・団体とは関係ありません。"
"FC-00798","株式会社インテグラロジスティクスワークス","株式会社 インテグラ ロジスティクス ワークス","transport","運輸・郵便業","佐賀県","緑市","1961","426","中堅企業","4686","共同配送ネットワーク","https://example.invalid/transport/098","在庫差異と配送負担を減らしたい","在庫状況の把握に時間がかかっており、入出庫と配送計画を改善する提案を募集しています。","省エネ投資の開始","在庫差異と配送負担を減らしたい","在庫状況の把握に時間がかかっており、入出庫と配送計画を改善する提案を募集しています。","物流・在庫","低","true","物流企画部","企画担当","76","false","未対応","2026-08-30","true","本データはデモ用途の架空企業です。実在の企業・団体とは関係ありません。"
"FC-00799","合同会社インテグラロジスティクスグループ","合同会社 インテグラ ロジスティクス グループ","transport","運輸・郵便業","北海道","さくら市","1972","2563","大企業","30756","郵便・ラストマイル配送","https://example.invalid/transport/099","エネルギー・運用費を削減したい","拠点運営費が増加しているため、効果を測定できる省エネ・コスト削減策を求めています。","新サービスの発表","エネルギー・運用費を削減したい","拠点運営費が増加しているため、効果を測定できる省エネ・コスト削減策を求めています。","コスト削減","中","true","物流企画部","部長","93","true","情報収集中","2026-08-30","true","本データはデモ用途の架空企業です。実在の企業・団体とは関係ありません。"
"FC-00800","株式会社インテグラロジスティクスコーポレーション","株式会社 インテグラ ロジスティクス コーポレーション","transport","運輸・郵便業","茨城県","ひかり市","1983","48","小規模","624","貨物輸送・倉庫運営","https://example.invalid/transport/100","設備の老朽化と保守負担を減らしたい","既存設備の故障と保守工数が増えており、更新計画と運用改善を一緒に提案できる企業を探しています。","新拠点の開設計画","設備の老朽化と保守負担を減らしたい","既存設備の故障と保守工数が増えており、更新計画と運用改善を一緒に提案できる企業を探しています。","設備・施設","高","true","物流企画部","課長","65","false","アプローチ準備中","2026-08-30","true","本データはデモ用途の架空企業です。実在の企業・団体とは関係ありません。"
"FC-00801","合同会社アークコマースソリューションズ","合同会社 アーク コマース ソリューションズ","wholesale_retail","卸売・小売業","新潟県","あおば市","1994","187","中小企業","2618","専門商材の卸売","https://example.invalid/wholesale_retail/001","問い合わせと顧客対応を効率化したい","問い合わせ情報が複数部署に分散しており、対応状況を一元管理できる仕組みを探しています。","人員採用の拡大","問い合わせと顧客対応を効率化したい","問い合わせ情報が複数部署に分散しており、対応状況を一元管理できる仕組みを探しています。","営業・顧客管理","低","true","店舗運営部","責任者","82","false","未対応","2026-08-30","true","本データはデモ用途の架空企業です。実在の企業・団体とは関係ありません。"
"FC-00802","株式会社アークコマースパートナーズ","株式会社 アーク コマース パートナーズ","wholesale_retail","卸売・小売業","静岡県","若葉市","2005","574","中堅企業","8610","小売店舗・EC運営","https://example.invalid/wholesale_retail/002","採用後の教育と定着を改善したい","人員拡大に対して教育担当者が不足しており、研修の標準化と定着支援を相談したいです。","既存施設の改修","採用後の教育と定着を改善したい","人員拡大に対して教育担当者が不足しており、研修の標準化と定着支援を相談したいです。","人材・労務","中","true","店舗運営部","企画担当","99","false","情報収集中","2026-08-30","true","本データはデモ用途の架空企業です。実在の企業・団体とは関係ありません。"
"FC-00803","合同会社アークコマースワークス","合同会社 アーク コマース ワークス","wholesale_retail","卸売・小売業","奈良県","豊栄市","2016","2711","大企業","43376","商品調達と販売支援","https://example.invalid/wholesale_retail/003","新サービスの販売パートナーを探したい","新サービスの提供地域を広げるため、共同提案や販売連携が可能な企業を探しています。","事業エリアの拡大","新サービスの販売パートナーを探したい","新サービスの提供地域を広げるため、共同提案や販売連携が可能な企業を探しています。","事業開発","高","true","店舗運営部","部長","71","false","アプローチ準備中","2026-08-30","true","本データはデモ用途の架空企業です。実在の企業・団体とは関係ありません。"
"FC-00804","株式会社アークコマースグループ","株式会社 アーク コマース グループ","wholesale_retail","卸売・小売業","徳島県","清流市","1959","44","小規模","748","専門商材の卸売","https://example.invalid/wholesale_retail/004","現場の安全管理と品質記録を強化したい","点検記録と事故予防の仕組みを見直しており、導入負担の小さい安全管理提案を受け付けています。","DX推進組織の新設","現場の安全管理と品質記録を強化したい","点検記録と事故予防の仕組みを見直しており、導入負担の小さい安全管理提案を受け付けています。","安全・品質","低","true","店舗運営部","課長","88","false","未対応","2026-08-30","true","本データはデモ用途の架空企業です。実在の企業・団体とは関係ありません。"
"FC-00805","合同会社アークコマースコーポレーション","合同会社 アーク コマース コーポレーション","wholesale_retail","卸売・小売業","熊本県","旭市","1970","85","中小企業","1530","小売店舗・EC運営","https://example.invalid/wholesale_retail/005","手作業と紙中心の業務をデジタル化したい","部門間の情報共有が手作業になっているため、現場へ定着しやすい業務システムの提案を募集しています。","安全管理方針の強化","手作業と紙中心の業務をデジタル化したい","部門間の情報共有が手作業になっているため、現場へ定着しやすい業務システムの提案を募集しています。","DX・IT","中","true","店舗運営部","責任者","60","false","情報収集中","2026-08-30","true","本データはデモ用途の架空企業です。実在の企業・団体とは関係ありません。"
"FC-00806","株式会社ネクサスコマースソリューションズ","株式会社 ネクサス コマース ソリューションズ","wholesale_retail","卸売・小売業","岩手県","みなと市","1981","722","中堅企業","13718","商品調達と販売支援","https://example.invalid/wholesale_retail/006","在庫差異と配送負担を減らしたい","在庫状況の把握に時間がかかっており、入出庫と配送計画を改善する提案を募集しています。","業務提携の締結","在庫差異と配送負担を減らしたい","在庫状況の把握に時間がかかっており、入出庫と配送計画を改善する提案を募集しています。","物流・在庫","高","true","店舗運営部","企画担当","77","false","アプローチ準備中","2026-08-30","true","本データはデモ用途の架空企業です。実在の企業・団体とは関係ありません。"
"FC-00807","合同会社ネクサスコマースパートナーズ","合同会社 ネクサス コマース パートナーズ","wholesale_retail","卸売・小売業","群馬県","高台市","1992","2859","大企業","57180","専門商材の卸売","https://example.invalid/wholesale_retail/007","エネルギー・運用費を削減したい","拠点運営費が増加しているため、効果を測定できる省エネ・コスト削減策を求めています。","設備更新予算の増額","エネルギー・運用費を削減したい","拠点運営費が増加しているため、効果を測定できる省エネ・コスト削減策を求めています。","コスト削減","低","true","店舗運営部","部長","94","false","未対応","2026-08-30","true","本データはデモ用途の架空企業です。実在の企業・団体とは関係ありません。"
"FC-00808","株式会社ネクサスコマースワークス","株式会社 ネクサス コマース ワークス","wholesale_retail","卸売・小売業","石川県","新生市","2003","40","小規模","840","小売店舗・EC運営","https://example.invalid/wholesale_retail/008","設備の老朽化と保守負担を減らしたい","既存設備の故障と保守工数が増えており、更新計画と運用改善を一緒に提案できる企業を探しています。","省エネ投資の開始","設備の老朽化と保守負担を減らしたい","既存設備の故障と保守工数が増えており、更新計画と運用改善を一緒に提案できる企業を探しています。","設備・施設","中","true","店舗運営部","課長","66","false","情報収集中","2026-08-30","true","本データはデモ用途の架空企業です。実在の企業・団体とは関係ありません。"
"FC-00809","合同会社ネクサスコマースグループ","合同会社 ネクサス コマース グループ","wholesale_retail","卸売・小売業","三重県","平和市","2014","233","中小企業","5126","商品調達と販売支援","https://example.invalid/wholesale_retail/009","問い合わせと顧客対応を効率化したい","問い合わせ情報が複数部署に分散しており、対応状況を一元管理できる仕組みを探しています。","新サービスの発表","問い合わせと顧客対応を効率化したい","問い合わせ情報が複数部署に分散しており、対応状況を一元管理できる仕組みを探しています。","営業・顧客管理","高","true","店舗運営部","責任者","83","false","アプローチ準備中","2026-08-30","true","本データはデモ用途の架空企業です。実在の企業・団体とは関係ありません。"
"FC-00810","株式会社ネクサスコマースコーポレーション","株式会社 ネクサス コマース コーポレーション","wholesale_retail","卸売・小売業","鳥取県","希望市","1957","870","中堅企業","20010","専門商材の卸売","https://example.invalid/wholesale_retail/010","採用後の教育と定着を改善したい","人員拡大に対して教育担当者が不足しており、研修の標準化と定着支援を相談したいです。","新拠点の開設計画","採用後の教育と定着を改善したい","人員拡大に対して教育担当者が不足しており、研修の標準化と定着支援を相談したいです。","人材・労務","低","true","店舗運営部","企画担当","55","false","未対応","2026-08-30","true","本データはデモ用途の架空企業です。実在の企業・団体とは関係ありません。"
"FC-00811","合同会社プライムコマースソリューションズ","合同会社 プライム コマース ソリューションズ","wholesale_retail","卸売・小売業","愛媛県","文化市","1968","3007","大企業","72168","小売店舗・EC運営","https://example.invalid/wholesale_retail/011","新サービスの販売パートナーを探したい","新サービスの提供地域を広げるため、共同提案や販売連携が可能な企業を探しています。","人員採用の拡大","新サービスの販売パートナーを探したい","新サービスの提供地域を広げるため、共同提案や販売連携が可能な企業を探しています。","事業開発","中","true","店舗運営部","部長","72","false","情報収集中","2026-08-30","true","本データはデモ用途の架空企業です。実在の企業・団体とは関係ありません。"
"FC-00812","株式会社プライムコマースパートナーズ","株式会社 プライム コマース パートナーズ","wholesale_retail","卸売・小売業","宮崎県","産業市","1979","36","小規模","900","商品調達と販売支援","https://example.invalid/wholesale_retail/012","現場の安全管理と品質記録を強化したい","点検記録と事故予防の仕組みを見直しており、導入負担の小さい安全管理提案を受け付けています。","既存施設の改修","現場の安全管理と品質記録を強化したい","点検記録と事故予防の仕組みを見直しており、導入負担の小さい安全管理提案を受け付けています。","安全・品質","高","true","店舗運営部","課長","89","false","アプローチ準備中","2026-08-30","true","本データはデモ用途の架空企業です。実在の企業・団体とは関係ありません。"
"FC-00813","合同会社プライムコマースワークス","合同会社 プライム コマース ワークス","wholesale_retail","卸売・小売業","秋田県","学園市","1990","131","中小企業","3406","専門商材の卸売","https://example.invalid/wholesale_retail/013","手作業と紙中心の業務をデジタル化したい","部門間の情報共有が手作業になっているため、現場へ定着しやすい業務システムの提案を募集しています。","事業エリアの拡大","手作業と紙中心の業務をデジタル化したい","部門間の情報共有が手作業になっているため、現場へ定着しやすい業務システムの提案を募集しています。","DX・IT","低","true","店舗運営部","責任者","61","false","未対応","2026-08-30","true","本データはデモ用途の架空企業です。実在の企業・団体とは関係ありません。"
"FC-00814","株式会社プライムコマースグループ","株式会社 プライム コマース グループ","wholesale_retail","卸売・小売業","千葉県","泉市","2001","318","中堅企業","8586","小売店舗・EC運営","https://example.invalid/wholesale_retail/014","在庫差異と配送負担を減らしたい","在庫状況の把握に時間がかかっており、入出庫と配送計画を改善する提案を募集しています。","DX推進組織の新設","在庫差異と配送負担を減らしたい","在庫状況の把握に時間がかかっており、入出庫と配送計画を改善する提案を募集しています。","物流・在庫","中","true","店舗運営部","企画担当","78","false","情報収集中","2026-08-30","true","本データはデモ用途の架空企業です。実在の企業・団体とは関係ありません。"
"FC-00815","合同会社プライムコマースコーポレーション","合同会社 プライム コマース コーポレーション","wholesale_retail","卸売・小売業","山梨県","丘陵市","2012","3155","大企業","88340","商品調達と販売支援","https://example.invalid/wholesale_retail/015","エネルギー・運用費を削減したい","拠点運営費が増加しているため、効果を測定できる省エネ・コスト削減策を求めています。","安全管理方針の強化","エネルギー・運用費を削減したい","拠点運営費が増加しているため、効果を測定できる省エネ・コスト削減策を求めています。","コスト削減","高","true","店舗運営部","部長","95","false","アプローチ準備中","2026-08-30","true","本データはデモ用途の架空企業です。実在の企業・団体とは関係ありません。"
"FC-00816","株式会社オルビスコマースソリューションズ","株式会社 オルビス コマース ソリューションズ","wholesale_retail","卸売・小売業","京都府","未来市","1955","32","小規模","928","専門商材の卸売","https://example.invalid/wholesale_retail/016","設備の老朽化と保守負担を減らしたい","既存設備の故障と保守工数が増えており、更新計画と運用改善を一緒に提案できる企業を探しています。","業務提携の締結","設備の老朽化と保守負担を減らしたい","既存設備の故障と保守工数が増えており、更新計画と運用改善を一緒に提案できる企業を探しています。","設備・施設","低","true","店舗運営部","課長","67","true","未対応","2026-08-30","true","本データはデモ用途の架空企業です。実在の企業・団体とは関係ありません。"
"FC-00817","合同会社オルビスコマースパートナーズ","合同会社 オルビス コマース パートナーズ","wholesale_retail","卸売・小売業","岡山県","中央市","1966","279","中小企業","3069","小売店舗・EC運営","https://example.invalid/wholesale_retail/017","問い合わせと顧客対応を効率化したい","問い合わせ情報が複数部署に分散しており、対応状況を一元管理できる仕組みを探しています。","設備更新予算の増額","問い合わせと顧客対応を効率化したい","問い合わせ情報が複数部署に分散しており、対応状況を一元管理できる仕組みを探しています。","営業・顧客管理","中","true","店舗運営部","責任者","84","false","情報収集中","2026-08-30","true","本データはデモ用途の架空企業です。実在の企業・団体とは関係ありません。"
"FC-00818","株式会社オルビスコマースワークス","株式会社 オルビス コマース ワークス","wholesale_retail","卸売・小売業","福岡県","緑市","1977","466","中堅企業","5592","商品調達と販売支援","https://example.invalid/wholesale_retail/018","採用後の教育と定着を改善したい","人員拡大に対して教育担当者が不足しており、研修の標準化と定着支援を相談したいです。","省エネ投資の開始","採用後の教育と定着を改善したい","人員拡大に対して教育担当者が不足しており、研修の標準化と定着支援を相談したいです。","人材・労務","高","true","店舗運営部","企画担当","56","false","アプローチ準備中","2026-08-30","true","本データはデモ用途の架空企業です。実在の企業・団体とは関係ありません。"
"FC-00819","合同会社オルビスコマースグループ","合同会社 オルビス コマース グループ","wholesale_retail","卸売・小売業","沖縄県","さくら市","1988","3303","大企業","42939","専門商材の卸売","https://example.invalid/wholesale_retail/019","新サービスの販売パートナーを探したい","新サービスの提供地域を広げるため、共同提案や販売連携が可能な企業を探しています。","新サービスの発表","新サービスの販売パートナーを探したい","新サービスの提供地域を広げるため、共同提案や販売連携が可能な企業を探しています。","事業開発","低","true","店舗運営部","部長","73","false","未対応","2026-08-30","true","本データはデモ用途の架空企業です。実在の企業・団体とは関係ありません。"
"FC-00820","株式会社オルビスコマースコーポレーション","株式会社 オルビス コマース コーポレーション","wholesale_retail","卸売・小売業","福島県","ひかり市","1999","28","小規模","392","小売店舗・EC運営","https://example.invalid/wholesale_retail/020","現場の安全管理と品質記録を強化したい","点検記録と事故予防の仕組みを見直しており、導入負担の小さい安全管理提案を受け付けています。","新拠点の開設計画","現場の安全管理と品質記録を強化したい","点検記録と事故予防の仕組みを見直しており、導入負担の小さい安全管理提案を受け付けています。","安全・品質","中","true","店舗運営部","課長","90","false","情報収集中","2026-08-30","true","本データはデモ用途の架空企業です。実在の企業・団体とは関係ありません。"
"FC-00821","合同会社ノヴァコマースソリューションズ","合同会社 ノヴァ コマース ソリューションズ","wholesale_retail","卸売・小売業","神奈川県","あおば市","2010","177","中小企業","2655","商品調達と販売支援","https://example.invalid/wholesale_retail/021","手作業と紙中心の業務をデジタル化したい","部門間の情報共有が手作業になっているため、現場へ定着しやすい業務システムの提案を募集しています。","人員採用の拡大","手作業と紙中心の業務をデジタル化したい","部門間の情報共有が手作業になっているため、現場へ定着しやすい業務システムの提案を募集しています。","DX・IT","高","true","店舗運営部","責任者","62","false","アプローチ準備中","2026-08-30","true","本データはデモ用途の架空企業です。実在の企業・団体とは関係ありません。"
"FC-00822","株式会社ノヴァコマースパートナーズ","株式会社 ノヴァ コマース パートナーズ","wholesale_retail","卸売・小売業","岐阜県","若葉市","2021","614","中堅企業","9824","専門商材の卸売","https://example.invalid/wholesale_retail/022","在庫差異と配送負担を減らしたい","在庫状況の把握に時間がかかっており、入出庫と配送計画を改善する提案を募集しています。","既存施設の改修","在庫差異と配送負担を減らしたい","在庫状況の把握に時間がかかっており、入出庫と配送計画を改善する提案を募集しています。","物流・在庫","低","true","店舗運営部","企画担当","79","false","未対応","2026-08-30","true","本データはデモ用途の架空企業です。実在の企業・団体とは関係ありません。"
"FC-00823","合同会社ノヴァコマースワークス","合同会社 ノヴァ コマース ワークス","wholesale_retail","卸売・小売業","兵庫県","豊栄市","1964","3451","大企業","58667","小売店舗・EC運営","https://example.invalid/wholesale_retail/023","エネルギー・運用費を削減したい","拠点運営費が増加しているため、効果を測定できる省エネ・コスト削減策を求めています。","事業エリアの拡大","エネルギー・運用費を削減したい","拠点運営費が増加しているため、効果を測定できる省エネ・コスト削減策を求めています。","コスト削減","中","true","店舗運営部","部長","96","false","情報収集中","2026-08-30","true","本データはデモ用途の架空企業です。実在の企業・団体とは関係ありません。"
"FC-00824","株式会社ノヴァコマースグループ","株式会社 ノヴァ コマース グループ","wholesale_retail","卸売・小売業","山口県","清流市","1975","24","小規模","432","商品調達と販売支援","https://example.invalid/wholesale_retail/024","設備の老朽化と保守負担を減らしたい","既存設備の故障と保守工数が増えており、更新計画と運用改善を一緒に提案できる企業を探しています。","DX推進組織の新設","設備の老朽化と保守負担を減らしたい","既存設備の故障と保守工数が増えており、更新計画と運用改善を一緒に提案できる企業を探しています。","設備・施設","高","true","店舗運営部","課長","68","false","アプローチ準備中","2026-08-30","true","本データはデモ用途の架空企業です。実在の企業・団体とは関係ありません。"
"FC-00825","合同会社ノヴァコマースコーポレーション","合同会社 ノヴァ コマース コーポレーション","wholesale_retail","卸売・小売業","長崎県","旭市","1986","75","中小企業","1425","専門商材の卸売","https://example.invalid/wholesale_retail/025","問い合わせと顧客対応を効率化したい","問い合わせ情報が複数部署に分散しており、対応状況を一元管理できる仕組みを探しています。","安全管理方針の強化","問い合わせと顧客対応を効率化したい","問い合わせ情報が複数部署に分散しており、対応状況を一元管理できる仕組みを探しています。","営業・顧客管理","低","true","店舗運営部","責任者","85","false","未対応","2026-08-30","true","本データはデモ用途の架空企業です。実在の企業・団体とは関係ありません。"
"FC-00826","株式会社ユニゾンコマースソリューションズ","株式会社 ユニゾン コマース ソリューションズ","wholesale_retail","卸売・小売業","青森県","みなと市","1997","762","中堅企業","15240","小売店舗・EC運営","https://example.invalid/wholesale_retail/026","採用後の教育と定着を改善したい","人員拡大に対して教育担当者が不足しており、研修の標準化と定着支援を相談したいです。","業務提携の締結","採用後の教育と定着を改善したい","人員拡大に対して教育担当者が不足しており、研修の標準化と定着支援を相談したいです。","人材・労務","中","true","店舗運営部","企画担当","57","false","情報収集中","2026-08-30","true","本データはデモ用途の架空企業です。実在の企業・団体とは関係ありません。"
"FC-00827","合同会社ユニゾンコマースパートナーズ","合同会社 ユニゾン コマース パートナーズ","wholesale_retail","卸売・小売業","栃木県","高台市","2008","3599","大企業","75579","商品調達と販売支援","https://example.invalid/wholesale_retail/027","新サービスの販売パートナーを探したい","新サービスの提供地域を広げるため、共同提案や販売連携が可能な企業を探しています。","設備更新予算の増額","新サービスの販売パートナーを探したい","新サービスの提供地域を広げるため、共同提案や販売連携が可能な企業を探しています。","事業開発","高","true","店舗運営部","部長","74","false","アプローチ準備中","2026-08-30","true","本データはデモ用途の架空企業です。実在の企業・団体とは関係ありません。"
"FC-00828","株式会社ユニゾンコマースワークス","株式会社 ユニゾン コマース ワークス","wholesale_retail","卸売・小売業","富山県","新生市","2019","20","小規模","440","専門商材の卸売","https://example.invalid/wholesale_retail/028","現場の安全管理と品質記録を強化したい","点検記録と事故予防の仕組みを見直しており、導入負担の小さい安全管理提案を受け付けています。","省エネ投資の開始","現場の安全管理と品質記録を強化したい","点検記録と事故予防の仕組みを見直しており、導入負担の小さい安全管理提案を受け付けています。","安全・品質","低","true","店舗運営部","課長","91","false","未対応","2026-08-30","true","本データはデモ用途の架空企業です。実在の企業・団体とは関係ありません。"
"FC-00829","合同会社ユニゾンコマースグループ","合同会社 ユニゾン コマース グループ","wholesale_retail","卸売・小売業","愛知県","平和市","1962","223","中小企業","5129","小売店舗・EC運営","https://example.invalid/wholesale_retail/029","手作業と紙中心の業務をデジタル化したい","部門間の情報共有が手作業になっているため、現場へ定着しやすい業務システムの提案を募集しています。","新サービスの発表","手作業と紙中心の業務をデジタル化したい","部門間の情報共有が手作業になっているため、現場へ定着しやすい業務システムの提案を募集しています。","DX・IT","中","true","店舗運営部","責任者","63","false","情報収集中","2026-08-30","true","本データはデモ用途の架空企業です。実在の企業・団体とは関係ありません。"
"FC-00830","株式会社ユニゾンコマースコーポレーション","株式会社 ユニゾン コマース コーポレーション","wholesale_retail","卸売・小売業","和歌山県","希望市","1973","910","中堅企業","21840","商品調達と販売支援","https://example.invalid/wholesale_retail/030","在庫差異と配送負担を減らしたい","在庫状況の把握に時間がかかっており、入出庫と配送計画を改善する提案を募集しています。","新拠点の開設計画","在庫差異と配送負担を減らしたい","在庫状況の把握に時間がかかっており、入出庫と配送計画を改善する提案を募集しています。","物流・在庫","高","true","店舗運営部","企画担当","80","false","アプローチ準備中","2026-08-30","true","本データはデモ用途の架空企業です。実在の企業・団体とは関係ありません。"
"FC-00831","合同会社ヴェリタスコマースソリューションズ","合同会社 ヴェリタス コマース ソリューションズ","wholesale_retail","卸売・小売業","香川県","文化市","1984","3747","大企業","93675","専門商材の卸売","https://example.invalid/wholesale_retail/031","エネルギー・運用費を削減したい","拠点運営費が増加しているため、効果を測定できる省エネ・コスト削減策を求めています。","人員採用の拡大","エネルギー・運用費を削減したい","拠点運営費が増加しているため、効果を測定できる省エネ・コスト削減策を求めています。","コスト削減","低","true","店舗運営部","部長","97","false","未対応","2026-08-30","true","本データはデモ用途の架空企業です。実在の企業・団体とは関係ありません。"
"FC-00832","株式会社ヴェリタスコマースパートナーズ","株式会社 ヴェリタス コマース パートナーズ","wholesale_retail","卸売・小売業","大分県","産業市","1995","16","小規模","416","小売店舗・EC運営","https://example.invalid/wholesale_retail/032","設備の老朽化と保守負担を減らしたい","既存設備の故障と保守工数が増えており、更新計画と運用改善を一緒に提案できる企業を探しています。","既存施設の改修","設備の老朽化と保守負担を減らしたい","既存設備の故障と保守工数が増えており、更新計画と運用改善を一緒に提案できる企業を探しています。","設備・施設","中","true","店舗運営部","課長","69","false","情報収集中","2026-08-30","true","本データはデモ用途の架空企業です。実在の企業・団体とは関係ありません。"
"FC-00833","合同会社ヴェリタスコマースワークス","合同会社 ヴェリタス コマース ワークス","wholesale_retail","卸売・小売業","宮城県","学園市","2006","121","中小企業","3267","商品調達と販売支援","https://example.invalid/wholesale_retail/033","問い合わせと顧客対応を効率化したい","問い合わせ情報が複数部署に分散しており、対応状況を一元管理できる仕組みを探しています。","事業エリアの拡大","問い合わせと顧客対応を効率化したい","問い合わせ情報が複数部署に分散しており、対応状況を一元管理できる仕組みを探しています。","営業・顧客管理","高","true","店舗運営部","責任者","86","true","アプローチ準備中","2026-08-30","true","本データはデモ用途の架空企業です。実在の企業・団体とは関係ありません。"
"FC-00834","株式会社ヴェリタスコマースグループ","株式会社 ヴェリタス コマース グループ","wholesale_retail","卸売・小売業","埼玉県","泉市","2017","358","中堅企業","10024","専門商材の卸売","https://example.invalid/wholesale_retail/034","採用後の教育と定着を改善したい","人員拡大に対して教育担当者が不足しており、研修の標準化と定着支援を相談したいです。","DX推進組織の新設","採用後の教育と定着を改善したい","人員拡大に対して教育担当者が不足しており、研修の標準化と定着支援を相談したいです。","人材・労務","低","true","店舗運営部","企画担当","58","false","未対応","2026-08-30","true","本データはデモ用途の架空企業です。実在の企業・団体とは関係ありません。"
"FC-00835","合同会社ヴェリタスコマースコーポレーション","合同会社 ヴェリタス コマース コーポレーション","wholesale_retail","卸売・小売業","福井県","丘陵市","1960","3895","大企業","112955","小売店舗・EC運営","https://example.invalid/wholesale_retail/035","新サービスの販売パートナーを探したい","新サービスの提供地域を広げるため、共同提案や販売連携が可能な企業を探しています。","安全管理方針の強化","新サービスの販売パートナーを探したい","新サービスの提供地域を広げるため、共同提案や販売連携が可能な企業を探しています。","事業開発","中","true","店舗運営部","部長","75","false","情報収集中","2026-08-30","true","本データはデモ用途の架空企業です。実在の企業・団体とは関係ありません。"
"FC-00836","株式会社セントラルコマースソリューションズ","株式会社 セントラル コマース ソリューションズ","wholesale_retail","卸売・小売業","滋賀県","未来市","1971","12","小規模","132","商品調達と販売支援","https://example.invalid/wholesale_retail/036","現場の安全管理と品質記録を強化したい","点検記録と事故予防の仕組みを見直しており、導入負担の小さい安全管理提案を受け付けています。","業務提携の締結","現場の安全管理と品質記録を強化したい","点検記録と事故予防の仕組みを見直しており、導入負担の小さい安全管理提案を受け付けています。","安全・品質","高","true","店舗運営部","課長","92","false","アプローチ準備中","2026-08-30","true","本データはデモ用途の架空企業です。実在の企業・団体とは関係ありません。"
"FC-00837","合同会社セントラルコマースパートナーズ","合同会社 セントラル コマース パートナーズ","wholesale_retail","卸売・小売業","島根県","中央市","1982","269","中小企業","3228","専門商材の卸売","https://example.invalid/wholesale_retail/037","手作業と紙中心の業務をデジタル化したい","部門間の情報共有が手作業になっているため、現場へ定着しやすい業務システムの提案を募集しています。","設備更新予算の増額","手作業と紙中心の業務をデジタル化したい","部門間の情報共有が手作業になっているため、現場へ定着しやすい業務システムの提案を募集しています。","DX・IT","低","true","店舗運営部","責任者","64","false","未対応","2026-08-30","true","本データはデモ用途の架空企業です。実在の企業・団体とは関係ありません。"
"FC-00838","株式会社セントラルコマースワークス","株式会社 セントラル コマース ワークス","wholesale_retail","卸売・小売業","高知県","緑市","1993","506","中堅企業","6578","小売店舗・EC運営","https://example.invalid/wholesale_retail/038","在庫差異と配送負担を減らしたい","在庫状況の把握に時間がかかっており、入出庫と配送計画を改善する提案を募集しています。","省エネ投資の開始","在庫差異と配送負担を減らしたい","在庫状況の把握に時間がかかっており、入出庫と配送計画を改善する提案を募集しています。","物流・在庫","中","true","店舗運営部","企画担当","81","false","情報収集中","2026-08-30","true","本データはデモ用途の架空企業です。実在の企業・団体とは関係ありません。"
"FC-00839","合同会社セントラルコマースグループ","合同会社 セントラル コマース グループ","wholesale_retail","卸売・小売業","鹿児島県","さくら市","2004","4043","大企業","56602","商品調達と販売支援","https://example.invalid/wholesale_retail/039","エネルギー・運用費を削減したい","拠点運営費が増加しているため、効果を測定できる省エネ・コスト削減策を求めています。","新サービスの発表","エネルギー・運用費を削減したい","拠点運営費が増加しているため、効果を測定できる省エネ・コスト削減策を求めています。","コスト削減","高","true","店舗運営部","部長","98","false","アプローチ準備中","2026-08-30","true","本データはデモ用途の架空企業です。実在の企業・団体とは関係ありません。"
"FC-00840","株式会社セントラルコマースコーポレーション","株式会社 セントラル コマース コーポレーション","wholesale_retail","卸売・小売業","山形県","ひかり市","2015","46","小規模","690","専門商材の卸売","https://example.invalid/wholesale_retail/040","設備の老朽化と保守負担を減らしたい","既存設備の故障と保守工数が増えており、更新計画と運用改善を一緒に提案できる企業を探しています。","新拠点の開設計画","設備の老朽化と保守負担を減らしたい","既存設備の故障と保守工数が増えており、更新計画と運用改善を一緒に提案できる企業を探しています。","設備・施設","低","true","店舗運営部","課長","70","false","未対応","2026-08-30","true","本データはデモ用途の架空企業です。実在の企業・団体とは関係ありません。"
"FC-00841","合同会社エレメントコマースソリューションズ","合同会社 エレメント コマース ソリューションズ","wholesale_retail","卸売・小売業","東京都","あおば市","1958","167","中小企業","2672","小売店舗・EC運営","https://example.invalid/wholesale_retail/041","問い合わせと顧客対応を効率化したい","問い合わせ情報が複数部署に分散しており、対応状況を一元管理できる仕組みを探しています。","人員採用の拡大","問い合わせと顧客対応を効率化したい","問い合わせ情報が複数部署に分散しており、対応状況を一元管理できる仕組みを探しています。","営業・顧客管理","中","true","店舗運営部","責任者","87","false","情報収集中","2026-08-30","true","本データはデモ用途の架空企業です。実在の企業・団体とは関係ありません。"
"FC-00842","株式会社エレメントコマースパートナーズ","株式会社 エレメント コマース パートナーズ","wholesale_retail","卸売・小売業","長野県","若葉市","1969","654","中堅企業","11118","商品調達と販売支援","https://example.invalid/wholesale_retail/042","採用後の教育と定着を改善したい","人員拡大に対して教育担当者が不足しており、研修の標準化と定着支援を相談したいです。","既存施設の改修","採用後の教育と定着を改善したい","人員拡大に対して教育担当者が不足しており、研修の標準化と定着支援を相談したいです。","人材・労務","高","true","店舗運営部","企画担当","59","false","アプローチ準備中","2026-08-30","true","本データはデモ用途の架空企業です。実在の企業・団体とは関係ありません。"
"FC-00843","合同会社エレメントコマースワークス","合同会社 エレメント コマース ワークス","wholesale_retail","卸売・小売業","大阪府","豊栄市","1980","4191","大企業","75438","専門商材の卸売","https://example.invalid/wholesale_retail/043","新サービスの販売パートナーを探したい","新サービスの提供地域を広げるため、共同提案や販売連携が可能な企業を探しています。","事業エリアの拡大","新サービスの販売パートナーを探したい","新サービスの提供地域を広げるため、共同提案や販売連携が可能な企業を探しています。","事業開発","低","true","店舗運営部","部長","76","false","未対応","2026-08-30","true","本データはデモ用途の架空企業です。実在の企業・団体とは関係ありません。"
"FC-00844","株式会社エレメントコマースグループ","株式会社 エレメント コマース グループ","wholesale_retail","卸売・小売業","広島県","清流市","1991","42","小規模","798","小売店舗・EC運営","https://example.invalid/wholesale_retail/044","現場の安全管理と品質記録を強化したい","点検記録と事故予防の仕組みを見直しており、導入負担の小さい安全管理提案を受け付けています。","DX推進組織の新設","現場の安全管理と品質記録を強化したい","点検記録と事故予防の仕組みを見直しており、導入負担の小さい安全管理提案を受け付けています。","安全・品質","中","true","店舗運営部","課長","93","false","情報収集中","2026-08-30","true","本データはデモ用途の架空企業です。実在の企業・団体とは関係ありません。"
"FC-00845","合同会社エレメントコマースコーポレーション","合同会社 エレメント コマース コーポレーション","wholesale_retail","卸売・小売業","佐賀県","旭市","2002","65","中小企業","1300","商品調達と販売支援","https://example.invalid/wholesale_retail/045","手作業と紙中心の業務をデジタル化したい","部門間の情報共有が手作業になっているため、現場へ定着しやすい業務システムの提案を募集しています。","安全管理方針の強化","手作業と紙中心の業務をデジタル化したい","部門間の情報共有が手作業になっているため、現場へ定着しやすい業務システムの提案を募集しています。","DX・IT","高","true","店舗運営部","責任者","65","false","アプローチ準備中","2026-08-30","true","本データはデモ用途の架空企業です。実在の企業・団体とは関係ありません。"
"FC-00846","株式会社クレストコマースソリューションズ","株式会社 クレスト コマース ソリューションズ","wholesale_retail","卸売・小売業","北海道","みなと市","2013","802","中堅企業","16842","専門商材の卸売","https://example.invalid/wholesale_retail/046","在庫差異と配送負担を減らしたい","在庫状況の把握に時間がかかっており、入出庫と配送計画を改善する提案を募集しています。","業務提携の締結","在庫差異と配送負担を減らしたい","在庫状況の把握に時間がかかっており、入出庫と配送計画を改善する提案を募集しています。","物流・在庫","低","true","店舗運営部","企画担当","82","false","未対応","2026-08-30","true","本データはデモ用途の架空企業です。実在の企業・団体とは関係ありません。"
"FC-00847","合同会社クレストコマースパートナーズ","合同会社 クレスト コマース パートナーズ","wholesale_retail","卸売・小売業","茨城県","高台市","1956","4339","大企業","95458","小売店舗・EC運営","https://example.invalid/wholesale_retail/047","エネルギー・運用費を削減したい","拠点運営費が増加しているため、効果を測定できる省エネ・コスト削減策を求めています。","設備更新予算の増額","エネルギー・運用費を削減したい","拠点運営費が増加しているため、効果を測定できる省エネ・コスト削減策を求めています。","コスト削減","中","true","店舗運営部","部長","99","false","情報収集中","2026-08-30","true","本データはデモ用途の架空企業です。実在の企業・団体とは関係ありません。"
"FC-00848","株式会社クレストコマースワークス","株式会社 クレスト コマース ワークス","wholesale_retail","卸売・小売業","新潟県","新生市","1967","38","小規模","874","商品調達と販売支援","https://example.invalid/wholesale_retail/048","設備の老朽化と保守負担を減らしたい","既存設備の故障と保守工数が増えており、更新計画と運用改善を一緒に提案できる企業を探しています。","省エネ投資の開始","設備の老朽化と保守負担を減らしたい","既存設備の故障と保守工数が増えており、更新計画と運用改善を一緒に提案できる企業を探しています。","設備・施設","高","true","店舗運営部","課長","71","false","アプローチ準備中","2026-08-30","true","本データはデモ用途の架空企業です。実在の企業・団体とは関係ありません。"
"FC-00849","合同会社クレストコマースグループ","合同会社 クレスト コマース グループ","wholesale_retail","卸売・小売業","静岡県","平和市","1978","213","中小企業","5112","専門商材の卸売","https://example.invalid/wholesale_retail/049","問い合わせと顧客対応を効率化したい","問い合わせ情報が複数部署に分散しており、対応状況を一元管理できる仕組みを探しています。","新サービスの発表","問い合わせと顧客対応を効率化したい","問い合わせ情報が複数部署に分散しており、対応状況を一元管理できる仕組みを探しています。","営業・顧客管理","低","true","店舗運営部","責任者","88","false","未対応","2026-08-30","true","本データはデモ用途の架空企業です。実在の企業・団体とは関係ありません。"
"FC-00850","株式会社クレストコマースコーポレーション","株式会社 クレスト コマース コーポレーション","wholesale_retail","卸売・小売業","奈良県","希望市","1989","950","中堅企業","23750","小売店舗・EC運営","https://example.invalid/wholesale_retail/050","採用後の教育と定着を改善したい","人員拡大に対して教育担当者が不足しており、研修の標準化と定着支援を相談したいです。","新拠点の開設計画","採用後の教育と定着を改善したい","人員拡大に対して教育担当者が不足しており、研修の標準化と定着支援を相談したいです。","人材・労務","中","true","店舗運営部","企画担当","60","true","情報収集中","2026-08-30","true","本データはデモ用途の架空企業です。実在の企業・団体とは関係ありません。"
"FC-00851","合同会社シナジーコマースソリューションズ","合同会社 シナジー コマース ソリューションズ","wholesale_retail","卸売・小売業","徳島県","文化市","2000","4487","大企業","116662","商品調達と販売支援","https://example.invalid/wholesale_retail/051","新サービスの販売パートナーを探したい","新サービスの提供地域を広げるため、共同提案や販売連携が可能な企業を探しています。","人員採用の拡大","新サービスの販売パートナーを探したい","新サービスの提供地域を広げるため、共同提案や販売連携が可能な企業を探しています。","事業開発","高","true","店舗運営部","部長","77","false","アプローチ準備中","2026-08-30","true","本データはデモ用途の架空企業です。実在の企業・団体とは関係ありません。"
"FC-00852","株式会社シナジーコマースパートナーズ","株式会社 シナジー コマース パートナーズ","wholesale_retail","卸売・小売業","熊本県","産業市","2011","34","小規模","918","専門商材の卸売","https://example.invalid/wholesale_retail/052","現場の安全管理と品質記録を強化したい","点検記録と事故予防の仕組みを見直しており、導入負担の小さい安全管理提案を受け付けています。","既存施設の改修","現場の安全管理と品質記録を強化したい","点検記録と事故予防の仕組みを見直しており、導入負担の小さい安全管理提案を受け付けています。","安全・品質","低","true","店舗運営部","課長","94","false","未対応","2026-08-30","true","本データはデモ用途の架空企業です。実在の企業・団体とは関係ありません。"
"FC-00853","合同会社シナジーコマースワークス","合同会社 シナジー コマース ワークス","wholesale_retail","卸売・小売業","岩手県","学園市","2022","111","中小企業","3108","小売店舗・EC運営","https://example.invalid/wholesale_retail/053","手作業と紙中心の業務をデジタル化したい","部門間の情報共有が手作業になっているため、現場へ定着しやすい業務システムの提案を募集しています。","事業エリアの拡大","手作業と紙中心の業務をデジタル化したい","部門間の情報共有が手作業になっているため、現場へ定着しやすい業務システムの提案を募集しています。","DX・IT","中","true","店舗運営部","責任者","66","false","情報収集中","2026-08-30","true","本データはデモ用途の架空企業です。実在の企業・団体とは関係ありません。"
"FC-00854","株式会社シナジーコマースグループ","株式会社 シナジー コマース グループ","wholesale_retail","卸売・小売業","群馬県","泉市","1965","398","中堅企業","11542","商品調達と販売支援","https://example.invalid/wholesale_retail/054","在庫差異と配送負担を減らしたい","在庫状況の把握に時間がかかっており、入出庫と配送計画を改善する提案を募集しています。","DX推進組織の新設","在庫差異と配送負担を減らしたい","在庫状況の把握に時間がかかっており、入出庫と配送計画を改善する提案を募集しています。","物流・在庫","高","true","店舗運営部","企画担当","83","false","アプローチ準備中","2026-08-30","true","本データはデモ用途の架空企業です。実在の企業・団体とは関係ありません。"
"FC-00855","合同会社シナジーコマースコーポレーション","合同会社 シナジー コマース コーポレーション","wholesale_retail","卸売・小売業","石川県","丘陵市","1976","4635","大企業","50985","専門商材の卸売","https://example.invalid/wholesale_retail/055","エネルギー・運用費を削減したい","拠点運営費が増加しているため、効果を測定できる省エネ・コスト削減策を求めています。","安全管理方針の強化","エネルギー・運用費を削減したい","拠点運営費が増加しているため、効果を測定できる省エネ・コスト削減策を求めています。","コスト削減","低","true","店舗運営部","部長","55","false","未対応","2026-08-30","true","本データはデモ用途の架空企業です。実在の企業・団体とは関係ありません。"
"FC-00856","株式会社アクセルコマースソリューションズ","株式会社 アクセル コマース ソリューションズ","wholesale_retail","卸売・小売業","三重県","未来市","1987","30","小規模","360","小売店舗・EC運営","https://example.invalid/wholesale_retail/056","設備の老朽化と保守負担を減らしたい","既存設備の故障と保守工数が増えており、更新計画と運用改善を一緒に提案できる企業を探しています。","業務提携の締結","設備の老朽化と保守負担を減らしたい","既存設備の故障と保守工数が増えており、更新計画と運用改善を一緒に提案できる企業を探しています。","設備・施設","中","true","店舗運営部","課長","72","false","情報収集中","2026-08-30","true","本データはデモ用途の架空企業です。実在の企業・団体とは関係ありません。"
"FC-00857","合同会社アクセルコマースパートナーズ","合同会社 アクセル コマース パートナーズ","wholesale_retail","卸売・小売業","鳥取県","中央市","1998","259","中小企業","3367","商品調達と販売支援","https://example.invalid/wholesale_retail/057","問い合わせと顧客対応を効率化したい","問い合わせ情報が複数部署に分散しており、対応状況を一元管理できる仕組みを探しています。","設備更新予算の増額","問い合わせと顧客対応を効率化したい","問い合わせ情報が複数部署に分散しており、対応状況を一元管理できる仕組みを探しています。","営業・顧客管理","高","true","店舗運営部","責任者","89","false","アプローチ準備中","2026-08-30","true","本データはデモ用途の架空企業です。実在の企業・団体とは関係ありません。"
"FC-00858","株式会社アクセルコマースワークス","株式会社 アクセル コマース ワークス","wholesale_retail","卸売・小売業","愛媛県","緑市","2009","546","中堅企業","7644","専門商材の卸売","https://example.invalid/wholesale_retail/058","採用後の教育と定着を改善したい","人員拡大に対して教育担当者が不足しており、研修の標準化と定着支援を相談したいです。","省エネ投資の開始","採用後の教育と定着を改善したい","人員拡大に対して教育担当者が不足しており、研修の標準化と定着支援を相談したいです。","人材・労務","低","true","店舗運営部","企画担当","61","false","未対応","2026-08-30","true","本データはデモ用途の架空企業です。実在の企業・団体とは関係ありません。"
"FC-00859","合同会社アクセルコマースグループ","合同会社 アクセル コマース グループ","wholesale_retail","卸売・小売業","宮崎県","さくら市","2020","4783","大企業","71745","小売店舗・EC運営","https://example.invalid/wholesale_retail/059","新サービスの販売パートナーを探したい","新サービスの提供地域を広げるため、共同提案や販売連携が可能な企業を探しています。","新サービスの発表","新サービスの販売パートナーを探したい","新サービスの提供地域を広げるため、共同提案や販売連携が可能な企業を探しています。","事業開発","中","true","店舗運営部","部長","78","false","情報収集中","2026-08-30","true","本データはデモ用途の架空企業です。実在の企業・団体とは関係ありません。"
"FC-00860","株式会社アクセルコマースコーポレーション","株式会社 アクセル コマース コーポレーション","wholesale_retail","卸売・小売業","秋田県","ひかり市","1963","26","小規模","416","商品調達と販売支援","https://example.invalid/wholesale_retail/060","現場の安全管理と品質記録を強化したい","点検記録と事故予防の仕組みを見直しており、導入負担の小さい安全管理提案を受け付けています。","新拠点の開設計画","現場の安全管理と品質記録を強化したい","点検記録と事故予防の仕組みを見直しており、導入負担の小さい安全管理提案を受け付けています。","安全・品質","高","true","店舗運営部","課長","95","false","アプローチ準備中","2026-08-30","true","本データはデモ用途の架空企業です。実在の企業・団体とは関係ありません。"
"FC-00861","合同会社リードコマースソリューションズ","合同会社 リード コマース ソリューションズ","wholesale_retail","卸売・小売業","千葉県","あおば市","1974","157","中小企業","2669","専門商材の卸売","https://example.invalid/wholesale_retail/061","手作業と紙中心の業務をデジタル化したい","部門間の情報共有が手作業になっているため、現場へ定着しやすい業務システムの提案を募集しています。","人員採用の拡大","手作業と紙中心の業務をデジタル化したい","部門間の情報共有が手作業になっているため、現場へ定着しやすい業務システムの提案を募集しています。","DX・IT","低","true","店舗運営部","責任者","67","false","未対応","2026-08-30","true","本データはデモ用途の架空企業です。実在の企業・団体とは関係ありません。"
"FC-00862","株式会社リードコマースパートナーズ","株式会社 リード コマース パートナーズ","wholesale_retail","卸売・小売業","山梨県","若葉市","1985","694","中堅企業","12492","小売店舗・EC運営","https://example.invalid/wholesale_retail/062","在庫差異と配送負担を減らしたい","在庫状況の把握に時間がかかっており、入出庫と配送計画を改善する提案を募集しています。","既存施設の改修","在庫差異と配送負担を減らしたい","在庫状況の把握に時間がかかっており、入出庫と配送計画を改善する提案を募集しています。","物流・在庫","中","true","店舗運営部","企画担当","84","false","情報収集中","2026-08-30","true","本データはデモ用途の架空企業です。実在の企業・団体とは関係ありません。"
"FC-00863","合同会社リードコマースワークス","合同会社 リード コマース ワークス","wholesale_retail","卸売・小売業","京都府","豊栄市","1996","4931","大企業","93689","商品調達と販売支援","https://example.invalid/wholesale_retail/063","エネルギー・運用費を削減したい","拠点運営費が増加しているため、効果を測定できる省エネ・コスト削減策を求めています。","事業エリアの拡大","エネルギー・運用費を削減したい","拠点運営費が増加しているため、効果を測定できる省エネ・コスト削減策を求めています。","コスト削減","高","true","店舗運営部","部長","56","false","アプローチ準備中","2026-08-30","true","本データはデモ用途の架空企業です。実在の企業・団体とは関係ありません。"
"FC-00864","株式会社リードコマースグループ","株式会社 リード コマース グループ","wholesale_retail","卸売・小売業","岡山県","清流市","2007","22","小規模","440","専門商材の卸売","https://example.invalid/wholesale_retail/064","設備の老朽化と保守負担を減らしたい","既存設備の故障と保守工数が増えており、更新計画と運用改善を一緒に提案できる企業を探しています。","DX推進組織の新設","設備の老朽化と保守負担を減らしたい","既存設備の故障と保守工数が増えており、更新計画と運用改善を一緒に提案できる企業を探しています。","設備・施設","低","true","店舗運営部","課長","73","false","未対応","2026-08-30","true","本データはデモ用途の架空企業です。実在の企業・団体とは関係ありません。"
"FC-00865","合同会社リードコマースコーポレーション","合同会社 リード コマース コーポレーション","wholesale_retail","卸売・小売業","福岡県","旭市","2018","55","中小企業","1155","小売店舗・EC運営","https://example.invalid/wholesale_retail/065","問い合わせと顧客対応を効率化したい","問い合わせ情報が複数部署に分散しており、対応状況を一元管理できる仕組みを探しています。","安全管理方針の強化","問い合わせと顧客対応を効率化したい","問い合わせ情報が複数部署に分散しており、対応状況を一元管理できる仕組みを探しています。","営業・顧客管理","中","true","店舗運営部","責任者","90","false","情報収集中","2026-08-30","true","本データはデモ用途の架空企業です。実在の企業・団体とは関係ありません。"
"FC-00866","株式会社ハーモニーコマースソリューションズ","株式会社 ハーモニー コマース ソリューションズ","wholesale_retail","卸売・小売業","沖縄県","みなと市","1961","842","中堅企業","18524","商品調達と販売支援","https://example.invalid/wholesale_retail/066","採用後の教育と定着を改善したい","人員拡大に対して教育担当者が不足しており、研修の標準化と定着支援を相談したいです。","業務提携の締結","採用後の教育と定着を改善したい","人員拡大に対して教育担当者が不足しており、研修の標準化と定着支援を相談したいです。","人材・労務","高","true","店舗運営部","企画担当","62","false","アプローチ準備中","2026-08-30","true","本データはデモ用途の架空企業です。実在の企業・団体とは関係ありません。"
"FC-00867","合同会社ハーモニーコマースパートナーズ","合同会社 ハーモニー コマース パートナーズ","wholesale_retail","卸売・小売業","福島県","高台市","1972","1079","大企業","24817","専門商材の卸売","https://example.invalid/wholesale_retail/067","新サービスの販売パートナーを探したい","新サービスの提供地域を広げるため、共同提案や販売連携が可能な企業を探しています。","設備更新予算の増額","新サービスの販売パートナーを探したい","新サービスの提供地域を広げるため、共同提案や販売連携が可能な企業を探しています。","事業開発","低","true","店舗運営部","部長","79","true","未対応","2026-08-30","true","本データはデモ用途の架空企業です。実在の企業・団体とは関係ありません。"
"FC-00868","株式会社ハーモニーコマースワークス","株式会社 ハーモニー コマース ワークス","wholesale_retail","卸売・小売業","神奈川県","新生市","1983","18","小規模","432","小売店舗・EC運営","https://example.invalid/wholesale_retail/068","現場の安全管理と品質記録を強化したい","点検記録と事故予防の仕組みを見直しており、導入負担の小さい安全管理提案を受け付けています。","省エネ投資の開始","現場の安全管理と品質記録を強化したい","点検記録と事故予防の仕組みを見直しており、導入負担の小さい安全管理提案を受け付けています。","安全・品質","中","true","店舗運営部","課長","96","false","情報収集中","2026-08-30","true","本データはデモ用途の架空企業です。実在の企業・団体とは関係ありません。"
"FC-00869","合同会社ハーモニーコマースグループ","合同会社 ハーモニー コマース グループ","wholesale_retail","卸売・小売業","岐阜県","平和市","1994","203","中小企業","5075","商品調達と販売支援","https://example.invalid/wholesale_retail/069","手作業と紙中心の業務をデジタル化したい","部門間の情報共有が手作業になっているため、現場へ定着しやすい業務システムの提案を募集しています。","新サービスの発表","手作業と紙中心の業務をデジタル化したい","部門間の情報共有が手作業になっているため、現場へ定着しやすい業務システムの提案を募集しています。","DX・IT","高","true","店舗運営部","責任者","68","false","アプローチ準備中","2026-08-30","true","本データはデモ用途の架空企業です。実在の企業・団体とは関係ありません。"
"FC-00870","株式会社ハーモニーコマースコーポレーション","株式会社 ハーモニー コマース コーポレーション","wholesale_retail","卸売・小売業","兵庫県","希望市","2005","990","中堅企業","25740","専門商材の卸売","https://example.invalid/wholesale_retail/070","在庫差異と配送負担を減らしたい","在庫状況の把握に時間がかかっており、入出庫と配送計画を改善する提案を募集しています。","新拠点の開設計画","在庫差異と配送負担を減らしたい","在庫状況の把握に時間がかかっており、入出庫と配送計画を改善する提案を募集しています。","物流・在庫","低","true","店舗運営部","企画担当","85","false","未対応","2026-08-30","true","本データはデモ用途の架空企業です。実在の企業・団体とは関係ありません。"
"FC-00871","合同会社ブリッジコマースソリューションズ","合同会社 ブリッジ コマース ソリューションズ","wholesale_retail","卸売・小売業","山口県","文化市","2016","1227","大企業","33129","小売店舗・EC運営","https://example.invalid/wholesale_retail/071","エネルギー・運用費を削減したい","拠点運営費が増加しているため、効果を測定できる省エネ・コスト削減策を求めています。","人員採用の拡大","エネルギー・運用費を削減したい","拠点運営費が増加しているため、効果を測定できる省エネ・コスト削減策を求めています。","コスト削減","中","true","店舗運営部","部長","57","false","情報収集中","2026-08-30","true","本データはデモ用途の架空企業です。実在の企業・団体とは関係ありません。"
"FC-00872","株式会社ブリッジコマースパートナーズ","株式会社 ブリッジ コマース パートナーズ","wholesale_retail","卸売・小売業","長崎県","産業市","1959","14","小規模","392","商品調達と販売支援","https://example.invalid/wholesale_retail/072","設備の老朽化と保守負担を減らしたい","既存設備の故障と保守工数が増えており、更新計画と運用改善を一緒に提案できる企業を探しています。","既存施設の改修","設備の老朽化と保守負担を減らしたい","既存設備の故障と保守工数が増えており、更新計画と運用改善を一緒に提案できる企業を探しています。","設備・施設","高","true","店舗運営部","課長","74","false","アプローチ準備中","2026-08-30","true","本データはデモ用途の架空企業です。実在の企業・団体とは関係ありません。"
"FC-00873","合同会社ブリッジコマースワークス","合同会社 ブリッジ コマース ワークス","wholesale_retail","卸売・小売業","青森県","学園市","1970","101","中小企業","2929","専門商材の卸売","https://example.invalid/wholesale_retail/073","問い合わせと顧客対応を効率化したい","問い合わせ情報が複数部署に分散しており、対応状況を一元管理できる仕組みを探しています。","事業エリアの拡大","問い合わせと顧客対応を効率化したい","問い合わせ情報が複数部署に分散しており、対応状況を一元管理できる仕組みを探しています。","営業・顧客管理","低","true","店舗運営部","責任者","91","false","未対応","2026-08-30","true","本データはデモ用途の架空企業です。実在の企業・団体とは関係ありません。"
"FC-00874","株式会社ブリッジコマースグループ","株式会社 ブリッジ コマース グループ","wholesale_retail","卸売・小売業","栃木県","泉市","1981","438","中堅企業","4818","小売店舗・EC運営","https://example.invalid/wholesale_retail/074","採用後の教育と定着を改善したい","人員拡大に対して教育担当者が不足しており、研修の標準化と定着支援を相談したいです。","DX推進組織の新設","採用後の教育と定着を改善したい","人員拡大に対して教育担当者が不足しており、研修の標準化と定着支援を相談したいです。","人材・労務","中","true","店舗運営部","企画担当","63","false","情報収集中","2026-08-30","true","本データはデモ用途の架空企業です。実在の企業・団体とは関係ありません。"
"FC-00875","合同会社ブリッジコマースコーポレーション","合同会社 ブリッジ コマース コーポレーション","wholesale_retail","卸売・小売業","富山県","丘陵市","1992","1375","大企業","16500","商品調達と販売支援","https://example.invalid/wholesale_retail/075","新サービスの販売パートナーを探したい","新サービスの提供地域を広げるため、共同提案や販売連携が可能な企業を探しています。","安全管理方針の強化","新サービスの販売パートナーを探したい","新サービスの提供地域を広げるため、共同提案や販売連携が可能な企業を探しています。","事業開発","高","true","店舗運営部","部長","80","false","アプローチ準備中","2026-08-30","true","本データはデモ用途の架空企業です。実在の企業・団体とは関係ありません。"
"FC-00876","株式会社フォーカスコマースソリューションズ","株式会社 フォーカス コマース ソリューションズ","wholesale_retail","卸売・小売業","愛知県","未来市","2003","48","小規模","624","専門商材の卸売","https://example.invalid/wholesale_retail/076","現場の安全管理と品質記録を強化したい","点検記録と事故予防の仕組みを見直しており、導入負担の小さい安全管理提案を受け付けています。","業務提携の締結","現場の安全管理と品質記録を強化したい","点検記録と事故予防の仕組みを見直しており、導入負担の小さい安全管理提案を受け付けています。","安全・品質","低","true","店舗運営部","課長","97","false","未対応","2026-08-30","true","本データはデモ用途の架空企業です。実在の企業・団体とは関係ありません。"
"FC-00877","合同会社フォーカスコマースパートナーズ","合同会社 フォーカス コマース パートナーズ","wholesale_retail","卸売・小売業","和歌山県","中央市","2014","249","中小企業","3486","小売店舗・EC運営","https://example.invalid/wholesale_retail/077","手作業と紙中心の業務をデジタル化したい","部門間の情報共有が手作業になっているため、現場へ定着しやすい業務システムの提案を募集しています。","設備更新予算の増額","手作業と紙中心の業務をデジタル化したい","部門間の情報共有が手作業になっているため、現場へ定着しやすい業務システムの提案を募集しています。","DX・IT","中","true","店舗運営部","責任者","69","false","情報収集中","2026-08-30","true","本データはデモ用途の架空企業です。実在の企業・団体とは関係ありません。"
"FC-00878","株式会社フォーカスコマースワークス","株式会社 フォーカス コマース ワークス","wholesale_retail","卸売・小売業","香川県","緑市","1957","586","中堅企業","8790","商品調達と販売支援","https://example.invalid/wholesale_retail/078","在庫差異と配送負担を減らしたい","在庫状況の把握に時間がかかっており、入出庫と配送計画を改善する提案を募集しています。","省エネ投資の開始","在庫差異と配送負担を減らしたい","在庫状況の把握に時間がかかっており、入出庫と配送計画を改善する提案を募集しています。","物流・在庫","高","true","店舗運営部","企画担当","86","false","アプローチ準備中","2026-08-30","true","本データはデモ用途の架空企業です。実在の企業・団体とは関係ありません。"
"FC-00879","合同会社フォーカスコマースグループ","合同会社 フォーカス コマース グループ","wholesale_retail","卸売・小売業","大分県","さくら市","1968","1523","大企業","24368","専門商材の卸売","https://example.invalid/wholesale_retail/079","エネルギー・運用費を削減したい","拠点運営費が増加しているため、効果を測定できる省エネ・コスト削減策を求めています。","新サービスの発表","エネルギー・運用費を削減したい","拠点運営費が増加しているため、効果を測定できる省エネ・コスト削減策を求めています。","コスト削減","低","true","店舗運営部","部長","58","false","未対応","2026-08-30","true","本データはデモ用途の架空企業です。実在の企業・団体とは関係ありません。"
"FC-00880","株式会社フォーカスコマースコーポレーション","株式会社 フォーカス コマース コーポレーション","wholesale_retail","卸売・小売業","宮城県","ひかり市","1979","44","小規模","748","小売店舗・EC運営","https://example.invalid/wholesale_retail/080","設備の老朽化と保守負担を減らしたい","既存設備の故障と保守工数が増えており、更新計画と運用改善を一緒に提案できる企業を探しています。","新拠点の開設計画","設備の老朽化と保守負担を減らしたい","既存設備の故障と保守工数が増えており、更新計画と運用改善を一緒に提案できる企業を探しています。","設備・施設","中","true","店舗運営部","課長","75","false","情報収集中","2026-08-30","true","本データはデモ用途の架空企業です。実在の企業・団体とは関係ありません。"
"FC-00881","合同会社ビジョンコマースソリューションズ","合同会社 ビジョン コマース ソリューションズ","wholesale_retail","卸売・小売業","埼玉県","あおば市","1990","147","中小企業","2646","商品調達と販売支援","https://example.invalid/wholesale_retail/081","問い合わせと顧客対応を効率化したい","問い合わせ情報が複数部署に分散しており、対応状況を一元管理できる仕組みを探しています。","人員採用の拡大","問い合わせと顧客対応を効率化したい","問い合わせ情報が複数部署に分散しており、対応状況を一元管理できる仕組みを探しています。","営業・顧客管理","高","true","店舗運営部","責任者","92","false","アプローチ準備中","2026-08-30","true","本データはデモ用途の架空企業です。実在の企業・団体とは関係ありません。"
"FC-00882","株式会社ビジョンコマースパートナーズ","株式会社 ビジョン コマース パートナーズ","wholesale_retail","卸売・小売業","福井県","若葉市","2001","734","中堅企業","13946","専門商材の卸売","https://example.invalid/wholesale_retail/082","採用後の教育と定着を改善したい","人員拡大に対して教育担当者が不足しており、研修の標準化と定着支援を相談したいです。","既存施設の改修","採用後の教育と定着を改善したい","人員拡大に対して教育担当者が不足しており、研修の標準化と定着支援を相談したいです。","人材・労務","低","true","店舗運営部","企画担当","64","false","未対応","2026-08-30","true","本データはデモ用途の架空企業です。実在の企業・団体とは関係ありません。"
"FC-00883","合同会社ビジョンコマースワークス","合同会社 ビジョン コマース ワークス","wholesale_retail","卸売・小売業","滋賀県","豊栄市","2012","1671","大企業","33420","小売店舗・EC運営","https://example.invalid/wholesale_retail/083","新サービスの販売パートナーを探したい","新サービスの提供地域を広げるため、共同提案や販売連携が可能な企業を探しています。","事業エリアの拡大","新サービスの販売パートナーを探したい","新サービスの提供地域を広げるため、共同提案や販売連携が可能な企業を探しています。","事業開発","中","true","店舗運営部","部長","81","false","情報収集中","2026-08-30","true","本データはデモ用途の架空企業です。実在の企業・団体とは関係ありません。"
"FC-00884","株式会社ビジョンコマースグループ","株式会社 ビジョン コマース グループ","wholesale_retail","卸売・小売業","島根県","清流市","1955","40","小規模","840","商品調達と販売支援","https://example.invalid/wholesale_retail/084","現場の安全管理と品質記録を強化したい","点検記録と事故予防の仕組みを見直しており、導入負担の小さい安全管理提案を受け付けています。","DX推進組織の新設","現場の安全管理と品質記録を強化したい","点検記録と事故予防の仕組みを見直しており、導入負担の小さい安全管理提案を受け付けています。","安全・品質","高","true","店舗運営部","課長","98","true","アプローチ準備中","2026-08-30","true","本データはデモ用途の架空企業です。実在の企業・団体とは関係ありません。"
"FC-00885","合同会社ビジョンコマースコーポレーション","合同会社 ビジョン コマース コーポレーション","wholesale_retail","卸売・小売業","高知県","旭市","1966","295","中小企業","6490","専門商材の卸売","https://example.invalid/wholesale_retail/085","手作業と紙中心の業務をデジタル化したい","部門間の情報共有が手作業になっているため、現場へ定着しやすい業務システムの提案を募集しています。","安全管理方針の強化","手作業と紙中心の業務をデジタル化したい","部門間の情報共有が手作業になっているため、現場へ定着しやすい業務システムの提案を募集しています。","DX・IT","低","true","店舗運営部","責任者","70","false","未対応","2026-08-30","true","本データはデモ用途の架空企業です。実在の企業・団体とは関係ありません。"
"FC-00886","株式会社コアコマースソリューションズ","株式会社 コア コマース ソリューションズ","wholesale_retail","卸売・小売業","鹿児島県","みなと市","1977","882","中堅企業","20286","小売店舗・EC運営","https://example.invalid/wholesale_retail/086","在庫差異と配送負担を減らしたい","在庫状況の把握に時間がかかっており、入出庫と配送計画を改善する提案を募集しています。","業務提携の締結","在庫差異と配送負担を減らしたい","在庫状況の把握に時間がかかっており、入出庫と配送計画を改善する提案を募集しています。","物流・在庫","中","true","店舗運営部","企画担当","87","false","情報収集中","2026-08-30","true","本データはデモ用途の架空企業です。実在の企業・団体とは関係ありません。"
"FC-00887","合同会社コアコマースパートナーズ","合同会社 コア コマース パートナーズ","wholesale_retail","卸売・小売業","山形県","高台市","1988","1819","大企業","43656","商品調達と販売支援","https://example.invalid/wholesale_retail/087","エネルギー・運用費を削減したい","拠点運営費が増加しているため、効果を測定できる省エネ・コスト削減策を求めています。","設備更新予算の増額","エネルギー・運用費を削減したい","拠点運営費が増加しているため、効果を測定できる省エネ・コスト削減策を求めています。","コスト削減","高","true","店舗運営部","部長","59","false","アプローチ準備中","2026-08-30","true","本データはデモ用途の架空企業です。実在の企業・団体とは関係ありません。"
"FC-00888","株式会社コアコマースワークス","株式会社 コア コマース ワークス","wholesale_retail","卸売・小売業","東京都","新生市","1999","36","小規模","900","専門商材の卸売","https://example.invalid/wholesale_retail/088","設備の老朽化と保守負担を減らしたい","既存設備の故障と保守工数が増えており、更新計画と運用改善を一緒に提案できる企業を探しています。","省エネ投資の開始","設備の老朽化と保守負担を減らしたい","既存設備の故障と保守工数が増えており、更新計画と運用改善を一緒に提案できる企業を探しています。","設備・施設","低","true","店舗運営部","課長","76","false","未対応","2026-08-30","true","本データはデモ用途の架空企業です。実在の企業・団体とは関係ありません。"
"FC-00889","合同会社コアコマースグループ","合同会社 コア コマース グループ","wholesale_retail","卸売・小売業","長野県","平和市","2010","193","中小企業","5018","小売店舗・EC運営","https://example.invalid/wholesale_retail/089","問い合わせと顧客対応を効率化したい","問い合わせ情報が複数部署に分散しており、対応状況を一元管理できる仕組みを探しています。","新サービスの発表","問い合わせと顧客対応を効率化したい","問い合わせ情報が複数部署に分散しており、対応状況を一元管理できる仕組みを探しています。","営業・顧客管理","中","true","店舗運営部","責任者","93","false","情報収集中","2026-08-30","true","本データはデモ用途の架空企業です。実在の企業・団体とは関係ありません。"
"FC-00890","株式会社コアコマースコーポレーション","株式会社 コア コマース コーポレーション","wholesale_retail","卸売・小売業","大阪府","希望市","2021","330","中堅企業","8910","商品調達と販売支援","https://example.invalid/wholesale_retail/090","採用後の教育と定着を改善したい","人員拡大に対して教育担当者が不足しており、研修の標準化と定着支援を相談したいです。","新拠点の開設計画","採用後の教育と定着を改善したい","人員拡大に対して教育担当者が不足しており、研修の標準化と定着支援を相談したいです。","人材・労務","高","true","店舗運営部","企画担当","65","false","アプローチ準備中","2026-08-30","true","本データはデモ用途の架空企業です。実在の企業・団体とは関係ありません。"
"FC-00891","合同会社アドバンスコマースソリューションズ","合同会社 アドバンス コマース ソリューションズ","wholesale_retail","卸売・小売業","広島県","文化市","1964","1967","大企業","55076","専門商材の卸売","https://example.invalid/wholesale_retail/091","新サービスの販売パートナーを探したい","新サービスの提供地域を広げるため、共同提案や販売連携が可能な企業を探しています。","人員採用の拡大","新サービスの販売パートナーを探したい","新サービスの提供地域を広げるため、共同提案や販売連携が可能な企業を探しています。","事業開発","低","true","店舗運営部","部長","82","false","未対応","2026-08-30","true","本データはデモ用途の架空企業です。実在の企業・団体とは関係ありません。"
"FC-00892","株式会社アドバンスコマースパートナーズ","株式会社 アドバンス コマース パートナーズ","wholesale_retail","卸売・小売業","佐賀県","産業市","1975","32","小規模","928","小売店舗・EC運営","https://example.invalid/wholesale_retail/092","現場の安全管理と品質記録を強化したい","点検記録と事故予防の仕組みを見直しており、導入負担の小さい安全管理提案を受け付けています。","既存施設の改修","現場の安全管理と品質記録を強化したい","点検記録と事故予防の仕組みを見直しており、導入負担の小さい安全管理提案を受け付けています。","安全・品質","中","true","店舗運営部","課長","99","false","情報収集中","2026-08-30","true","本データはデモ用途の架空企業です。実在の企業・団体とは関係ありません。"
"FC-00893","合同会社アドバンスコマースワークス","合同会社 アドバンス コマース ワークス","wholesale_retail","卸売・小売業","北海道","学園市","1986","91","中小企業","1001","商品調達と販売支援","https://example.invalid/wholesale_retail/093","手作業と紙中心の業務をデジタル化したい","部門間の情報共有が手作業になっているため、現場へ定着しやすい業務システムの提案を募集しています。","事業エリアの拡大","手作業と紙中心の業務をデジタル化したい","部門間の情報共有が手作業になっているため、現場へ定着しやすい業務システムの提案を募集しています。","DX・IT","高","true","店舗運営部","責任者","71","false","アプローチ準備中","2026-08-30","true","本データはデモ用途の架空企業です。実在の企業・団体とは関係ありません。"
"FC-00894","株式会社アドバンスコマースグループ","株式会社 アドバンス コマース グループ","wholesale_retail","卸売・小売業","茨城県","泉市","1997","478","中堅企業","5736","専門商材の卸売","https://example.invalid/wholesale_retail/094","在庫差異と配送負担を減らしたい","在庫状況の把握に時間がかかっており、入出庫と配送計画を改善する提案を募集しています。","DX推進組織の新設","在庫差異と配送負担を減らしたい","在庫状況の把握に時間がかかっており、入出庫と配送計画を改善する提案を募集しています。","物流・在庫","低","true","店舗運営部","企画担当","88","false","未対応","2026-08-30","true","本データはデモ用途の架空企業です。実在の企業・団体とは関係ありません。"
"FC-00895","合同会社アドバンスコマースコーポレーション","合同会社 アドバンス コマース コーポレーション","wholesale_retail","卸売・小売業","新潟県","丘陵市","2008","2115","大企業","27495","小売店舗・EC運営","https://example.invalid/wholesale_retail/095","エネルギー・運用費を削減したい","拠点運営費が増加しているため、効果を測定できる省エネ・コスト削減策を求めています。","安全管理方針の強化","エネルギー・運用費を削減したい","拠点運営費が増加しているため、効果を測定できる省エネ・コスト削減策を求めています。","コスト削減","中","true","店舗運営部","部長","60","false","情報収集中","2026-08-30","true","本データはデモ用途の架空企業です。実在の企業・団体とは関係ありません。"
"FC-00896","株式会社インテグラコマースソリューションズ","株式会社 インテグラ コマース ソリューションズ","wholesale_retail","卸売・小売業","静岡県","未来市","2019","28","小規模","392","商品調達と販売支援","https://example.invalid/wholesale_retail/096","設備の老朽化と保守負担を減らしたい","既存設備の故障と保守工数が増えており、更新計画と運用改善を一緒に提案できる企業を探しています。","業務提携の締結","設備の老朽化と保守負担を減らしたい","既存設備の故障と保守工数が増えており、更新計画と運用改善を一緒に提案できる企業を探しています。","設備・施設","高","true","店舗運営部","課長","77","false","アプローチ準備中","2026-08-30","true","本データはデモ用途の架空企業です。実在の企業・団体とは関係ありません。"
"FC-00897","合同会社インテグラコマースパートナーズ","合同会社 インテグラ コマース パートナーズ","wholesale_retail","卸売・小売業","奈良県","中央市","1962","239","中小企業","3585","専門商材の卸売","https://example.invalid/wholesale_retail/097","問い合わせと顧客対応を効率化したい","問い合わせ情報が複数部署に分散しており、対応状況を一元管理できる仕組みを探しています。","設備更新予算の増額","問い合わせと顧客対応を効率化したい","問い合わせ情報が複数部署に分散しており、対応状況を一元管理できる仕組みを探しています。","営業・顧客管理","低","true","店舗運営部","責任者","94","false","未対応","2026-08-30","true","本データはデモ用途の架空企業です。実在の企業・団体とは関係ありません。"
"FC-00898","株式会社インテグラコマースワークス","株式会社 インテグラ コマース ワークス","wholesale_retail","卸売・小売業","徳島県","緑市","1973","626","中堅企業","10016","小売店舗・EC運営","https://example.invalid/wholesale_retail/098","採用後の教育と定着を改善したい","人員拡大に対して教育担当者が不足しており、研修の標準化と定着支援を相談したいです。","省エネ投資の開始","採用後の教育と定着を改善したい","人員拡大に対して教育担当者が不足しており、研修の標準化と定着支援を相談したいです。","人材・労務","中","true","店舗運営部","企画担当","66","false","情報収集中","2026-08-30","true","本データはデモ用途の架空企業です。実在の企業・団体とは関係ありません。"
"FC-00899","合同会社インテグラコマースグループ","合同会社 インテグラ コマース グループ","wholesale_retail","卸売・小売業","熊本県","さくら市","1984","2263","大企業","38471","商品調達と販売支援","https://example.invalid/wholesale_retail/099","新サービスの販売パートナーを探したい","新サービスの提供地域を広げるため、共同提案や販売連携が可能な企業を探しています。","新サービスの発表","新サービスの販売パートナーを探したい","新サービスの提供地域を広げるため、共同提案や販売連携が可能な企業を探しています。","事業開発","高","true","店舗運営部","部長","83","false","アプローチ準備中","2026-08-30","true","本データはデモ用途の架空企業です。実在の企業・団体とは関係ありません。"
"FC-00900","株式会社インテグラコマースコーポレーション","株式会社 インテグラ コマース コーポレーション","wholesale_retail","卸売・小売業","岩手県","ひかり市","1995","24","小規模","432","専門商材の卸売","https://example.invalid/wholesale_retail/100","現場の安全管理と品質記録を強化したい","点検記録と事故予防の仕組みを見直しており、導入負担の小さい安全管理提案を受け付けています。","新拠点の開設計画","現場の安全管理と品質記録を強化したい","点検記録と事故予防の仕組みを見直しており、導入負担の小さい安全管理提案を受け付けています。","安全・品質","低","true","店舗運営部","課長","55","false","未対応","2026-08-30","true","本データはデモ用途の架空企業です。実在の企業・団体とは関係ありません。"
"FC-00901","合同会社アークフィナンシャルソリューションズ","合同会社 アーク フィナンシャル ソリューションズ","finance","金融・保険業","群馬県","あおば市","2006","137","中小企業","2603","法人向け金融サービス","https://example.invalid/finance/001","手作業と紙中心の業務をデジタル化したい","部門間の情報共有が手作業になっているため、現場へ定着しやすい業務システムの提案を募集しています。","人員採用の拡大","手作業と紙中心の業務をデジタル化したい","部門間の情報共有が手作業になっているため、現場へ定着しやすい業務システムの提案を募集しています。","DX・IT","中","true","業務企画部","責任者","72","true","情報収集中","2026-08-30","true","本データはデモ用途の架空企業です。実在の企業・団体とは関係ありません。"
"FC-00902","株式会社アークフィナンシャルパートナーズ","株式会社 アーク フィナンシャル パートナーズ","finance","金融・保険業","石川県","若葉市","2017","774","中堅企業","15480","保険・リスク管理支援","https://example.invalid/finance/002","在庫差異と配送負担を減らしたい","在庫状況の把握に時間がかかっており、入出庫と配送計画を改善する提案を募集しています。","既存施設の改修","在庫差異と配送負担を減らしたい","在庫状況の把握に時間がかかっており、入出庫と配送計画を改善する提案を募集しています。","物流・在庫","高","true","業務企画部","企画担当","89","false","アプローチ準備中","2026-08-30","true","本データはデモ用途の架空企業です。実在の企業・団体とは関係ありません。"
"FC-00903","合同会社アークフィナンシャルワークス","合同会社 アーク フィナンシャル ワークス","finance","金融・保険業","三重県","豊栄市","1960","2411","大企業","50631","決済・資産管理","https://example.invalid/finance/003","エネルギー・運用費を削減したい","拠点運営費が増加しているため、効果を測定できる省エネ・コスト削減策を求めています。","事業エリアの拡大","エネルギー・運用費を削減したい","拠点運営費が増加しているため、効果を測定できる省エネ・コスト削減策を求めています。","コスト削減","低","true","業務企画部","部長","61","false","未対応","2026-08-30","true","本データはデモ用途の架空企業です。実在の企業・団体とは関係ありません。"
"FC-00904","株式会社アークフィナンシャルグループ","株式会社 アーク フィナンシャル グループ","finance","金融・保険業","鳥取県","清流市","1971","20","小規模","440","法人向け金融サービス","https://example.invalid/finance/004","設備の老朽化と保守負担を減らしたい","既存設備の故障と保守工数が増えており、更新計画と運用改善を一緒に提案できる企業を探しています。","DX推進組織の新設","設備の老朽化と保守負担を減らしたい","既存設備の故障と保守工数が増えており、更新計画と運用改善を一緒に提案できる企業を探しています。","設備・施設","中","true","業務企画部","課長","78","false","情報収集中","2026-08-30","true","本データはデモ用途の架空企業です。実在の企業・団体とは関係ありません。"
"FC-00905","合同会社アークフィナンシャルコーポレーション","合同会社 アーク フィナンシャル コーポレーション","finance","金融・保険業","愛媛県","旭市","1982","285","中小企業","6555","保険・リスク管理支援","https://example.invalid/finance/005","問い合わせと顧客対応を効率化したい","問い合わせ情報が複数部署に分散しており、対応状況を一元管理できる仕組みを探しています。","安全管理方針の強化","問い合わせと顧客対応を効率化したい","問い合わせ情報が複数部署に分散しており、対応状況を一元管理できる仕組みを探しています。","営業・顧客管理","高","true","業務企画部","責任者","95","false","アプローチ準備中","2026-08-30","true","本データはデモ用途の架空企業です。実在の企業・団体とは関係ありません。"
"FC-00906","株式会社ネクサスフィナンシャルソリューションズ","株式会社 ネクサス フィナンシャル ソリューションズ","finance","金融・保険業","宮崎県","みなと市","1993","922","中堅企業","22128","決済・資産管理","https://example.invalid/finance/006","採用後の教育と定着を改善したい","人員拡大に対して教育担当者が不足しており、研修の標準化と定着支援を相談したいです。","業務提携の締結","採用後の教育と定着を改善したい","人員拡大に対して教育担当者が不足しており、研修の標準化と定着支援を相談したいです。","人材・労務","低","true","業務企画部","企画担当","67","false","未対応","2026-08-30","true","本データはデモ用途の架空企業です。実在の企業・団体とは関係ありません。"
"FC-00907","合同会社ネクサスフィナンシャルパートナーズ","合同会社 ネクサス フィナンシャル パートナーズ","finance","金融・保険業","秋田県","高台市","2004","2559","大企業","63975","法人向け金融サービス","https://example.invalid/finance/007","新サービスの販売パートナーを探したい","新サービスの提供地域を広げるため、共同提案や販売連携が可能な企業を探しています。","設備更新予算の増額","新サービスの販売パートナーを探したい","新サービスの提供地域を広げるため、共同提案や販売連携が可能な企業を探しています。","事業開発","中","true","業務企画部","部長","84","false","情報収集中","2026-08-30","true","本データはデモ用途の架空企業です。実在の企業・団体とは関係ありません。"
"FC-00908","株式会社ネクサスフィナンシャルワークス","株式会社 ネクサス フィナンシャル ワークス","finance","金融・保険業","千葉県","新生市","2015","16","小規模","416","保険・リスク管理支援","https://example.invalid/finance/008","現場の安全管理と品質記録を強化したい","点検記録と事故予防の仕組みを見直しており、導入負担の小さい安全管理提案を受け付けています。","省エネ投資の開始","現場の安全管理と品質記録を強化したい","点検記録と事故予防の仕組みを見直しており、導入負担の小さい安全管理提案を受け付けています。","安全・品質","高","true","業務企画部","課長","56","false","アプローチ準備中","2026-08-30","true","本データはデモ用途の架空企業です。実在の企業・団体とは関係ありません。"
"FC-00909","合同会社ネクサスフィナンシャルグループ","合同会社 ネクサス フィナンシャル グループ","finance","金融・保険業","山梨県","平和市","1958","183","中小企業","4941","決済・資産管理","https://example.invalid/finance/009","手作業と紙中心の業務をデジタル化したい","部門間の情報共有が手作業になっているため、現場へ定着しやすい業務システムの提案を募集しています。","新サービスの発表","手作業と紙中心の業務をデジタル化したい","部門間の情報共有が手作業になっているため、現場へ定着しやすい業務システムの提案を募集しています。","DX・IT","低","true","業務企画部","責任者","73","false","未対応","2026-08-30","true","本データはデモ用途の架空企業です。実在の企業・団体とは関係ありません。"
"FC-00910","株式会社ネクサスフィナンシャルコーポレーション","株式会社 ネクサス フィナンシャル コーポレーション","finance","金融・保険業","京都府","希望市","1969","370","中堅企業","10360","法人向け金融サービス","https://example.invalid/finance/010","在庫差異と配送負担を減らしたい","在庫状況の把握に時間がかかっており、入出庫と配送計画を改善する提案を募集しています。","新拠点の開設計画","在庫差異と配送負担を減らしたい","在庫状況の把握に時間がかかっており、入出庫と配送計画を改善する提案を募集しています。","物流・在庫","中","true","業務企画部","企画担当","90","false","情報収集中","2026-08-30","true","本データはデモ用途の架空企業です。実在の企業・団体とは関係ありません。"
"FC-00911","合同会社プライムフィナンシャルソリューションズ","合同会社 プライム フィナンシャル ソリューションズ","finance","金融・保険業","岡山県","文化市","1980","2707","大企業","78503","保険・リスク管理支援","https://example.invalid/finance/011","エネルギー・運用費を削減したい","拠点運営費が増加しているため、効果を測定できる省エネ・コスト削減策を求めています。","人員採用の拡大","エネルギー・運用費を削減したい","拠点運営費が増加しているため、効果を測定できる省エネ・コスト削減策を求めています。","コスト削減","高","true","業務企画部","部長","62","false","アプローチ準備中","2026-08-30","true","本データはデモ用途の架空企業です。実在の企業・団体とは関係ありません。"
"FC-00912","株式会社プライムフィナンシャルパートナーズ","株式会社 プライム フィナンシャル パートナーズ","finance","金融・保険業","福岡県","産業市","1991","12","小規模","132","決済・資産管理","https://example.invalid/finance/012","設備の老朽化と保守負担を減らしたい","既存設備の故障と保守工数が増えており、更新計画と運用改善を一緒に提案できる企業を探しています。","既存施設の改修","設備の老朽化と保守負担を減らしたい","既存設備の故障と保守工数が増えており、更新計画と運用改善を一緒に提案できる企業を探しています。","設備・施設","低","true","業務企画部","課長","79","false","未対応","2026-08-30","true","本データはデモ用途の架空企業です。実在の企業・団体とは関係ありません。"
"FC-00913","合同会社プライムフィナンシャルワークス","合同会社 プライム フィナンシャル ワークス","finance","金融・保険業","沖縄県","学園市","2002","81","中小企業","972","法人向け金融サービス","https://example.invalid/finance/013","問い合わせと顧客対応を効率化したい","問い合わせ情報が複数部署に分散しており、対応状況を一元管理できる仕組みを探しています。","事業エリアの拡大","問い合わせと顧客対応を効率化したい","問い合わせ情報が複数部署に分散しており、対応状況を一元管理できる仕組みを探しています。","営業・顧客管理","中","true","業務企画部","責任者","96","false","情報収集中","2026-08-30","true","本データはデモ用途の架空企業です。実在の企業・団体とは関係ありません。"
"FC-00914","株式会社プライムフィナンシャルグループ","株式会社 プライム フィナンシャル グループ","finance","金融・保険業","福島県","泉市","2013","518","中堅企業","6734","保険・リスク管理支援","https://example.invalid/finance/014","採用後の教育と定着を改善したい","人員拡大に対して教育担当者が不足しており、研修の標準化と定着支援を相談したいです。","DX推進組織の新設","採用後の教育と定着を改善したい","人員拡大に対して教育担当者が不足しており、研修の標準化と定着支援を相談したいです。","人材・労務","高","true","業務企画部","企画担当","68","false","アプローチ準備中","2026-08-30","true","本データはデモ用途の架空企業です。実在の企業・団体とは関係ありません。"
"FC-00915","合同会社プライムフィナンシャルコーポレーション","合同会社 プライム フィナンシャル コーポレーション","finance","金融・保険業","神奈川県","丘陵市","1956","2855","大企業","39970","決済・資産管理","https://example.invalid/finance/015","新サービスの販売パートナーを探したい","新サービスの提供地域を広げるため、共同提案や販売連携が可能な企業を探しています。","安全管理方針の強化","新サービスの販売パートナーを探したい","新サービスの提供地域を広げるため、共同提案や販売連携が可能な企業を探しています。","事業開発","低","true","業務企画部","部長","85","false","未対応","2026-08-30","true","本データはデモ用途の架空企業です。実在の企業・団体とは関係ありません。"
"FC-00916","株式会社オルビスフィナンシャルソリューションズ","株式会社 オルビス フィナンシャル ソリューションズ","finance","金融・保険業","岐阜県","未来市","1967","46","小規模","690","法人向け金融サービス","https://example.invalid/finance/016","現場の安全管理と品質記録を強化したい","点検記録と事故予防の仕組みを見直しており、導入負担の小さい安全管理提案を受け付けています。","業務提携の締結","現場の安全管理と品質記録を強化したい","点検記録と事故予防の仕組みを見直しており、導入負担の小さい安全管理提案を受け付けています。","安全・品質","中","true","業務企画部","課長","57","false","情報収集中","2026-08-30","true","本データはデモ用途の架空企業です。実在の企業・団体とは関係ありません。"
"FC-00917","合同会社オルビスフィナンシャルパートナーズ","合同会社 オルビス フィナンシャル パートナーズ","finance","金融・保険業","兵庫県","中央市","1978","229","中小企業","3664","保険・リスク管理支援","https://example.invalid/finance/017","手作業と紙中心の業務をデジタル化したい","部門間の情報共有が手作業になっているため、現場へ定着しやすい業務システムの提案を募集しています。","設備更新予算の増額","手作業と紙中心の業務をデジタル化したい","部門間の情報共有が手作業になっているため、現場へ定着しやすい業務システムの提案を募集しています。","DX・IT","高","true","業務企画部","責任者","74","false","アプローチ準備中","2026-08-30","true","本データはデモ用途の架空企業です。実在の企業・団体とは関係ありません。"
"FC-00918","株式会社オルビスフィナンシャルワークス","株式会社 オルビス フィナンシャル ワークス","finance","金融・保険業","山口県","緑市","1989","666","中堅企業","11322","決済・資産管理","https://example.invalid/finance/018","在庫差異と配送負担を減らしたい","在庫状況の把握に時間がかかっており、入出庫と配送計画を改善する提案を募集しています。","省エネ投資の開始","在庫差異と配送負担を減らしたい","在庫状況の把握に時間がかかっており、入出庫と配送計画を改善する提案を募集しています。","物流・在庫","低","true","業務企画部","企画担当","91","true","未対応","2026-08-30","true","本データはデモ用途の架空企業です。実在の企業・団体とは関係ありません。"
"FC-00919","合同会社オルビスフィナンシャルグループ","合同会社 オルビス フィナンシャル グループ","finance","金融・保険業","長崎県","さくら市","2000","3003","大企業","54054","法人向け金融サービス","https://example.invalid/finance/019","エネルギー・運用費を削減したい","拠点運営費が増加しているため、効果を測定できる省エネ・コスト削減策を求めています。","新サービスの発表","エネルギー・運用費を削減したい","拠点運営費が増加しているため、効果を測定できる省エネ・コスト削減策を求めています。","コスト削減","中","true","業務企画部","部長","63","false","情報収集中","2026-08-30","true","本データはデモ用途の架空企業です。実在の企業・団体とは関係ありません。"
"FC-00920","株式会社オルビスフィナンシャルコーポレーション","株式会社 オルビス フィナンシャル コーポレーション","finance","金融・保険業","青森県","ひかり市","2011","42","小規模","798","保険・リスク管理支援","https://example.invalid/finance/020","設備の老朽化と保守負担を減らしたい","既存設備の故障と保守工数が増えており、更新計画と運用改善を一緒に提案できる企業を探しています。","新拠点の開設計画","設備の老朽化と保守負担を減らしたい","既存設備の故障と保守工数が増えており、更新計画と運用改善を一緒に提案できる企業を探しています。","設備・施設","高","true","業務企画部","課長","80","false","アプローチ準備中","2026-08-30","true","本データはデモ用途の架空企業です。実在の企業・団体とは関係ありません。"
"FC-00921","合同会社ノヴァフィナンシャルソリューションズ","合同会社 ノヴァ フィナンシャル ソリューションズ","finance","金融・保険業","栃木県","あおば市","2022","127","中小企業","2540","決済・資産管理","https://example.invalid/finance/021","問い合わせと顧客対応を効率化したい","問い合わせ情報が複数部署に分散しており、対応状況を一元管理できる仕組みを探しています。","人員採用の拡大","問い合わせと顧客対応を効率化したい","問い合わせ情報が複数部署に分散しており、対応状況を一元管理できる仕組みを探しています。","営業・顧客管理","低","true","業務企画部","責任者","97","false","未対応","2026-08-30","true","本データはデモ用途の架空企業です。実在の企業・団体とは関係ありません。"
"FC-00922","株式会社ノヴァフィナンシャルパートナーズ","株式会社 ノヴァ フィナンシャル パートナーズ","finance","金融・保険業","富山県","若葉市","1965","814","中堅企業","17094","法人向け金融サービス","https://example.invalid/finance/022","採用後の教育と定着を改善したい","人員拡大に対して教育担当者が不足しており、研修の標準化と定着支援を相談したいです。","既存施設の改修","採用後の教育と定着を改善したい","人員拡大に対して教育担当者が不足しており、研修の標準化と定着支援を相談したいです。","人材・労務","中","true","業務企画部","企画担当","69","false","情報収集中","2026-08-30","true","本データはデモ用途の架空企業です。実在の企業・団体とは関係ありません。"
"FC-00923","合同会社ノヴァフィナンシャルワークス","合同会社 ノヴァ フィナンシャル ワークス","finance","金融・保険業","愛知県","豊栄市","1976","3151","大企業","69322","保険・リスク管理支援","https://example.invalid/finance/023","新サービスの販売パートナーを探したい","新サービスの提供地域を広げるため、共同提案や販売連携が可能な企業を探しています。","事業エリアの拡大","新サービスの販売パートナーを探したい","新サービスの提供地域を広げるため、共同提案や販売連携が可能な企業を探しています。","事業開発","高","true","業務企画部","部長","86","false","アプローチ準備中","2026-08-30","true","本データはデモ用途の架空企業です。実在の企業・団体とは関係ありません。"
"FC-00924","株式会社ノヴァフィナンシャルグループ","株式会社 ノヴァ フィナンシャル グループ","finance","金融・保険業","和歌山県","清流市","1987","38","小規模","874","決済・資産管理","https://example.invalid/finance/024","現場の安全管理と品質記録を強化したい","点検記録と事故予防の仕組みを見直しており、導入負担の小さい安全管理提案を受け付けています。","DX推進組織の新設","現場の安全管理と品質記録を強化したい","点検記録と事故予防の仕組みを見直しており、導入負担の小さい安全管理提案を受け付けています。","安全・品質","低","true","業務企画部","課長","58","false","未対応","2026-08-30","true","本データはデモ用途の架空企業です。実在の企業・団体とは関係ありません。"
"FC-00925","合同会社ノヴァフィナンシャルコーポレーション","合同会社 ノヴァ フィナンシャル コーポレーション","finance","金融・保険業","香川県","旭市","1998","275","中小企業","6600","法人向け金融サービス","https://example.invalid/finance/025","手作業と紙中心の業務をデジタル化したい","部門間の情報共有が手作業になっているため、現場へ定着しやすい業務システムの提案を募集しています。","安全管理方針の強化","手作業と紙中心の業務をデジタル化したい","部門間の情報共有が手作業になっているため、現場へ定着しやすい業務システムの提案を募集しています。","DX・IT","中","true","業務企画部","責任者","75","false","情報収集中","2026-08-30","true","本データはデモ用途の架空企業です。実在の企業・団体とは関係ありません。"
"FC-00926","株式会社ユニゾンフィナンシャルソリューションズ","株式会社 ユニゾン フィナンシャル ソリューションズ","finance","金融・保険業","大分県","みなと市","2009","962","中堅企業","24050","保険・リスク管理支援","https://example.invalid/finance/026","在庫差異と配送負担を減らしたい","在庫状況の把握に時間がかかっており、入出庫と配送計画を改善する提案を募集しています。","業務提携の締結","在庫差異と配送負担を減らしたい","在庫状況の把握に時間がかかっており、入出庫と配送計画を改善する提案を募集しています。","物流・在庫","高","true","業務企画部","企画担当","92","false","アプローチ準備中","2026-08-30","true","本データはデモ用途の架空企業です。実在の企業・団体とは関係ありません。"
"FC-00927","合同会社ユニゾンフィナンシャルパートナーズ","合同会社 ユニゾン フィナンシャル パートナーズ","finance","金融・保険業","宮城県","高台市","2020","3299","大企業","85774","決済・資産管理","https://example.invalid/finance/027","エネルギー・運用費を削減したい","拠点運営費が増加しているため、効果を測定できる省エネ・コスト削減策を求めています。","設備更新予算の増額","エネルギー・運用費を削減したい","拠点運営費が増加しているため、効果を測定できる省エネ・コスト削減策を求めています。","コスト削減","低","true","業務企画部","部長","64","false","未対応","2026-08-30","true","本データはデモ用途の架空企業です。実在の企業・団体とは関係ありません。"
"FC-00928","株式会社ユニゾンフィナンシャルワークス","株式会社 ユニゾン フィナンシャル ワークス","finance","金融・保険業","埼玉県","新生市","1963","34","小規模","918","法人向け金融サービス","https://example.invalid/finance/028","設備の老朽化と保守負担を減らしたい","既存設備の故障と保守工数が増えており、更新計画と運用改善を一緒に提案できる企業を探しています。","省エネ投資の開始","設備の老朽化と保守負担を減らしたい","既存設備の故障と保守工数が増えており、更新計画と運用改善を一緒に提案できる企業を探しています。","設備・施設","中","true","業務企画部","課長","81","false","情報収集中","2026-08-30","true","本データはデモ用途の架空企業です。実在の企業・団体とは関係ありません。"
"FC-00929","合同会社ユニゾンフィナンシャルグループ","合同会社 ユニゾン フィナンシャル グループ","finance","金融・保険業","福井県","平和市","1974","173","中小企業","4844","保険・リスク管理支援","https://example.invalid/finance/029","問い合わせと顧客対応を効率化したい","問い合わせ情報が複数部署に分散しており、対応状況を一元管理できる仕組みを探しています。","新サービスの発表","問い合わせと顧客対応を効率化したい","問い合わせ情報が複数部署に分散しており、対応状況を一元管理できる仕組みを探しています。","営業・顧客管理","高","true","業務企画部","責任者","98","false","アプローチ準備中","2026-08-30","true","本データはデモ用途の架空企業です。実在の企業・団体とは関係ありません。"
"FC-00930","株式会社ユニゾンフィナンシャルコーポレーション","株式会社 ユニゾン フィナンシャル コーポレーション","finance","金融・保険業","滋賀県","希望市","1985","410","中堅企業","11890","決済・資産管理","https://example.invalid/finance/030","採用後の教育と定着を改善したい","人員拡大に対して教育担当者が不足しており、研修の標準化と定着支援を相談したいです。","新拠点の開設計画","採用後の教育と定着を改善したい","人員拡大に対して教育担当者が不足しており、研修の標準化と定着支援を相談したいです。","人材・労務","低","true","業務企画部","企画担当","70","false","未対応","2026-08-30","true","本データはデモ用途の架空企業です。実在の企業・団体とは関係ありません。"
"FC-00931","合同会社ヴェリタスフィナンシャルソリューションズ","合同会社 ヴェリタス フィナンシャル ソリューションズ","finance","金融・保険業","島根県","文化市","1996","3447","大企業","37917","法人向け金融サービス","https://example.invalid/finance/031","新サービスの販売パートナーを探したい","新サービスの提供地域を広げるため、共同提案や販売連携が可能な企業を探しています。","人員採用の拡大","新サービスの販売パートナーを探したい","新サービスの提供地域を広げるため、共同提案や販売連携が可能な企業を探しています。","事業開発","中","true","業務企画部","部長","87","false","情報収集中","2026-08-30","true","本データはデモ用途の架空企業です。実在の企業・団体とは関係ありません。"
"FC-00932","株式会社ヴェリタスフィナンシャルパートナーズ","株式会社 ヴェリタス フィナンシャル パートナーズ","finance","金融・保険業","高知県","産業市","2007","30","小規模","360","保険・リスク管理支援","https://example.invalid/finance/032","現場の安全管理と品質記録を強化したい","点検記録と事故予防の仕組みを見直しており、導入負担の小さい安全管理提案を受け付けています。","既存施設の改修","現場の安全管理と品質記録を強化したい","点検記録と事故予防の仕組みを見直しており、導入負担の小さい安全管理提案を受け付けています。","安全・品質","高","true","業務企画部","課長","59","false","アプローチ準備中","2026-08-30","true","本データはデモ用途の架空企業です。実在の企業・団体とは関係ありません。"
"FC-00933","合同会社ヴェリタスフィナンシャルワークス","合同会社 ヴェリタス フィナンシャル ワークス","finance","金融・保険業","鹿児島県","学園市","2018","71","中小企業","923","決済・資産管理","https://example.invalid/finance/033","手作業と紙中心の業務をデジタル化したい","部門間の情報共有が手作業になっているため、現場へ定着しやすい業務システムの提案を募集しています。","事業エリアの拡大","手作業と紙中心の業務をデジタル化したい","部門間の情報共有が手作業になっているため、現場へ定着しやすい業務システムの提案を募集しています。","DX・IT","低","true","業務企画部","責任者","76","false","未対応","2026-08-30","true","本データはデモ用途の架空企業です。実在の企業・団体とは関係ありません。"
"FC-00934","株式会社ヴェリタスフィナンシャルグループ","株式会社 ヴェリタス フィナンシャル グループ","finance","金融・保険業","山形県","泉市","1961","558","中堅企業","7812","法人向け金融サービス","https://example.invalid/finance/034","在庫差異と配送負担を減らしたい","在庫状況の把握に時間がかかっており、入出庫と配送計画を改善する提案を募集しています。","DX推進組織の新設","在庫差異と配送負担を減らしたい","在庫状況の把握に時間がかかっており、入出庫と配送計画を改善する提案を募集しています。","物流・在庫","中","true","業務企画部","企画担当","93","false","情報収集中","2026-08-30","true","本データはデモ用途の架空企業です。実在の企業・団体とは関係ありません。"
"FC-00935","合同会社ヴェリタスフィナンシャルコーポレーション","合同会社 ヴェリタス フィナンシャル コーポレーション","finance","金融・保険業","東京都","丘陵市","1972","3595","大企業","53925","保険・リスク管理支援","https://example.invalid/finance/035","エネルギー・運用費を削減したい","拠点運営費が増加しているため、効果を測定できる省エネ・コスト削減策を求めています。","安全管理方針の強化","エネルギー・運用費を削減したい","拠点運営費が増加しているため、効果を測定できる省エネ・コスト削減策を求めています。","コスト削減","高","true","業務企画部","部長","65","true","アプローチ準備中","2026-08-30","true","本データはデモ用途の架空企業です。実在の企業・団体とは関係ありません。"
"FC-00936","株式会社セントラルフィナンシャルソリューションズ","株式会社 セントラル フィナンシャル ソリューションズ","finance","金融・保険業","長野県","未来市","1983","26","小規模","416","決済・資産管理","https://example.invalid/finance/036","設備の老朽化と保守負担を減らしたい","既存設備の故障と保守工数が増えており、更新計画と運用改善を一緒に提案できる企業を探しています。","業務提携の締結","設備の老朽化と保守負担を減らしたい","既存設備の故障と保守工数が増えており、更新計画と運用改善を一緒に提案できる企業を探しています。","設備・施設","低","true","業務企画部","課長","82","false","未対応","2026-08-30","true","本データはデモ用途の架空企業です。実在の企業・団体とは関係ありません。"
"FC-00937","合同会社セントラルフィナンシャルパートナーズ","合同会社 セントラル フィナンシャル パートナーズ","finance","金融・保険業","大阪府","中央市","1994","219","中小企業","3723","法人向け金融サービス","https://example.invalid/finance/037","問い合わせと顧客対応を効率化したい","問い合わせ情報が複数部署に分散しており、対応状況を一元管理できる仕組みを探しています。","設備更新予算の増額","問い合わせと顧客対応を効率化したい","問い合わせ情報が複数部署に分散しており、対応状況を一元管理できる仕組みを探しています。","営業・顧客管理","中","true","業務企画部","責任者","99","false","情報収集中","2026-08-30","true","本データはデモ用途の架空企業です。実在の企業・団体とは関係ありません。"
"FC-00938","株式会社セントラルフィナンシャルワークス","株式会社 セントラル フィナンシャル ワークス","finance","金融・保険業","広島県","緑市","2005","706","中堅企業","12708","保険・リスク管理支援","https://example.invalid/finance/038","採用後の教育と定着を改善したい","人員拡大に対して教育担当者が不足しており、研修の標準化と定着支援を相談したいです。","省エネ投資の開始","採用後の教育と定着を改善したい","人員拡大に対して教育担当者が不足しており、研修の標準化と定着支援を相談したいです。","人材・労務","高","true","業務企画部","企画担当","71","false","アプローチ準備中","2026-08-30","true","本データはデモ用途の架空企業です。実在の企業・団体とは関係ありません。"
"FC-00939","合同会社セントラルフィナンシャルグループ","合同会社 セントラル フィナンシャル グループ","finance","金融・保険業","佐賀県","さくら市","2016","3743","大企業","71117","決済・資産管理","https://example.invalid/finance/039","新サービスの販売パートナーを探したい","新サービスの提供地域を広げるため、共同提案や販売連携が可能な企業を探しています。","新サービスの発表","新サービスの販売パートナーを探したい","新サービスの提供地域を広げるため、共同提案や販売連携が可能な企業を探しています。","事業開発","低","true","業務企画部","部長","88","false","未対応","2026-08-30","true","本データはデモ用途の架空企業です。実在の企業・団体とは関係ありません。"
"FC-00940","株式会社セントラルフィナンシャルコーポレーション","株式会社 セントラル フィナンシャル コーポレーション","finance","金融・保険業","北海道","ひかり市","1959","22","小規模","440","法人向け金融サービス","https://example.invalid/finance/040","現場の安全管理と品質記録を強化したい","点検記録と事故予防の仕組みを見直しており、導入負担の小さい安全管理提案を受け付けています。","新拠点の開設計画","現場の安全管理と品質記録を強化したい","点検記録と事故予防の仕組みを見直しており、導入負担の小さい安全管理提案を受け付けています。","安全・品質","中","true","業務企画部","課長","60","false","情報収集中","2026-08-30","true","本データはデモ用途の架空企業です。実在の企業・団体とは関係ありません。"
"FC-00941","合同会社エレメントフィナンシャルソリューションズ","合同会社 エレメント フィナンシャル ソリューションズ","finance","金融・保険業","茨城県","あおば市","1970","117","中小企業","2457","保険・リスク管理支援","https://example.invalid/finance/041","手作業と紙中心の業務をデジタル化したい","部門間の情報共有が手作業になっているため、現場へ定着しやすい業務システムの提案を募集しています。","人員採用の拡大","手作業と紙中心の業務をデジタル化したい","部門間の情報共有が手作業になっているため、現場へ定着しやすい業務システムの提案を募集しています。","DX・IT","高","true","業務企画部","責任者","77","false","アプローチ準備中","2026-08-30","true","本データはデモ用途の架空企業です。実在の企業・団体とは関係ありません。"
"FC-00942","株式会社エレメントフィナンシャルパートナーズ","株式会社 エレメント フィナンシャル パートナーズ","finance","金融・保険業","新潟県","若葉市","1981","854","中堅企業","18788","決済・資産管理","https://example.invalid/finance/042","在庫差異と配送負担を減らしたい","在庫状況の把握に時間がかかっており、入出庫と配送計画を改善する提案を募集しています。","既存施設の改修","在庫差異と配送負担を減らしたい","在庫状況の把握に時間がかかっており、入出庫と配送計画を改善する提案を募集しています。","物流・在庫","低","true","業務企画部","企画担当","94","false","未対応","2026-08-30","true","本データはデモ用途の架空企業です。実在の企業・団体とは関係ありません。"
"FC-00943","合同会社エレメントフィナンシャルワークス","合同会社 エレメント フィナンシャル ワークス","finance","金融・保険業","静岡県","豊栄市","1992","3891","大企業","89493","法人向け金融サービス","https://example.invalid/finance/043","エネルギー・運用費を削減したい","拠点運営費が増加しているため、効果を測定できる省エネ・コスト削減策を求めています。","事業エリアの拡大","エネルギー・運用費を削減したい","拠点運営費が増加しているため、効果を測定できる省エネ・コスト削減策を求めています。","コスト削減","中","true","業務企画部","部長","66","false","情報収集中","2026-08-30","true","本データはデモ用途の架空企業です。実在の企業・団体とは関係ありません。"
"FC-00944","株式会社エレメントフィナンシャルグループ","株式会社 エレメント フィナンシャル グループ","finance","金融・保険業","奈良県","清流市","2003","18","小規模","432","保険・リスク管理支援","https://example.invalid/finance/044","設備の老朽化と保守負担を減らしたい","既存設備の故障と保守工数が増えており、更新計画と運用改善を一緒に提案できる企業を探しています。","DX推進組織の新設","設備の老朽化と保守負担を減らしたい","既存設備の故障と保守工数が増えており、更新計画と運用改善を一緒に提案できる企業を探しています。","設備・施設","高","true","業務企画部","課長","83","false","アプローチ準備中","2026-08-30","true","本データはデモ用途の架空企業です。実在の企業・団体とは関係ありません。"
"FC-00945","合同会社エレメントフィナンシャルコーポレーション","合同会社 エレメント フィナンシャル コーポレーション","finance","金融・保険業","徳島県","旭市","2014","265","中小企業","6625","決済・資産管理","https://example.invalid/finance/045","問い合わせと顧客対応を効率化したい","問い合わせ情報が複数部署に分散しており、対応状況を一元管理できる仕組みを探しています。","安全管理方針の強化","問い合わせと顧客対応を効率化したい","問い合わせ情報が複数部署に分散しており、対応状況を一元管理できる仕組みを探しています。","営業・顧客管理","低","true","業務企画部","責任者","55","false","未対応","2026-08-30","true","本データはデモ用途の架空企業です。実在の企業・団体とは関係ありません。"
"FC-00946","株式会社クレストフィナンシャルソリューションズ","株式会社 クレスト フィナンシャル ソリューションズ","finance","金融・保険業","熊本県","みなと市","1957","302","中堅企業","7852","法人向け金融サービス","https://example.invalid/finance/046","採用後の教育と定着を改善したい","人員拡大に対して教育担当者が不足しており、研修の標準化と定着支援を相談したいです。","業務提携の締結","採用後の教育と定着を改善したい","人員拡大に対して教育担当者が不足しており、研修の標準化と定着支援を相談したいです。","人材・労務","中","true","業務企画部","企画担当","72","false","情報収集中","2026-08-30","true","本データはデモ用途の架空企業です。実在の企業・団体とは関係ありません。"
"FC-00947","合同会社クレストフィナンシャルパートナーズ","合同会社 クレスト フィナンシャル パートナーズ","finance","金融・保険業","岩手県","高台市","1968","4039","大企業","109053","保険・リスク管理支援","https://example.invalid/finance/047","新サービスの販売パートナーを探したい","新サービスの提供地域を広げるため、共同提案や販売連携が可能な企業を探しています。","設備更新予算の増額","新サービスの販売パートナーを探したい","新サービスの提供地域を広げるため、共同提案や販売連携が可能な企業を探しています。","事業開発","高","true","業務企画部","部長","89","false","アプローチ準備中","2026-08-30","true","本データはデモ用途の架空企業です。実在の企業・団体とは関係ありません。"
"FC-00948","株式会社クレストフィナンシャルワークス","株式会社 クレスト フィナンシャル ワークス","finance","金融・保険業","群馬県","新生市","1979","14","小規模","392","決済・資産管理","https://example.invalid/finance/048","現場の安全管理と品質記録を強化したい","点検記録と事故予防の仕組みを見直しており、導入負担の小さい安全管理提案を受け付けています。","省エネ投資の開始","現場の安全管理と品質記録を強化したい","点検記録と事故予防の仕組みを見直しており、導入負担の小さい安全管理提案を受け付けています。","安全・品質","低","true","業務企画部","課長","61","false","未対応","2026-08-30","true","本データはデモ用途の架空企業です。実在の企業・団体とは関係ありません。"
"FC-00949","合同会社クレストフィナンシャルグループ","合同会社 クレスト フィナンシャル グループ","finance","金融・保険業","石川県","平和市","1990","163","中小企業","4727","法人向け金融サービス","https://example.invalid/finance/049","手作業と紙中心の業務をデジタル化したい","部門間の情報共有が手作業になっているため、現場へ定着しやすい業務システムの提案を募集しています。","新サービスの発表","手作業と紙中心の業務をデジタル化したい","部門間の情報共有が手作業になっているため、現場へ定着しやすい業務システムの提案を募集しています。","DX・IT","中","true","業務企画部","責任者","78","false","情報収集中","2026-08-30","true","本データはデモ用途の架空企業です。実在の企業・団体とは関係ありません。"
"FC-00950","株式会社クレストフィナンシャルコーポレーション","株式会社 クレスト フィナンシャル コーポレーション","finance","金融・保険業","三重県","希望市","2001","450","中堅企業","4950","保険・リスク管理支援","https://example.invalid/finance/050","在庫差異と配送負担を減らしたい","在庫状況の把握に時間がかかっており、入出庫と配送計画を改善する提案を募集しています。","新拠点の開設計画","在庫差異と配送負担を減らしたい","在庫状況の把握に時間がかかっており、入出庫と配送計画を改善する提案を募集しています。","物流・在庫","高","true","業務企画部","企画担当","95","false","アプローチ準備中","2026-08-30","true","本データはデモ用途の架空企業です。実在の企業・団体とは関係ありません。"
"FC-00951","合同会社シナジーフィナンシャルソリューションズ","合同会社 シナジー フィナンシャル ソリューションズ","finance","金融・保険業","鳥取県","文化市","2012","4187","大企業","50244","決済・資産管理","https://example.invalid/finance/051","エネルギー・運用費を削減したい","拠点運営費が増加しているため、効果を測定できる省エネ・コスト削減策を求めています。","人員採用の拡大","エネルギー・運用費を削減したい","拠点運営費が増加しているため、効果を測定できる省エネ・コスト削減策を求めています。","コスト削減","低","true","業務企画部","部長","67","false","未対応","2026-08-30","true","本データはデモ用途の架空企業です。実在の企業・団体とは関係ありません。"
"FC-00952","株式会社シナジーフィナンシャルパートナーズ","株式会社 シナジー フィナンシャル パートナーズ","finance","金融・保険業","愛媛県","産業市","1955","48","小規模","624","法人向け金融サービス","https://example.invalid/finance/052","設備の老朽化と保守負担を減らしたい","既存設備の故障と保守工数が増えており、更新計画と運用改善を一緒に提案できる企業を探しています。","既存施設の改修","設備の老朽化と保守負担を減らしたい","既存設備の故障と保守工数が増えており、更新計画と運用改善を一緒に提案できる企業を探しています。","設備・施設","中","true","業務企画部","課長","84","true","情報収集中","2026-08-30","true","本データはデモ用途の架空企業です。実在の企業・団体とは関係ありません。"
"FC-00953","合同会社シナジーフィナンシャルワークス","合同会社 シナジー フィナンシャル ワークス","finance","金融・保険業","宮崎県","学園市","1966","61","中小企業","854","保険・リスク管理支援","https://example.invalid/finance/053","問い合わせと顧客対応を効率化したい","問い合わせ情報が複数部署に分散しており、対応状況を一元管理できる仕組みを探しています。","事業エリアの拡大","問い合わせと顧客対応を効率化したい","問い合わせ情報が複数部署に分散しており、対応状況を一元管理できる仕組みを探しています。","営業・顧客管理","高","true","業務企画部","責任者","56","false","アプローチ準備中","2026-08-30","true","本データはデモ用途の架空企業です。実在の企業・団体とは関係ありません。"
"FC-00954","株式会社シナジーフィナンシャルグループ","株式会社 シナジー フィナンシャル グループ","finance","金融・保険業","秋田県","泉市","1977","598","中堅企業","8970","決済・資産管理","https://example.invalid/finance/054","採用後の教育と定着を改善したい","人員拡大に対して教育担当者が不足しており、研修の標準化と定着支援を相談したいです。","DX推進組織の新設","採用後の教育と定着を改善したい","人員拡大に対して教育担当者が不足しており、研修の標準化と定着支援を相談したいです。","人材・労務","低","true","業務企画部","企画担当","73","false","未対応","2026-08-30","true","本データはデモ用途の架空企業です。実在の企業・団体とは関係ありません。"
"FC-00955","合同会社シナジーフィナンシャルコーポレーション","合同会社 シナジー フィナンシャル コーポレーション","finance","金融・保険業","千葉県","丘陵市","1988","4335","大企業","69360","法人向け金融サービス","https://example.invalid/finance/055","新サービスの販売パートナーを探したい","新サービスの提供地域を広げるため、共同提案や販売連携が可能な企業を探しています。","安全管理方針の強化","新サービスの販売パートナーを探したい","新サービスの提供地域を広げるため、共同提案や販売連携が可能な企業を探しています。","事業開発","中","true","業務企画部","部長","90","false","情報収集中","2026-08-30","true","本データはデモ用途の架空企業です。実在の企業・団体とは関係ありません。"
"FC-00956","株式会社アクセルフィナンシャルソリューションズ","株式会社 アクセル フィナンシャル ソリューションズ","finance","金融・保険業","山梨県","未来市","1999","44","小規模","748","保険・リスク管理支援","https://example.invalid/finance/056","現場の安全管理と品質記録を強化したい","点検記録と事故予防の仕組みを見直しており、導入負担の小さい安全管理提案を受け付けています。","業務提携の締結","現場の安全管理と品質記録を強化したい","点検記録と事故予防の仕組みを見直しており、導入負担の小さい安全管理提案を受け付けています。","安全・品質","高","true","業務企画部","課長","62","false","アプローチ準備中","2026-08-30","true","本データはデモ用途の架空企業です。実在の企業・団体とは関係ありません。"
"FC-00957","合同会社アクセルフィナンシャルパートナーズ","合同会社 アクセル フィナンシャル パートナーズ","finance","金融・保険業","京都府","中央市","2010","209","中小企業","3762","決済・資産管理","https://example.invalid/finance/057","手作業と紙中心の業務をデジタル化したい","部門間の情報共有が手作業になっているため、現場へ定着しやすい業務システムの提案を募集しています。","設備更新予算の増額","手作業と紙中心の業務をデジタル化したい","部門間の情報共有が手作業になっているため、現場へ定着しやすい業務システムの提案を募集しています。","DX・IT","低","true","業務企画部","責任者","79","false","未対応","2026-08-30","true","本データはデモ用途の架空企業です。実在の企業・団体とは関係ありません。"
"FC-00958","株式会社アクセルフィナンシャルワークス","株式会社 アクセル フィナンシャル ワークス","finance","金融・保険業","岡山県","緑市","2021","746","中堅企業","14174","法人向け金融サービス","https://example.invalid/finance/058","在庫差異と配送負担を減らしたい","在庫状況の把握に時間がかかっており、入出庫と配送計画を改善する提案を募集しています。","省エネ投資の開始","在庫差異と配送負担を減らしたい","在庫状況の把握に時間がかかっており、入出庫と配送計画を改善する提案を募集しています。","物流・在庫","中","true","業務企画部","企画担当","96","false","情報収集中","2026-08-30","true","本データはデモ用途の架空企業です。実在の企業・団体とは関係ありません。"
"FC-00959","合同会社アクセルフィナンシャルグループ","合同会社 アクセル フィナンシャル グループ","finance","金融・保険業","福岡県","さくら市","1964","4483","大企業","89660","保険・リスク管理支援","https://example.invalid/finance/059","エネルギー・運用費を削減したい","拠点運営費が増加しているため、効果を測定できる省エネ・コスト削減策を求めています。","新サービスの発表","エネルギー・運用費を削減したい","拠点運営費が増加しているため、効果を測定できる省エネ・コスト削減策を求めています。","コスト削減","高","true","業務企画部","部長","68","false","アプローチ準備中","2026-08-30","true","本データはデモ用途の架空企業です。実在の企業・団体とは関係ありません。"
"FC-00960","株式会社アクセルフィナンシャルコーポレーション","株式会社 アクセル フィナンシャル コーポレーション","finance","金融・保険業","沖縄県","ひかり市","1975","40","小規模","840","決済・資産管理","https://example.invalid/finance/060","設備の老朽化と保守負担を減らしたい","既存設備の故障と保守工数が増えており、更新計画と運用改善を一緒に提案できる企業を探しています。","新拠点の開設計画","設備の老朽化と保守負担を減らしたい","既存設備の故障と保守工数が増えており、更新計画と運用改善を一緒に提案できる企業を探しています。","設備・施設","低","true","業務企画部","課長","85","false","未対応","2026-08-30","true","本データはデモ用途の架空企業です。実在の企業・団体とは関係ありません。"
"FC-00961","合同会社リードフィナンシャルソリューションズ","合同会社 リード フィナンシャル ソリューションズ","finance","金融・保険業","福島県","あおば市","1986","107","中小企業","2354","法人向け金融サービス","https://example.invalid/finance/061","問い合わせと顧客対応を効率化したい","問い合わせ情報が複数部署に分散しており、対応状況を一元管理できる仕組みを探しています。","人員採用の拡大","問い合わせと顧客対応を効率化したい","問い合わせ情報が複数部署に分散しており、対応状況を一元管理できる仕組みを探しています。","営業・顧客管理","中","true","業務企画部","責任者","57","false","情報収集中","2026-08-30","true","本データはデモ用途の架空企業です。実在の企業・団体とは関係ありません。"
"FC-00962","株式会社リードフィナンシャルパートナーズ","株式会社 リード フィナンシャル パートナーズ","finance","金融・保険業","神奈川県","若葉市","1997","894","中堅企業","20562","保険・リスク管理支援","https://example.invalid/finance/062","採用後の教育と定着を改善したい","人員拡大に対して教育担当者が不足しており、研修の標準化と定着支援を相談したいです。","既存施設の改修","採用後の教育と定着を改善したい","人員拡大に対して教育担当者が不足しており、研修の標準化と定着支援を相談したいです。","人材・労務","高","true","業務企画部","企画担当","74","false","アプローチ準備中","2026-08-30","true","本データはデモ用途の架空企業です。実在の企業・団体とは関係ありません。"
"FC-00963","合同会社リードフィナンシャルワークス","合同会社 リード フィナンシャル ワークス","finance","金融・保険業","岐阜県","豊栄市","2008","4631","大企業","111144","決済・資産管理","https://example.invalid/finance/063","新サービスの販売パートナーを探したい","新サービスの提供地域を広げるため、共同提案や販売連携が可能な企業を探しています。","事業エリアの拡大","新サービスの販売パートナーを探したい","新サービスの提供地域を広げるため、共同提案や販売連携が可能な企業を探しています。","事業開発","低","true","業務企画部","部長","91","false","未対応","2026-08-30","true","本データはデモ用途の架空企業です。実在の企業・団体とは関係ありません。"
"FC-00964","株式会社リードフィナンシャルグループ","株式会社 リード フィナンシャル グループ","finance","金融・保険業","兵庫県","清流市","2019","36","小規模","900","法人向け金融サービス","https://example.invalid/finance/064","現場の安全管理と品質記録を強化したい","点検記録と事故予防の仕組みを見直しており、導入負担の小さい安全管理提案を受け付けています。","DX推進組織の新設","現場の安全管理と品質記録を強化したい","点検記録と事故予防の仕組みを見直しており、導入負担の小さい安全管理提案を受け付けています。","安全・品質","中","true","業務企画部","課長","63","false","情報収集中","2026-08-30","true","本データはデモ用途の架空企業です。実在の企業・団体とは関係ありません。"
"FC-00965","合同会社リードフィナンシャルコーポレーション","合同会社 リード フィナンシャル コーポレーション","finance","金融・保険業","山口県","旭市","1962","255","中小企業","6630","保険・リスク管理支援","https://example.invalid/finance/065","手作業と紙中心の業務をデジタル化したい","部門間の情報共有が手作業になっているため、現場へ定着しやすい業務システムの提案を募集しています。","安全管理方針の強化","手作業と紙中心の業務をデジタル化したい","部門間の情報共有が手作業になっているため、現場へ定着しやすい業務システムの提案を募集しています。","DX・IT","高","true","業務企画部","責任者","80","false","アプローチ準備中","2026-08-30","true","本データはデモ用途の架空企業です。実在の企業・団体とは関係ありません。"
"FC-00966","株式会社ハーモニーフィナンシャルソリューションズ","株式会社 ハーモニー フィナンシャル ソリューションズ","finance","金融・保険業","長崎県","みなと市","1973","342","中堅企業","9234","決済・資産管理","https://example.invalid/finance/066","在庫差異と配送負担を減らしたい","在庫状況の把握に時間がかかっており、入出庫と配送計画を改善する提案を募集しています。","業務提携の締結","在庫差異と配送負担を減らしたい","在庫状況の把握に時間がかかっており、入出庫と配送計画を改善する提案を募集しています。","物流・在庫","低","true","業務企画部","企画担当","97","false","未対応","2026-08-30","true","本データはデモ用途の架空企業です。実在の企業・団体とは関係ありません。"
"FC-00967","合同会社ハーモニーフィナンシャルパートナーズ","合同会社 ハーモニー フィナンシャル パートナーズ","finance","金融・保険業","青森県","高台市","1984","4779","大企業","133812","法人向け金融サービス","https://example.invalid/finance/067","エネルギー・運用費を削減したい","拠点運営費が増加しているため、効果を測定できる省エネ・コスト削減策を求めています。","設備更新予算の増額","エネルギー・運用費を削減したい","拠点運営費が増加しているため、効果を測定できる省エネ・コスト削減策を求めています。","コスト削減","中","true","業務企画部","部長","69","false","情報収集中","2026-08-30","true","本データはデモ用途の架空企業です。実在の企業・団体とは関係ありません。"
"FC-00968","株式会社ハーモニーフィナンシャルワークス","株式会社 ハーモニー フィナンシャル ワークス","finance","金融・保険業","栃木県","新生市","1995","32","小規模","928","保険・リスク管理支援","https://example.invalid/finance/068","設備の老朽化と保守負担を減らしたい","既存設備の故障と保守工数が増えており、更新計画と運用改善を一緒に提案できる企業を探しています。","省エネ投資の開始","設備の老朽化と保守負担を減らしたい","既存設備の故障と保守工数が増えており、更新計画と運用改善を一緒に提案できる企業を探しています。","設備・施設","高","true","業務企画部","課長","86","false","アプローチ準備中","2026-08-30","true","本データはデモ用途の架空企業です。実在の企業・団体とは関係ありません。"
"FC-00969","合同会社ハーモニーフィナンシャルグループ","合同会社 ハーモニー フィナンシャル グループ","finance","金融・保険業","富山県","平和市","2006","153","中小企業","1683","決済・資産管理","https://example.invalid/finance/069","問い合わせと顧客対応を効率化したい","問い合わせ情報が複数部署に分散しており、対応状況を一元管理できる仕組みを探しています。","新サービスの発表","問い合わせと顧客対応を効率化したい","問い合わせ情報が複数部署に分散しており、対応状況を一元管理できる仕組みを探しています。","営業・顧客管理","低","true","業務企画部","責任者","58","true","未対応","2026-08-30","true","本データはデモ用途の架空企業です。実在の企業・団体とは関係ありません。"
"FC-00970","株式会社ハーモニーフィナンシャルコーポレーション","株式会社 ハーモニー フィナンシャル コーポレーション","finance","金融・保険業","愛知県","希望市","2017","490","中堅企業","5880","法人向け金融サービス","https://example.invalid/finance/070","採用後の教育と定着を改善したい","人員拡大に対して教育担当者が不足しており、研修の標準化と定着支援を相談したいです。","新拠点の開設計画","採用後の教育と定着を改善したい","人員拡大に対して教育担当者が不足しており、研修の標準化と定着支援を相談したいです。","人材・労務","中","true","業務企画部","企画担当","75","false","情報収集中","2026-08-30","true","本データはデモ用途の架空企業です。実在の企業・団体とは関係ありません。"
"FC-00971","合同会社ブリッジフィナンシャルソリューションズ","合同会社 ブリッジ フィナンシャル ソリューションズ","finance","金融・保険業","和歌山県","文化市","1960","4927","大企業","64051","保険・リスク管理支援","https://example.invalid/finance/071","新サービスの販売パートナーを探したい","新サービスの提供地域を広げるため、共同提案や販売連携が可能な企業を探しています。","人員採用の拡大","新サービスの販売パートナーを探したい","新サービスの提供地域を広げるため、共同提案や販売連携が可能な企業を探しています。","事業開発","高","true","業務企画部","部長","92","false","アプローチ準備中","2026-08-30","true","本データはデモ用途の架空企業です。実在の企業・団体とは関係ありません。"
"FC-00972","株式会社ブリッジフィナンシャルパートナーズ","株式会社 ブリッジ フィナンシャル パートナーズ","finance","金融・保険業","香川県","産業市","1971","28","小規模","392","決済・資産管理","https://example.invalid/finance/072","現場の安全管理と品質記録を強化したい","点検記録と事故予防の仕組みを見直しており、導入負担の小さい安全管理提案を受け付けています。","既存施設の改修","現場の安全管理と品質記録を強化したい","点検記録と事故予防の仕組みを見直しており、導入負担の小さい安全管理提案を受け付けています。","安全・品質","低","true","業務企画部","課長","64","false","未対応","2026-08-30","true","本データはデモ用途の架空企業です。実在の企業・団体とは関係ありません。"
"FC-00973","合同会社ブリッジフィナンシャルワークス","合同会社 ブリッジ フィナンシャル ワークス","finance","金融・保険業","大分県","学園市","1982","51","中小企業","765","法人向け金融サービス","https://example.invalid/finance/073","手作業と紙中心の業務をデジタル化したい","部門間の情報共有が手作業になっているため、現場へ定着しやすい業務システムの提案を募集しています。","事業エリアの拡大","手作業と紙中心の業務をデジタル化したい","部門間の情報共有が手作業になっているため、現場へ定着しやすい業務システムの提案を募集しています。","DX・IT","中","true","業務企画部","責任者","81","false","情報収集中","2026-08-30","true","本データはデモ用途の架空企業です。実在の企業・団体とは関係ありません。"
"FC-00974","株式会社ブリッジフィナンシャルグループ","株式会社 ブリッジ フィナンシャル グループ","finance","金融・保険業","宮城県","泉市","1993","638","中堅企業","10208","保険・リスク管理支援","https://example.invalid/finance/074","在庫差異と配送負担を減らしたい","在庫状況の把握に時間がかかっており、入出庫と配送計画を改善する提案を募集しています。","DX推進組織の新設","在庫差異と配送負担を減らしたい","在庫状況の把握に時間がかかっており、入出庫と配送計画を改善する提案を募集しています。","物流・在庫","高","true","業務企画部","企画担当","98","false","アプローチ準備中","2026-08-30","true","本データはデモ用途の架空企業です。実在の企業・団体とは関係ありません。"
"FC-00975","合同会社ブリッジフィナンシャルコーポレーション","合同会社 ブリッジ フィナンシャル コーポレーション","finance","金融・保険業","埼玉県","丘陵市","2004","1075","大企業","18275","決済・資産管理","https://example.invalid/finance/075","エネルギー・運用費を削減したい","拠点運営費が増加しているため、効果を測定できる省エネ・コスト削減策を求めています。","安全管理方針の強化","エネルギー・運用費を削減したい","拠点運営費が増加しているため、効果を測定できる省エネ・コスト削減策を求めています。","コスト削減","低","true","業務企画部","部長","70","false","未対応","2026-08-30","true","本データはデモ用途の架空企業です。実在の企業・団体とは関係ありません。"
"FC-00976","株式会社フォーカスフィナンシャルソリューションズ","株式会社 フォーカス フィナンシャル ソリューションズ","finance","金融・保険業","福井県","未来市","2015","24","小規模","432","法人向け金融サービス","https://example.invalid/finance/076","設備の老朽化と保守負担を減らしたい","既存設備の故障と保守工数が増えており、更新計画と運用改善を一緒に提案できる企業を探しています。","業務提携の締結","設備の老朽化と保守負担を減らしたい","既存設備の故障と保守工数が増えており、更新計画と運用改善を一緒に提案できる企業を探しています。","設備・施設","中","true","業務企画部","課長","87","false","情報収集中","2026-08-30","true","本データはデモ用途の架空企業です。実在の企業・団体とは関係ありません。"
"FC-00977","合同会社フォーカスフィナンシャルパートナーズ","合同会社 フォーカス フィナンシャル パートナーズ","finance","金融・保険業","滋賀県","中央市","1958","199","中小企業","3781","保険・リスク管理支援","https://example.invalid/finance/077","問い合わせと顧客対応を効率化したい","問い合わせ情報が複数部署に分散しており、対応状況を一元管理できる仕組みを探しています。","設備更新予算の増額","問い合わせと顧客対応を効率化したい","問い合わせ情報が複数部署に分散しており、対応状況を一元管理できる仕組みを探しています。","営業・顧客管理","高","true","業務企画部","責任者","59","false","アプローチ準備中","2026-08-30","true","本データはデモ用途の架空企業です。実在の企業・団体とは関係ありません。"
"FC-00978","株式会社フォーカスフィナンシャルワークス","株式会社 フォーカス フィナンシャル ワークス","finance","金融・保険業","島根県","緑市","1969","786","中堅企業","15720","決済・資産管理","https://example.invalid/finance/078","採用後の教育と定着を改善したい","人員拡大に対して教育担当者が不足しており、研修の標準化と定着支援を相談したいです。","省エネ投資の開始","採用後の教育と定着を改善したい","人員拡大に対して教育担当者が不足しており、研修の標準化と定着支援を相談したいです。","人材・労務","低","true","業務企画部","企画担当","76","false","未対応","2026-08-30","true","本データはデモ用途の架空企業です。実在の企業・団体とは関係ありません。"
"FC-00979","合同会社フォーカスフィナンシャルグループ","合同会社 フォーカス フィナンシャル グループ","finance","金融・保険業","高知県","さくら市","1980","1223","大企業","25683","法人向け金融サービス","https://example.invalid/finance/079","新サービスの販売パートナーを探したい","新サービスの提供地域を広げるため、共同提案や販売連携が可能な企業を探しています。","新サービスの発表","新サービスの販売パートナーを探したい","新サービスの提供地域を広げるため、共同提案や販売連携が可能な企業を探しています。","事業開発","中","true","業務企画部","部長","93","false","情報収集中","2026-08-30","true","本データはデモ用途の架空企業です。実在の企業・団体とは関係ありません。"
"FC-00980","株式会社フォーカスフィナンシャルコーポレーション","株式会社 フォーカス フィナンシャル コーポレーション","finance","金融・保険業","鹿児島県","ひかり市","1991","20","小規模","440","保険・リスク管理支援","https://example.invalid/finance/080","現場の安全管理と品質記録を強化したい","点検記録と事故予防の仕組みを見直しており、導入負担の小さい安全管理提案を受け付けています。","新拠点の開設計画","現場の安全管理と品質記録を強化したい","点検記録と事故予防の仕組みを見直しており、導入負担の小さい安全管理提案を受け付けています。","安全・品質","高","true","業務企画部","課長","65","false","アプローチ準備中","2026-08-30","true","本データはデモ用途の架空企業です。実在の企業・団体とは関係ありません。"
"FC-00981","合同会社ビジョンフィナンシャルソリューションズ","合同会社 ビジョン フィナンシャル ソリューションズ","finance","金融・保険業","山形県","あおば市","2002","97","中小企業","2231","決済・資産管理","https://example.invalid/finance/081","手作業と紙中心の業務をデジタル化したい","部門間の情報共有が手作業になっているため、現場へ定着しやすい業務システムの提案を募集しています。","人員採用の拡大","手作業と紙中心の業務をデジタル化したい","部門間の情報共有が手作業になっているため、現場へ定着しやすい業務システムの提案を募集しています。","DX・IT","低","true","業務企画部","責任者","82","false","未対応","2026-08-30","true","本データはデモ用途の架空企業です。実在の企業・団体とは関係ありません。"
"FC-00982","株式会社ビジョンフィナンシャルパートナーズ","株式会社 ビジョン フィナンシャル パートナーズ","finance","金融・保険業","東京都","若葉市","2013","934","中堅企業","22416","法人向け金融サービス","https://example.invalid/finance/082","在庫差異と配送負担を減らしたい","在庫状況の把握に時間がかかっており、入出庫と配送計画を改善する提案を募集しています。","既存施設の改修","在庫差異と配送負担を減らしたい","在庫状況の把握に時間がかかっており、入出庫と配送計画を改善する提案を募集しています。","物流・在庫","中","true","業務企画部","企画担当","99","false","情報収集中","2026-08-30","true","本データはデモ用途の架空企業です。実在の企業・団体とは関係ありません。"
"FC-00983","合同会社ビジョンフィナンシャルワークス","合同会社 ビジョン フィナンシャル ワークス","finance","金融・保険業","長野県","豊栄市","1956","1371","大企業","34275","保険・リスク管理支援","https://example.invalid/finance/083","エネルギー・運用費を削減したい","拠点運営費が増加しているため、効果を測定できる省エネ・コスト削減策を求めています。","事業エリアの拡大","エネルギー・運用費を削減したい","拠点運営費が増加しているため、効果を測定できる省エネ・コスト削減策を求めています。","コスト削減","高","true","業務企画部","部長","71","false","アプローチ準備中","2026-08-30","true","本データはデモ用途の架空企業です。実在の企業・団体とは関係ありません。"
"FC-00984","株式会社ビジョンフィナンシャルグループ","株式会社 ビジョン フィナンシャル グループ","finance","金融・保険業","大阪府","清流市","1967","16","小規模","416","決済・資産管理","https://example.invalid/finance/084","設備の老朽化と保守負担を減らしたい","既存設備の故障と保守工数が増えており、更新計画と運用改善を一緒に提案できる企業を探しています。","DX推進組織の新設","設備の老朽化と保守負担を減らしたい","既存設備の故障と保守工数が増えており、更新計画と運用改善を一緒に提案できる企業を探しています。","設備・施設","低","true","業務企画部","課長","88","false","未対応","2026-08-30","true","本データはデモ用途の架空企業です。実在の企業・団体とは関係ありません。"
"FC-00985","合同会社ビジョンフィナンシャルコーポレーション","合同会社 ビジョン フィナンシャル コーポレーション","finance","金融・保険業","広島県","旭市","1978","245","中小企業","6615","法人向け金融サービス","https://example.invalid/finance/085","問い合わせと顧客対応を効率化したい","問い合わせ情報が複数部署に分散しており、対応状況を一元管理できる仕組みを探しています。","安全管理方針の強化","問い合わせと顧客対応を効率化したい","問い合わせ情報が複数部署に分散しており、対応状況を一元管理できる仕組みを探しています。","営業・顧客管理","中","true","業務企画部","責任者","60","false","情報収集中","2026-08-30","true","本データはデモ用途の架空企業です。実在の企業・団体とは関係ありません。"
"FC-00986","株式会社コアフィナンシャルソリューションズ","株式会社 コア フィナンシャル ソリューションズ","finance","金融・保険業","佐賀県","みなと市","1989","382","中堅企業","10696","保険・リスク管理支援","https://example.invalid/finance/086","採用後の教育と定着を改善したい","人員拡大に対して教育担当者が不足しており、研修の標準化と定着支援を相談したいです。","業務提携の締結","採用後の教育と定着を改善したい","人員拡大に対して教育担当者が不足しており、研修の標準化と定着支援を相談したいです。","人材・労務","高","true","業務企画部","企画担当","77","true","アプローチ準備中","2026-08-30","true","本データはデモ用途の架空企業です。実在の企業・団体とは関係ありません。"
"FC-00987","合同会社コアフィナンシャルパートナーズ","合同会社 コア フィナンシャル パートナーズ","finance","金融・保険業","北海道","高台市","2000","1519","大企業","44051","決済・資産管理","https://example.invalid/finance/087","新サービスの販売パートナーを探したい","新サービスの提供地域を広げるため、共同提案や販売連携が可能な企業を探しています。","設備更新予算の増額","新サービスの販売パートナーを探したい","新サービスの提供地域を広げるため、共同提案や販売連携が可能な企業を探しています。","事業開発","低","true","業務企画部","部長","94","false","未対応","2026-08-30","true","本データはデモ用途の架空企業です。実在の企業・団体とは関係ありません。"
"FC-00988","株式会社コアフィナンシャルワークス","株式会社 コア フィナンシャル ワークス","finance","金融・保険業","茨城県","新生市","2011","12","小規模","132","法人向け金融サービス","https://example.invalid/finance/088","現場の安全管理と品質記録を強化したい","点検記録と事故予防の仕組みを見直しており、導入負担の小さい安全管理提案を受け付けています。","省エネ投資の開始","現場の安全管理と品質記録を強化したい","点検記録と事故予防の仕組みを見直しており、導入負担の小さい安全管理提案を受け付けています。","安全・品質","中","true","業務企画部","課長","66","false","情報収集中","2026-08-30","true","本データはデモ用途の架空企業です。実在の企業・団体とは関係ありません。"
"FC-00989","合同会社コアフィナンシャルグループ","合同会社 コア フィナンシャル グループ","finance","金融・保険業","新潟県","平和市","2022","143","中小企業","1716","保険・リスク管理支援","https://example.invalid/finance/089","手作業と紙中心の業務をデジタル化したい","部門間の情報共有が手作業になっているため、現場へ定着しやすい業務システムの提案を募集しています。","新サービスの発表","手作業と紙中心の業務をデジタル化したい","部門間の情報共有が手作業になっているため、現場へ定着しやすい業務システムの提案を募集しています。","DX・IT","高","true","業務企画部","責任者","83","false","アプローチ準備中","2026-08-30","true","本データはデモ用途の架空企業です。実在の企業・団体とは関係ありません。"
"FC-00990","株式会社コアフィナンシャルコーポレーション","株式会社 コア フィナンシャル コーポレーション","finance","金融・保険業","静岡県","希望市","1965","530","中堅企業","6890","決済・資産管理","https://example.invalid/finance/090","在庫差異と配送負担を減らしたい","在庫状況の把握に時間がかかっており、入出庫と配送計画を改善する提案を募集しています。","新拠点の開設計画","在庫差異と配送負担を減らしたい","在庫状況の把握に時間がかかっており、入出庫と配送計画を改善する提案を募集しています。","物流・在庫","低","true","業務企画部","企画担当","55","false","未対応","2026-08-30","true","本データはデモ用途の架空企業です。実在の企業・団体とは関係ありません。"
"FC-00991","合同会社アドバンスフィナンシャルソリューションズ","合同会社 アドバンス フィナンシャル ソリューションズ","finance","金融・保険業","奈良県","文化市","1976","1667","大企業","23338","法人向け金融サービス","https://example.invalid/finance/091","エネルギー・運用費を削減したい","拠点運営費が増加しているため、効果を測定できる省エネ・コスト削減策を求めています。","人員採用の拡大","エネルギー・運用費を削減したい","拠点運営費が増加しているため、効果を測定できる省エネ・コスト削減策を求めています。","コスト削減","中","true","業務企画部","部長","72","false","情報収集中","2026-08-30","true","本データはデモ用途の架空企業です。実在の企業・団体とは関係ありません。"
"FC-00992","株式会社アドバンスフィナンシャルパートナーズ","株式会社 アドバンス フィナンシャル パートナーズ","finance","金融・保険業","徳島県","産業市","1987","46","小規模","690","保険・リスク管理支援","https://example.invalid/finance/092","設備の老朽化と保守負担を減らしたい","既存設備の故障と保守工数が増えており、更新計画と運用改善を一緒に提案できる企業を探しています。","既存施設の改修","設備の老朽化と保守負担を減らしたい","既存設備の故障と保守工数が増えており、更新計画と運用改善を一緒に提案できる企業を探しています。","設備・施設","高","true","業務企画部","課長","89","false","アプローチ準備中","2026-08-30","true","本データはデモ用途の架空企業です。実在の企業・団体とは関係ありません。"
"FC-00993","合同会社アドバンスフィナンシャルワークス","合同会社 アドバンス フィナンシャル ワークス","finance","金融・保険業","熊本県","学園市","1998","291","中小企業","4656","決済・資産管理","https://example.invalid/finance/093","問い合わせと顧客対応を効率化したい","問い合わせ情報が複数部署に分散しており、対応状況を一元管理できる仕組みを探しています。","事業エリアの拡大","問い合わせと顧客対応を効率化したい","問い合わせ情報が複数部署に分散しており、対応状況を一元管理できる仕組みを探しています。","営業・顧客管理","低","true","業務企画部","責任者","61","false","未対応","2026-08-30","true","本データはデモ用途の架空企業です。実在の企業・団体とは関係ありません。"
"FC-00994","株式会社アドバンスフィナンシャルグループ","株式会社 アドバンス フィナンシャル グループ","finance","金融・保険業","岩手県","泉市","2009","678","中堅企業","11526","法人向け金融サービス","https://example.invalid/finance/094","採用後の教育と定着を改善したい","人員拡大に対して教育担当者が不足しており、研修の標準化と定着支援を相談したいです。","DX推進組織の新設","採用後の教育と定着を改善したい","人員拡大に対して教育担当者が不足しており、研修の標準化と定着支援を相談したいです。","人材・労務","中","true","業務企画部","企画担当","78","false","情報収集中","2026-08-30","true","本データはデモ用途の架空企業です。実在の企業・団体とは関係ありません。"
"FC-00995","合同会社アドバンスフィナンシャルコーポレーション","合同会社 アドバンス フィナンシャル コーポレーション","finance","金融・保険業","群馬県","丘陵市","2020","1815","大企業","32670","保険・リスク管理支援","https://example.invalid/finance/095","新サービスの販売パートナーを探したい","新サービスの提供地域を広げるため、共同提案や販売連携が可能な企業を探しています。","安全管理方針の強化","新サービスの販売パートナーを探したい","新サービスの提供地域を広げるため、共同提案や販売連携が可能な企業を探しています。","事業開発","高","true","業務企画部","部長","95","false","アプローチ準備中","2026-08-30","true","本データはデモ用途の架空企業です。実在の企業・団体とは関係ありません。"
"FC-00996","株式会社インテグラフィナンシャルソリューションズ","株式会社 インテグラ フィナンシャル ソリューションズ","finance","金融・保険業","石川県","未来市","1963","42","小規模","798","決済・資産管理","https://example.invalid/finance/096","現場の安全管理と品質記録を強化したい","点検記録と事故予防の仕組みを見直しており、導入負担の小さい安全管理提案を受け付けています。","業務提携の締結","現場の安全管理と品質記録を強化したい","点検記録と事故予防の仕組みを見直しており、導入負担の小さい安全管理提案を受け付けています。","安全・品質","低","true","業務企画部","課長","67","false","未対応","2026-08-30","true","本データはデモ用途の架空企業です。実在の企業・団体とは関係ありません。"
"FC-00997","合同会社インテグラフィナンシャルパートナーズ","合同会社 インテグラ フィナンシャル パートナーズ","finance","金融・保険業","三重県","中央市","1974","189","中小企業","3780","法人向け金融サービス","https://example.invalid/finance/097","手作業と紙中心の業務をデジタル化したい","部門間の情報共有が手作業になっているため、現場へ定着しやすい業務システムの提案を募集しています。","設備更新予算の増額","手作業と紙中心の業務をデジタル化したい","部門間の情報共有が手作業になっているため、現場へ定着しやすい業務システムの提案を募集しています。","DX・IT","中","true","業務企画部","責任者","84","false","情報収集中","2026-08-30","true","本データはデモ用途の架空企業です。実在の企業・団体とは関係ありません。"
"FC-00998","株式会社インテグラフィナンシャルワークス","株式会社 インテグラ フィナンシャル ワークス","finance","金融・保険業","鳥取県","緑市","1985","826","中堅企業","17346","保険・リスク管理支援","https://example.invalid/finance/098","在庫差異と配送負担を減らしたい","在庫状況の把握に時間がかかっており、入出庫と配送計画を改善する提案を募集しています。","省エネ投資の開始","在庫差異と配送負担を減らしたい","在庫状況の把握に時間がかかっており、入出庫と配送計画を改善する提案を募集しています。","物流・在庫","高","true","業務企画部","企画担当","56","false","アプローチ準備中","2026-08-30","true","本データはデモ用途の架空企業です。実在の企業・団体とは関係ありません。"
"FC-00999","合同会社インテグラフィナンシャルグループ","合同会社 インテグラ フィナンシャル グループ","finance","金融・保険業","愛媛県","さくら市","1996","1963","大企業","43186","決済・資産管理","https://example.invalid/finance/099","エネルギー・運用費を削減したい","拠点運営費が増加しているため、効果を測定できる省エネ・コスト削減策を求めています。","新サービスの発表","エネルギー・運用費を削減したい","拠点運営費が増加しているため、効果を測定できる省エネ・コスト削減策を求めています。","コスト削減","低","true","業務企画部","部長","73","false","未対応","2026-08-30","true","本データはデモ用途の架空企業です。実在の企業・団体とは関係ありません。"
"FC-01000","株式会社インテグラフィナンシャルコーポレーション","株式会社 インテグラ フィナンシャル コーポレーション","finance","金融・保険業","宮崎県","ひかり市","2007","38","小規模","874","法人向け金融サービス","https://example.invalid/finance/100","設備の老朽化と保守負担を減らしたい","既存設備の故障と保守工数が増えており、更新計画と運用改善を一緒に提案できる企業を探しています。","新拠点の開設計画","設備の老朽化と保守負担を減らしたい","既存設備の故障と保守工数が増えており、更新計画と運用改善を一緒に提案できる企業を探しています。","設備・施設","中","true","業務企画部","課長","90","false","情報収集中","2026-08-30","true","本データはデモ用途の架空企業です。実在の企業・団体とは関係ありません。"
"FC-01001","合同会社アークプロパティソリューションズ","合同会社 アーク プロパティ ソリューションズ","real_estate","不動産・物品賃貸業","秋田県","あおば市","2018","87","中小企業","2088","不動産開発・管理","https://example.invalid/real_estate/001","問い合わせと顧客対応を効率化したい","問い合わせ情報が複数部署に分散しており、対応状況を一元管理できる仕組みを探しています。","人員採用の拡大","問い合わせと顧客対応を効率化したい","問い合わせ情報が複数部署に分散しており、対応状況を一元管理できる仕組みを探しています。","営業・顧客管理","高","true","プロパティ管理部","責任者","62","false","アプローチ準備中","2026-08-30","true","本データはデモ用途の架空企業です。実在の企業・団体とは関係ありません。"
"FC-01002","株式会社アークプロパティパートナーズ","株式会社 アーク プロパティ パートナーズ","real_estate","不動産・物品賃貸業","千葉県","若葉市","1961","974","中堅企業","24350","事業用物件の賃貸","https://example.invalid/real_estate/002","採用後の教育と定着を改善したい","人員拡大に対して教育担当者が不足しており、研修の標準化と定着支援を相談したいです。","既存施設の改修","採用後の教育と定着を改善したい","人員拡大に対して教育担当者が不足しており、研修の標準化と定着支援を相談したいです。","人材・労務","低","true","プロパティ管理部","企画担当","79","false","未対応","2026-08-30","true","本データはデモ用途の架空企業です。実在の企業・団体とは関係ありません。"
"FC-01003","合同会社アークプロパティワークス","合同会社 アーク プロパティ ワークス","real_estate","不動産・物品賃貸業","山梨県","豊栄市","1972","2111","大企業","54886","設備・物品レンタル","https://example.invalid/real_estate/003","新サービスの販売パートナーを探したい","新サービスの提供地域を広げるため、共同提案や販売連携が可能な企業を探しています。","事業エリアの拡大","新サービスの販売パートナーを探したい","新サービスの提供地域を広げるため、共同提案や販売連携が可能な企業を探しています。","事業開発","中","true","プロパティ管理部","部長","96","true","情報収集中","2026-08-30","true","本データはデモ用途の架空企業です。実在の企業・団体とは関係ありません。"
"FC-01004","株式会社アークプロパティグループ","株式会社 アーク プロパティ グループ","real_estate","不動産・物品賃貸業","京都府","清流市","1983","34","小規模","918","不動産開発・管理","https://example.invalid/real_estate/004","現場の安全管理と品質記録を強化したい","点検記録と事故予防の仕組みを見直しており、導入負担の小さい安全管理提案を受け付けています。","DX推進組織の新設","現場の安全管理と品質記録を強化したい","点検記録と事故予防の仕組みを見直しており、導入負担の小さい安全管理提案を受け付けています。","安全・品質","高","true","プロパティ管理部","課長","68","false","アプローチ準備中","2026-08-30","true","本データはデモ用途の架空企業です。実在の企業・団体とは関係ありません。"
"FC-01005","合同会社アークプロパティコーポレーション","合同会社 アーク プロパティ コーポレーション","real_estate","不動産・物品賃貸業","岡山県","旭市","1994","235","中小企業","6580","事業用物件の賃貸","https://example.invalid/real_estate/005","手作業と紙中心の業務をデジタル化したい","部門間の情報共有が手作業になっているため、現場へ定着しやすい業務システムの提案を募集しています。","安全管理方針の強化","手作業と紙中心の業務をデジタル化したい","部門間の情報共有が手作業になっているため、現場へ定着しやすい業務システムの提案を募集しています。","DX・IT","低","true","プロパティ管理部","責任者","85","false","未対応","2026-08-30","true","本データはデモ用途の架空企業です。実在の企業・団体とは関係ありません。"
"FC-01006","株式会社ネクサスプロパティソリューションズ","株式会社 ネクサス プロパティ ソリューションズ","real_estate","不動産・物品賃貸業","福岡県","みなと市","2005","422","中堅企業","12238","設備・物品レンタル","https://example.invalid/real_estate/006","在庫差異と配送負担を減らしたい","在庫状況の把握に時間がかかっており、入出庫と配送計画を改善する提案を募集しています。","業務提携の締結","在庫差異と配送負担を減らしたい","在庫状況の把握に時間がかかっており、入出庫と配送計画を改善する提案を募集しています。","物流・在庫","中","true","プロパティ管理部","企画担当","57","false","情報収集中","2026-08-30","true","本データはデモ用途の架空企業です。実在の企業・団体とは関係ありません。"
"FC-01007","合同会社ネクサスプロパティパートナーズ","合同会社 ネクサス プロパティ パートナーズ","real_estate","不動産・物品賃貸業","沖縄県","高台市","2016","2259","大企業","24849","不動産開発・管理","https://example.invalid/real_estate/007","エネルギー・運用費を削減したい","拠点運営費が増加しているため、効果を測定できる省エネ・コスト削減策を求めています。","設備更新予算の増額","エネルギー・運用費を削減したい","拠点運営費が増加しているため、効果を測定できる省エネ・コスト削減策を求めています。","コスト削減","高","true","プロパティ管理部","部長","74","false","アプローチ準備中","2026-08-30","true","本データはデモ用途の架空企業です。実在の企業・団体とは関係ありません。"
"FC-01008","株式会社ネクサスプロパティワークス","株式会社 ネクサス プロパティ ワークス","real_estate","不動産・物品賃貸業","福島県","新生市","1959","30","小規模","360","事業用物件の賃貸","https://example.invalid/real_estate/008","設備の老朽化と保守負担を減らしたい","既存設備の故障と保守工数が増えており、更新計画と運用改善を一緒に提案できる企業を探しています。","省エネ投資の開始","設備の老朽化と保守負担を減らしたい","既存設備の故障と保守工数が増えており、更新計画と運用改善を一緒に提案できる企業を探しています。","設備・施設","低","true","プロパティ管理部","課長","91","false","未対応","2026-08-30","true","本データはデモ用途の架空企業です。実在の企業・団体とは関係ありません。"
"FC-01009","合同会社ネクサスプロパティグループ","合同会社 ネクサス プロパティ グループ","real_estate","不動産・物品賃貸業","神奈川県","平和市","1970","133","中小企業","1729","設備・物品レンタル","https://example.invalid/real_estate/009","問い合わせと顧客対応を効率化したい","問い合わせ情報が複数部署に分散しており、対応状況を一元管理できる仕組みを探しています。","新サービスの発表","問い合わせと顧客対応を効率化したい","問い合わせ情報が複数部署に分散しており、対応状況を一元管理できる仕組みを探しています。","営業・顧客管理","中","true","プロパティ管理部","責任者","63","false","情報収集中","2026-08-30","true","本データはデモ用途の架空企業です。実在の企業・団体とは関係ありません。"
"FC-01010","株式会社ネクサスプロパティコーポレーション","株式会社 ネクサス プロパティ コーポレーション","real_estate","不動産・物品賃貸業","岐阜県","希望市","1981","570","中堅企業","7980","不動産開発・管理","https://example.invalid/real_estate/010","採用後の教育と定着を改善したい","人員拡大に対して教育担当者が不足しており、研修の標準化と定着支援を相談したいです。","新拠点の開設計画","採用後の教育と定着を改善したい","人員拡大に対して教育担当者が不足しており、研修の標準化と定着支援を相談したいです。","人材・労務","高","true","プロパティ管理部","企画担当","80","false","アプローチ準備中","2026-08-30","true","本データはデモ用途の架空企業です。実在の企業・団体とは関係ありません。"
"FC-01011","合同会社プライムプロパティソリューションズ","合同会社 プライム プロパティ ソリューションズ","real_estate","不動産・物品賃貸業","兵庫県","文化市","1992","2407","大企業","36105","事業用物件の賃貸","https://example.invalid/real_estate/011","新サービスの販売パートナーを探したい","新サービスの提供地域を広げるため、共同提案や販売連携が可能な企業を探しています。","人員採用の拡大","新サービスの販売パートナーを探したい","新サービスの提供地域を広げるため、共同提案や販売連携が可能な企業を探しています。","事業開発","低","true","プロパティ管理部","部長","97","false","未対応","2026-08-30","true","本データはデモ用途の架空企業です。実在の企業・団体とは関係ありません。"
"FC-01012","株式会社プライムプロパティパートナーズ","株式会社 プライム プロパティ パートナーズ","real_estate","不動産・物品賃貸業","山口県","産業市","2003","26","小規模","416","設備・物品レンタル","https://example.invalid/real_estate/012","現場の安全管理と品質記録を強化したい","点検記録と事故予防の仕組みを見直しており、導入負担の小さい安全管理提案を受け付けています。","既存施設の改修","現場の安全管理と品質記録を強化したい","点検記録と事故予防の仕組みを見直しており、導入負担の小さい安全管理提案を受け付けています。","安全・品質","中","true","プロパティ管理部","課長","69","false","情報収集中","2026-08-30","true","本データはデモ用途の架空企業です。実在の企業・団体とは関係ありません。"
"FC-01013","合同会社プライムプロパティワークス","合同会社 プライム プロパティ ワークス","real_estate","不動産・物品賃貸業","長崎県","学園市","2014","281","中小企業","4777","不動産開発・管理","https://example.invalid/real_estate/013","手作業と紙中心の業務をデジタル化したい","部門間の情報共有が手作業になっているため、現場へ定着しやすい業務システムの提案を募集しています。","事業エリアの拡大","手作業と紙中心の業務をデジタル化したい","部門間の情報共有が手作業になっているため、現場へ定着しやすい業務システムの提案を募集しています。","DX・IT","高","true","プロパティ管理部","責任者","86","false","アプローチ準備中","2026-08-30","true","本データはデモ用途の架空企業です。実在の企業・団体とは関係ありません。"
"FC-01014","株式会社プライムプロパティグループ","株式会社 プライム プロパティ グループ","real_estate","不動産・物品賃貸業","青森県","泉市","1957","718","中堅企業","12924","事業用物件の賃貸","https://example.invalid/real_estate/014","在庫差異と配送負担を減らしたい","在庫状況の把握に時間がかかっており、入出庫と配送計画を改善する提案を募集しています。","DX推進組織の新設","在庫差異と配送負担を減らしたい","在庫状況の把握に時間がかかっており、入出庫と配送計画を改善する提案を募集しています。","物流・在庫","低","true","プロパティ管理部","企画担当","58","false","未対応","2026-08-30","true","本データはデモ用途の架空企業です。実在の企業・団体とは関係ありません。"
"FC-01015","合同会社プライムプロパティコーポレーション","合同会社 プライム プロパティ コーポレーション","real_estate","不動産・物品賃貸業","栃木県","丘陵市","1968","2555","大企業","48545","設備・物品レンタル","https://example.invalid/real_estate/015","エネルギー・運用費を削減したい","拠点運営費が増加しているため、効果を測定できる省エネ・コスト削減策を求めています。","安全管理方針の強化","エネルギー・運用費を削減したい","拠点運営費が増加しているため、効果を測定できる省エネ・コスト削減策を求めています。","コスト削減","中","true","プロパティ管理部","部長","75","false","情報収集中","2026-08-30","true","本データはデモ用途の架空企業です。実在の企業・団体とは関係ありません。"
"FC-01016","株式会社オルビスプロパティソリューションズ","株式会社 オルビス プロパティ ソリューションズ","real_estate","不動産・物品賃貸業","富山県","未来市","1979","22","小規模","440","不動産開発・管理","https://example.invalid/real_estate/016","設備の老朽化と保守負担を減らしたい","既存設備の故障と保守工数が増えており、更新計画と運用改善を一緒に提案できる企業を探しています。","業務提携の締結","設備の老朽化と保守負担を減らしたい","既存設備の故障と保守工数が増えており、更新計画と運用改善を一緒に提案できる企業を探しています。","設備・施設","高","true","プロパティ管理部","課長","92","false","アプローチ準備中","2026-08-30","true","本データはデモ用途の架空企業です。実在の企業・団体とは関係ありません。"
"FC-01017","合同会社オルビスプロパティパートナーズ","合同会社 オルビス プロパティ パートナーズ","real_estate","不動産・物品賃貸業","愛知県","中央市","1990","179","中小企業","3759","事業用物件の賃貸","https://example.invalid/real_estate/017","問い合わせと顧客対応を効率化したい","問い合わせ情報が複数部署に分散しており、対応状況を一元管理できる仕組みを探しています。","設備更新予算の増額","問い合わせと顧客対応を効率化したい","問い合わせ情報が複数部署に分散しており、対応状況を一元管理できる仕組みを探しています。","営業・顧客管理","低","true","プロパティ管理部","責任者","64","false","未対応","2026-08-30","true","本データはデモ用途の架空企業です。実在の企業・団体とは関係ありません。"
"FC-01018","株式会社オルビスプロパティワークス","株式会社 オルビス プロパティ ワークス","real_estate","不動産・物品賃貸業","和歌山県","緑市","2001","866","中堅企業","19052","設備・物品レンタル","https://example.invalid/real_estate/018","採用後の教育と定着を改善したい","人員拡大に対して教育担当者が不足しており、研修の標準化と定着支援を相談したいです。","省エネ投資の開始","採用後の教育と定着を改善したい","人員拡大に対して教育担当者が不足しており、研修の標準化と定着支援を相談したいです。","人材・労務","中","true","プロパティ管理部","企画担当","81","false","情報収集中","2026-08-30","true","本データはデモ用途の架空企業です。実在の企業・団体とは関係ありません。"
"FC-01019","合同会社オルビスプロパティグループ","合同会社 オルビス プロパティ グループ","real_estate","不動産・物品賃貸業","香川県","さくら市","2012","2703","大企業","62169","不動産開発・管理","https://example.invalid/real_estate/019","新サービスの販売パートナーを探したい","新サービスの提供地域を広げるため、共同提案や販売連携が可能な企業を探しています。","新サービスの発表","新サービスの販売パートナーを探したい","新サービスの提供地域を広げるため、共同提案や販売連携が可能な企業を探しています。","事業開発","高","true","プロパティ管理部","部長","98","false","アプローチ準備中","2026-08-30","true","本データはデモ用途の架空企業です。実在の企業・団体とは関係ありません。"
"FC-01020","株式会社オルビスプロパティコーポレーション","株式会社 オルビス プロパティ コーポレーション","real_estate","不動産・物品賃貸業","大分県","ひかり市","1955","18","小規模","432","事業用物件の賃貸","https://example.invalid/real_estate/020","現場の安全管理と品質記録を強化したい","点検記録と事故予防の仕組みを見直しており、導入負担の小さい安全管理提案を受け付けています。","新拠点の開設計画","現場の安全管理と品質記録を強化したい","点検記録と事故予防の仕組みを見直しており、導入負担の小さい安全管理提案を受け付けています。","安全・品質","低","true","プロパティ管理部","課長","70","true","未対応","2026-08-30","true","本データはデモ用途の架空企業です。実在の企業・団体とは関係ありません。"
"FC-01021","合同会社ノヴァプロパティソリューションズ","合同会社 ノヴァ プロパティ ソリューションズ","real_estate","不動産・物品賃貸業","宮城県","あおば市","1966","77","中小企業","1925","設備・物品レンタル","https://example.invalid/real_estate/021","手作業と紙中心の業務をデジタル化したい","部門間の情報共有が手作業になっているため、現場へ定着しやすい業務システムの提案を募集しています。","人員採用の拡大","手作業と紙中心の業務をデジタル化したい","部門間の情報共有が手作業になっているため、現場へ定着しやすい業務システムの提案を募集しています。","DX・IT","中","true","プロパティ管理部","責任者","87","false","情報収集中","2026-08-30","true","本データはデモ用途の架空企業です。実在の企業・団体とは関係ありません。"
"FC-01022","株式会社ノヴァプロパティパートナーズ","株式会社 ノヴァ プロパティ パートナーズ","real_estate","不動産・物品賃貸業","埼玉県","若葉市","1977","314","中堅企業","8164","不動産開発・管理","https://example.invalid/real_estate/022","在庫差異と配送負担を減らしたい","在庫状況の把握に時間がかかっており、入出庫と配送計画を改善する提案を募集しています。","既存施設の改修","在庫差異と配送負担を減らしたい","在庫状況の把握に時間がかかっており、入出庫と配送計画を改善する提案を募集しています。","物流・在庫","高","true","プロパティ管理部","企画担当","59","false","アプローチ準備中","2026-08-30","true","本データはデモ用途の架空企業です。実在の企業・団体とは関係ありません。"
"FC-01023","合同会社ノヴァプロパティワークス","合同会社 ノヴァ プロパティ ワークス","real_estate","不動産・物品賃貸業","福井県","豊栄市","1988","2851","大企業","76977","事業用物件の賃貸","https://example.invalid/real_estate/023","エネルギー・運用費を削減したい","拠点運営費が増加しているため、効果を測定できる省エネ・コスト削減策を求めています。","事業エリアの拡大","エネルギー・運用費を削減したい","拠点運営費が増加しているため、効果を測定できる省エネ・コスト削減策を求めています。","コスト削減","低","true","プロパティ管理部","部長","76","false","未対応","2026-08-30","true","本データはデモ用途の架空企業です。実在の企業・団体とは関係ありません。"
"FC-01024","株式会社ノヴァプロパティグループ","株式会社 ノヴァ プロパティ グループ","real_estate","不動産・物品賃貸業","滋賀県","清流市","1999","14","小規模","392","設備・物品レンタル","https://example.invalid/real_estate/024","設備の老朽化と保守負担を減らしたい","既存設備の故障と保守工数が増えており、更新計画と運用改善を一緒に提案できる企業を探しています。","DX推進組織の新設","設備の老朽化と保守負担を減らしたい","既存設備の故障と保守工数が増えており、更新計画と運用改善を一緒に提案できる企業を探しています。","設備・施設","中","true","プロパティ管理部","課長","93","false","情報収集中","2026-08-30","true","本データはデモ用途の架空企業です。実在の企業・団体とは関係ありません。"
"FC-01025","合同会社ノヴァプロパティコーポレーション","合同会社 ノヴァ プロパティ コーポレーション","real_estate","不動産・物品賃貸業","島根県","旭市","2010","225","中小企業","6525","不動産開発・管理","https://example.invalid/real_estate/025","問い合わせと顧客対応を効率化したい","問い合わせ情報が複数部署に分散しており、対応状況を一元管理できる仕組みを探しています。","安全管理方針の強化","問い合わせと顧客対応を効率化したい","問い合わせ情報が複数部署に分散しており、対応状況を一元管理できる仕組みを探しています。","営業・顧客管理","高","true","プロパティ管理部","責任者","65","false","アプローチ準備中","2026-08-30","true","本データはデモ用途の架空企業です。実在の企業・団体とは関係ありません。"
"FC-01026","株式会社ユニゾンプロパティソリューションズ","株式会社 ユニゾン プロパティ ソリューションズ","real_estate","不動産・物品賃貸業","高知県","みなと市","2021","462","中堅企業","5082","事業用物件の賃貸","https://example.invalid/real_estate/026","採用後の教育と定着を改善したい","人員拡大に対して教育担当者が不足しており、研修の標準化と定着支援を相談したいです。","業務提携の締結","採用後の教育と定着を改善したい","人員拡大に対して教育担当者が不足しており、研修の標準化と定着支援を相談したいです。","人材・労務","低","true","プロパティ管理部","企画担当","82","false","未対応","2026-08-30","true","本データはデモ用途の架空企業です。実在の企業・団体とは関係ありません。"
"FC-01027","合同会社ユニゾンプロパティパートナーズ","合同会社 ユニゾン プロパティ パートナーズ","real_estate","不動産・物品賃貸業","鹿児島県","高台市","1964","2999","大企業","35988","設備・物品レンタル","https://example.invalid/real_estate/027","新サービスの販売パートナーを探したい","新サービスの提供地域を広げるため、共同提案や販売連携が可能な企業を探しています。","設備更新予算の増額","新サービスの販売パートナーを探したい","新サービスの提供地域を広げるため、共同提案や販売連携が可能な企業を探しています。","事業開発","中","true","プロパティ管理部","部長","99","false","情報収集中","2026-08-30","true","本データはデモ用途の架空企業です。実在の企業・団体とは関係ありません。"
"FC-01028","株式会社ユニゾンプロパティワークス","株式会社 ユニゾン プロパティ ワークス","real_estate","不動産・物品賃貸業","山形県","新生市","1975","48","小規模","624","不動産開発・管理","https://example.invalid/real_estate/028","現場の安全管理と品質記録を強化したい","点検記録と事故予防の仕組みを見直しており、導入負担の小さい安全管理提案を受け付けています。","省エネ投資の開始","現場の安全管理と品質記録を強化したい","点検記録と事故予防の仕組みを見直しており、導入負担の小さい安全管理提案を受け付けています。","安全・品質","高","true","プロパティ管理部","課長","71","false","アプローチ準備中","2026-08-30","true","本データはデモ用途の架空企業です。実在の企業・団体とは関係ありません。"
"FC-01029","合同会社ユニゾンプロパティグループ","合同会社 ユニゾン プロパティ グループ","real_estate","不動産・物品賃貸業","東京都","平和市","1986","123","中小企業","1722","事業用物件の賃貸","https://example.invalid/real_estate/029","手作業と紙中心の業務をデジタル化したい","部門間の情報共有が手作業になっているため、現場へ定着しやすい業務システムの提案を募集しています。","新サービスの発表","手作業と紙中心の業務をデジタル化したい","部門間の情報共有が手作業になっているため、現場へ定着しやすい業務システムの提案を募集しています。","DX・IT","低","true","プロパティ管理部","責任者","88","false","未対応","2026-08-30","true","本データはデモ用途の架空企業です。実在の企業・団体とは関係ありません。"
"FC-01030","株式会社ユニゾンプロパティコーポレーション","株式会社 ユニゾン プロパティ コーポレーション","real_estate","不動産・物品賃貸業","長野県","希望市","1997","610","中堅企業","9150","設備・物品レンタル","https://example.invalid/real_estate/030","在庫差異と配送負担を減らしたい","在庫状況の把握に時間がかかっており、入出庫と配送計画を改善する提案を募集しています。","新拠点の開設計画","在庫差異と配送負担を減らしたい","在庫状況の把握に時間がかかっており、入出庫と配送計画を改善する提案を募集しています。","物流・在庫","中","true","プロパティ管理部","企画担当","60","false","情報収集中","2026-08-30","true","本データはデモ用途の架空企業です。実在の企業・団体とは関係ありません。"
"FC-01031","合同会社ヴェリタスプロパティソリューションズ","合同会社 ヴェリタス プロパティ ソリューションズ","real_estate","不動産・物品賃貸業","大阪府","文化市","2008","3147","大企業","50352","不動産開発・管理","https://example.invalid/real_estate/031","エネルギー・運用費を削減したい","拠点運営費が増加しているため、効果を測定できる省エネ・コスト削減策を求めています。","人員採用の拡大","エネルギー・運用費を削減したい","拠点運営費が増加しているため、効果を測定できる省エネ・コスト削減策を求めています。","コスト削減","高","true","プロパティ管理部","部長","77","false","アプローチ準備中","2026-08-30","true","本データはデモ用途の架空企業です。実在の企業・団体とは関係ありません。"
"FC-01032","株式会社ヴェリタスプロパティパートナーズ","株式会社 ヴェリタス プロパティ パートナーズ","real_estate","不動産・物品賃貸業","広島県","産業市","2019","44","小規模","748","事業用物件の賃貸","https://example.invalid/real_estate/032","設備の老朽化と保守負担を減らしたい","既存設備の故障と保守工数が増えており、更新計画と運用改善を一緒に提案できる企業を探しています。","既存施設の改修","設備の老朽化と保守負担を減らしたい","既存設備の故障と保守工数が増えており、更新計画と運用改善を一緒に提案できる企業を探しています。","設備・施設","低","true","プロパティ管理部","課長","94","false","未対応","2026-08-30","true","本データはデモ用途の架空企業です。実在の企業・団体とは関係ありません。"
"FC-01033","合同会社ヴェリタスプロパティワークス","合同会社 ヴェリタス プロパティ ワークス","real_estate","不動産・物品賃貸業","佐賀県","学園市","1962","271","中小企業","4878","設備・物品レンタル","https://example.invalid/real_estate/033","問い合わせと顧客対応を効率化したい","問い合わせ情報が複数部署に分散しており、対応状況を一元管理できる仕組みを探しています。","事業エリアの拡大","問い合わせと顧客対応を効率化したい","問い合わせ情報が複数部署に分散しており、対応状況を一元管理できる仕組みを探しています。","営業・顧客管理","中","true","プロパティ管理部","責任者","66","false","情報収集中","2026-08-30","true","本データはデモ用途の架空企業です。実在の企業・団体とは関係ありません。"
"FC-01034","株式会社ヴェリタスプロパティグループ","株式会社 ヴェリタス プロパティ グループ","real_estate","不動産・物品賃貸業","北海道","泉市","1973","758","中堅企業","14402","不動産開発・管理","https://example.invalid/real_estate/034","採用後の教育と定着を改善したい","人員拡大に対して教育担当者が不足しており、研修の標準化と定着支援を相談したいです。","DX推進組織の新設","採用後の教育と定着を改善したい","人員拡大に対して教育担当者が不足しており、研修の標準化と定着支援を相談したいです。","人材・労務","高","true","プロパティ管理部","企画担当","83","false","アプローチ準備中","2026-08-30","true","本データはデモ用途の架空企業です。実在の企業・団体とは関係ありません。"
"FC-01035","合同会社ヴェリタスプロパティコーポレーション","合同会社 ヴェリタス プロパティ コーポレーション","real_estate","不動産・物品賃貸業","茨城県","丘陵市","1984","3295","大企業","65900","事業用物件の賃貸","https://example.invalid/real_estate/035","新サービスの販売パートナーを探したい","新サービスの提供地域を広げるため、共同提案や販売連携が可能な企業を探しています。","安全管理方針の強化","新サービスの販売パートナーを探したい","新サービスの提供地域を広げるため、共同提案や販売連携が可能な企業を探しています。","事業開発","低","true","プロパティ管理部","部長","55","false","未対応","2026-08-30","true","本データはデモ用途の架空企業です。実在の企業・団体とは関係ありません。"
"FC-01036","株式会社セントラルプロパティソリューションズ","株式会社 セントラル プロパティ ソリューションズ","real_estate","不動産・物品賃貸業","新潟県","未来市","1995","40","小規模","840","設備・物品レンタル","https://example.invalid/real_estate/036","現場の安全管理と品質記録を強化したい","点検記録と事故予防の仕組みを見直しており、導入負担の小さい安全管理提案を受け付けています。","業務提携の締結","現場の安全管理と品質記録を強化したい","点検記録と事故予防の仕組みを見直しており、導入負担の小さい安全管理提案を受け付けています。","安全・品質","中","true","プロパティ管理部","課長","72","false","情報収集中","2026-08-30","true","本データはデモ用途の架空企業です。実在の企業・団体とは関係ありません。"
"FC-01037","合同会社セントラルプロパティパートナーズ","合同会社 セントラル プロパティ パートナーズ","real_estate","不動産・物品賃貸業","静岡県","中央市","2006","169","中小企業","3718","不動産開発・管理","https://example.invalid/real_estate/037","手作業と紙中心の業務をデジタル化したい","部門間の情報共有が手作業になっているため、現場へ定着しやすい業務システムの提案を募集しています。","設備更新予算の増額","手作業と紙中心の業務をデジタル化したい","部門間の情報共有が手作業になっているため、現場へ定着しやすい業務システムの提案を募集しています。","DX・IT","高","true","プロパティ管理部","責任者","89","true","アプローチ準備中","2026-08-30","true","本データはデモ用途の架空企業です。実在の企業・団体とは関係ありません。"
"FC-01038","株式会社セントラルプロパティワークス","株式会社 セントラル プロパティ ワークス","real_estate","不動産・物品賃貸業","奈良県","緑市","2017","906","中堅企業","20838","事業用物件の賃貸","https://example.invalid/real_estate/038","在庫差異と配送負担を減らしたい","在庫状況の把握に時間がかかっており、入出庫と配送計画を改善する提案を募集しています。","省エネ投資の開始","在庫差異と配送負担を減らしたい","在庫状況の把握に時間がかかっており、入出庫と配送計画を改善する提案を募集しています。","物流・在庫","低","true","プロパティ管理部","企画担当","61","false","未対応","2026-08-30","true","本データはデモ用途の架空企業です。実在の企業・団体とは関係ありません。"
"FC-01039","合同会社セントラルプロパティグループ","合同会社 セントラル プロパティ グループ","real_estate","不動産・物品賃貸業","徳島県","さくら市","1960","3443","大企業","82632","設備・物品レンタル","https://example.invalid/real_estate/039","エネルギー・運用費を削減したい","拠点運営費が増加しているため、効果を測定できる省エネ・コスト削減策を求めています。","新サービスの発表","エネルギー・運用費を削減したい","拠点運営費が増加しているため、効果を測定できる省エネ・コスト削減策を求めています。","コスト削減","中","true","プロパティ管理部","部長","78","false","情報収集中","2026-08-30","true","本データはデモ用途の架空企業です。実在の企業・団体とは関係ありません。"
"FC-01040","株式会社セントラルプロパティコーポレーション","株式会社 セントラル プロパティ コーポレーション","real_estate","不動産・物品賃貸業","熊本県","ひかり市","1971","36","小規模","900","不動産開発・管理","https://example.invalid/real_estate/040","設備の老朽化と保守負担を減らしたい","既存設備の故障と保守工数が増えており、更新計画と運用改善を一緒に提案できる企業を探しています。","新拠点の開設計画","設備の老朽化と保守負担を減らしたい","既存設備の故障と保守工数が増えており、更新計画と運用改善を一緒に提案できる企業を探しています。","設備・施設","高","true","プロパティ管理部","課長","95","false","アプローチ準備中","2026-08-30","true","本データはデモ用途の架空企業です。実在の企業・団体とは関係ありません。"
"FC-01041","合同会社エレメントプロパティソリューションズ","合同会社 エレメント プロパティ ソリューションズ","real_estate","不動産・物品賃貸業","岩手県","あおば市","1982","67","中小企業","1742","事業用物件の賃貸","https://example.invalid/real_estate/041","問い合わせと顧客対応を効率化したい","問い合わせ情報が複数部署に分散しており、対応状況を一元管理できる仕組みを探しています。","人員採用の拡大","問い合わせと顧客対応を効率化したい","問い合わせ情報が複数部署に分散しており、対応状況を一元管理できる仕組みを探しています。","営業・顧客管理","低","true","プロパティ管理部","責任者","67","false","未対応","2026-08-30","true","本データはデモ用途の架空企業です。実在の企業・団体とは関係ありません。"
"FC-01042","株式会社エレメントプロパティパートナーズ","株式会社 エレメント プロパティ パートナーズ","real_estate","不動産・物品賃貸業","群馬県","若葉市","1993","354","中堅企業","9558","設備・物品レンタル","https://example.invalid/real_estate/042","採用後の教育と定着を改善したい","人員拡大に対して教育担当者が不足しており、研修の標準化と定着支援を相談したいです。","既存施設の改修","採用後の教育と定着を改善したい","人員拡大に対して教育担当者が不足しており、研修の標準化と定着支援を相談したいです。","人材・労務","中","true","プロパティ管理部","企画担当","84","false","情報収集中","2026-08-30","true","本データはデモ用途の架空企業です。実在の企業・団体とは関係ありません。"
"FC-01043","合同会社エレメントプロパティワークス","合同会社 エレメント プロパティ ワークス","real_estate","不動産・物品賃貸業","石川県","豊栄市","2004","3591","大企業","100548","不動産開発・管理","https://example.invalid/real_estate/043","新サービスの販売パートナーを探したい","新サービスの提供地域を広げるため、共同提案や販売連携が可能な企業を探しています。","事業エリアの拡大","新サービスの販売パートナーを探したい","新サービスの提供地域を広げるため、共同提案や販売連携が可能な企業を探しています。","事業開発","高","true","プロパティ管理部","部長","56","false","アプローチ準備中","2026-08-30","true","本データはデモ用途の架空企業です。実在の企業・団体とは関係ありません。"
"FC-01044","株式会社エレメントプロパティグループ","株式会社 エレメント プロパティ グループ","real_estate","不動産・物品賃貸業","三重県","清流市","2015","32","小規模","928","事業用物件の賃貸","https://example.invalid/real_estate/044","現場の安全管理と品質記録を強化したい","点検記録と事故予防の仕組みを見直しており、導入負担の小さい安全管理提案を受け付けています。","DX推進組織の新設","現場の安全管理と品質記録を強化したい","点検記録と事故予防の仕組みを見直しており、導入負担の小さい安全管理提案を受け付けています。","安全・品質","低","true","プロパティ管理部","課長","73","false","未対応","2026-08-30","true","本データはデモ用途の架空企業です。実在の企業・団体とは関係ありません。"
"FC-01045","合同会社エレメントプロパティコーポレーション","合同会社 エレメント プロパティ コーポレーション","real_estate","不動産・物品賃貸業","鳥取県","旭市","1958","215","中小企業","2365","設備・物品レンタル","https://example.invalid/real_estate/045","手作業と紙中心の業務をデジタル化したい","部門間の情報共有が手作業になっているため、現場へ定着しやすい業務システムの提案を募集しています。","安全管理方針の強化","手作業と紙中心の業務をデジタル化したい","部門間の情報共有が手作業になっているため、現場へ定着しやすい業務システムの提案を募集しています。","DX・IT","中","true","プロパティ管理部","責任者","90","false","情報収集中","2026-08-30","true","本データはデモ用途の架空企業です。実在の企業・団体とは関係ありません。"
"FC-01046","株式会社クレストプロパティソリューションズ","株式会社 クレスト プロパティ ソリューションズ","real_estate","不動産・物品賃貸業","愛媛県","みなと市","1969","502","中堅企業","6024","不動産開発・管理","https://example.invalid/real_estate/046","在庫差異と配送負担を減らしたい","在庫状況の把握に時間がかかっており、入出庫と配送計画を改善する提案を募集しています。","業務提携の締結","在庫差異と配送負担を減らしたい","在庫状況の把握に時間がかかっており、入出庫と配送計画を改善する提案を募集しています。","物流・在庫","高","true","プロパティ管理部","企画担当","62","false","アプローチ準備中","2026-08-30","true","本データはデモ用途の架空企業です。実在の企業・団体とは関係ありません。"
"FC-01047","合同会社クレストプロパティパートナーズ","合同会社 クレスト プロパティ パートナーズ","real_estate","不動産・物品賃貸業","宮崎県","高台市","1980","3739","大企業","48607","事業用物件の賃貸","https://example.invalid/real_estate/047","エネルギー・運用費を削減したい","拠点運営費が増加しているため、効果を測定できる省エネ・コスト削減策を求めています。","設備更新予算の増額","エネルギー・運用費を削減したい","拠点運営費が増加しているため、効果を測定できる省エネ・コスト削減策を求めています。","コスト削減","低","true","プロパティ管理部","部長","79","false","未対応","2026-08-30","true","本データはデモ用途の架空企業です。実在の企業・団体とは関係ありません。"
"FC-01048","株式会社クレストプロパティワークス","株式会社 クレスト プロパティ ワークス","real_estate","不動産・物品賃貸業","秋田県","新生市","1991","28","小規模","392","設備・物品レンタル","https://example.invalid/real_estate/048","設備の老朽化と保守負担を減らしたい","既存設備の故障と保守工数が増えており、更新計画と運用改善を一緒に提案できる企業を探しています。","省エネ投資の開始","設備の老朽化と保守負担を減らしたい","既存設備の故障と保守工数が増えており、更新計画と運用改善を一緒に提案できる企業を探しています。","設備・施設","中","true","プロパティ管理部","課長","96","false","情報収集中","2026-08-30","true","本データはデモ用途の架空企業です。実在の企業・団体とは関係ありません。"
"FC-01049","合同会社クレストプロパティグループ","合同会社 クレスト プロパティ グループ","real_estate","不動産・物品賃貸業","千葉県","平和市","2002","113","中小企業","1695","不動産開発・管理","https://example.invalid/real_estate/049","問い合わせと顧客対応を効率化したい","問い合わせ情報が複数部署に分散しており、対応状況を一元管理できる仕組みを探しています。","新サービスの発表","問い合わせと顧客対応を効率化したい","問い合わせ情報が複数部署に分散しており、対応状況を一元管理できる仕組みを探しています。","営業・顧客管理","高","true","プロパティ管理部","責任者","68","false","アプローチ準備中","2026-08-30","true","本データはデモ用途の架空企業です。実在の企業・団体とは関係ありません。"
"FC-01050","株式会社クレストプロパティコーポレーション","株式会社 クレスト プロパティ コーポレーション","real_estate","不動産・物品賃貸業","山梨県","希望市","2013","650","中堅企業","10400","事業用物件の賃貸","https://example.invalid/real_estate/050","採用後の教育と定着を改善したい","人員拡大に対して教育担当者が不足しており、研修の標準化と定着支援を相談したいです。","新拠点の開設計画","採用後の教育と定着を改善したい","人員拡大に対して教育担当者が不足しており、研修の標準化と定着支援を相談したいです。","人材・労務","低","true","プロパティ管理部","企画担当","85","false","未対応","2026-08-30","true","本データはデモ用途の架空企業です。実在の企業・団体とは関係ありません。"
"FC-01051","合同会社シナジープロパティソリューションズ","合同会社 シナジー プロパティ ソリューションズ","real_estate","不動産・物品賃貸業","京都府","文化市","1956","3887","大企業","66079","設備・物品レンタル","https://example.invalid/real_estate/051","新サービスの販売パートナーを探したい","新サービスの提供地域を広げるため、共同提案や販売連携が可能な企業を探しています。","人員採用の拡大","新サービスの販売パートナーを探したい","新サービスの提供地域を広げるため、共同提案や販売連携が可能な企業を探しています。","事業開発","中","true","プロパティ管理部","部長","57","false","情報収集中","2026-08-30","true","本データはデモ用途の架空企業です。実在の企業・団体とは関係ありません。"
"FC-01052","株式会社シナジープロパティパートナーズ","株式会社 シナジー プロパティ パートナーズ","real_estate","不動産・物品賃貸業","岡山県","産業市","1967","24","小規模","432","不動産開発・管理","https://example.invalid/real_estate/052","現場の安全管理と品質記録を強化したい","点検記録と事故予防の仕組みを見直しており、導入負担の小さい安全管理提案を受け付けています。","既存施設の改修","現場の安全管理と品質記録を強化したい","点検記録と事故予防の仕組みを見直しており、導入負担の小さい安全管理提案を受け付けています。","安全・品質","高","true","プロパティ管理部","課長","74","false","アプローチ準備中","2026-08-30","true","本データはデモ用途の架空企業です。実在の企業・団体とは関係ありません。"
"FC-01053","合同会社シナジープロパティワークス","合同会社 シナジー プロパティ ワークス","real_estate","不動産・物品賃貸業","福岡県","学園市","1978","261","中小企業","4959","事業用物件の賃貸","https://example.invalid/real_estate/053","手作業と紙中心の業務をデジタル化したい","部門間の情報共有が手作業になっているため、現場へ定着しやすい業務システムの提案を募集しています。","事業エリアの拡大","手作業と紙中心の業務をデジタル化したい","部門間の情報共有が手作業になっているため、現場へ定着しやすい業務システムの提案を募集しています。","DX・IT","低","true","プロパティ管理部","責任者","91","false","未対応","2026-08-30","true","本データはデモ用途の架空企業です。実在の企業・団体とは関係ありません。"
"FC-01054","株式会社シナジープロパティグループ","株式会社 シナジー プロパティ グループ","real_estate","不動産・物品賃貸業","沖縄県","泉市","1989","798","中堅企業","15960","設備・物品レンタル","https://example.invalid/real_estate/054","在庫差異と配送負担を減らしたい","在庫状況の把握に時間がかかっており、入出庫と配送計画を改善する提案を募集しています。","DX推進組織の新設","在庫差異と配送負担を減らしたい","在庫状況の把握に時間がかかっており、入出庫と配送計画を改善する提案を募集しています。","物流・在庫","中","true","プロパティ管理部","企画担当","63","true","情報収集中","2026-08-30","true","本データはデモ用途の架空企業です。実在の企業・団体とは関係ありません。"
"FC-01055","合同会社シナジープロパティコーポレーション","合同会社 シナジー プロパティ コーポレーション","real_estate","不動産・物品賃貸業","福島県","丘陵市","2000","4035","大企業","84735","不動産開発・管理","https://example.invalid/real_estate/055","エネルギー・運用費を削減したい","拠点運営費が増加しているため、効果を測定できる省エネ・コスト削減策を求めています。","安全管理方針の強化","エネルギー・運用費を削減したい","拠点運営費が増加しているため、効果を測定できる省エネ・コスト削減策を求めています。","コスト削減","高","true","プロパティ管理部","部長","80","false","アプローチ準備中","2026-08-30","true","本データはデモ用途の架空企業です。実在の企業・団体とは関係ありません。"
"FC-01056","株式会社アクセルプロパティソリューションズ","株式会社 アクセル プロパティ ソリューションズ","real_estate","不動産・物品賃貸業","神奈川県","未来市","2011","20","小規模","440","事業用物件の賃貸","https://example.invalid/real_estate/056","設備の老朽化と保守負担を減らしたい","既存設備の故障と保守工数が増えており、更新計画と運用改善を一緒に提案できる企業を探しています。","業務提携の締結","設備の老朽化と保守負担を減らしたい","既存設備の故障と保守工数が増えており、更新計画と運用改善を一緒に提案できる企業を探しています。","設備・施設","低","true","プロパティ管理部","課長","97","false","未対応","2026-08-30","true","本データはデモ用途の架空企業です。実在の企業・団体とは関係ありません。"
"FC-01057","合同会社アクセルプロパティパートナーズ","合同会社 アクセル プロパティ パートナーズ","real_estate","不動産・物品賃貸業","岐阜県","中央市","2022","159","中小企業","3657","設備・物品レンタル","https://example.invalid/real_estate/057","問い合わせと顧客対応を効率化したい","問い合わせ情報が複数部署に分散しており、対応状況を一元管理できる仕組みを探しています。","設備更新予算の増額","問い合わせと顧客対応を効率化したい","問い合わせ情報が複数部署に分散しており、対応状況を一元管理できる仕組みを探しています。","営業・顧客管理","中","true","プロパティ管理部","責任者","69","false","情報収集中","2026-08-30","true","本データはデモ用途の架空企業です。実在の企業・団体とは関係ありません。"
"FC-01058","株式会社アクセルプロパティワークス","株式会社 アクセル プロパティ ワークス","real_estate","不動産・物品賃貸業","兵庫県","緑市","1965","946","中堅企業","22704","不動産開発・管理","https://example.invalid/real_estate/058","採用後の教育と定着を改善したい","人員拡大に対して教育担当者が不足しており、研修の標準化と定着支援を相談したいです。","省エネ投資の開始","採用後の教育と定着を改善したい","人員拡大に対して教育担当者が不足しており、研修の標準化と定着支援を相談したいです。","人材・労務","高","true","プロパティ管理部","企画担当","86","false","アプローチ準備中","2026-08-30","true","本データはデモ用途の架空企業です。実在の企業・団体とは関係ありません。"
"FC-01059","合同会社アクセルプロパティグループ","合同会社 アクセル プロパティ グループ","real_estate","不動産・物品賃貸業","山口県","さくら市","1976","4183","大企業","104575","事業用物件の賃貸","https://example.invalid/real_estate/059","新サービスの販売パートナーを探したい","新サービスの提供地域を広げるため、共同提案や販売連携が可能な企業を探しています。","新サービスの発表","新サービスの販売パートナーを探したい","新サービスの提供地域を広げるため、共同提案や販売連携が可能な企業を探しています。","事業開発","低","true","プロパティ管理部","部長","58","false","未対応","2026-08-30","true","本データはデモ用途の架空企業です。実在の企業・団体とは関係ありません。"
"FC-01060","株式会社アクセルプロパティコーポレーション","株式会社 アクセル プロパティ コーポレーション","real_estate","不動産・物品賃貸業","長崎県","ひかり市","1987","16","小規模","416","設備・物品レンタル","https://example.invalid/real_estate/060","現場の安全管理と品質記録を強化したい","点検記録と事故予防の仕組みを見直しており、導入負担の小さい安全管理提案を受け付けています。","新拠点の開設計画","現場の安全管理と品質記録を強化したい","点検記録と事故予防の仕組みを見直しており、導入負担の小さい安全管理提案を受け付けています。","安全・品質","中","true","プロパティ管理部","課長","75","false","情報収集中","2026-08-30","true","本データはデモ用途の架空企業です。実在の企業・団体とは関係ありません。"
"FC-01061","合同会社リードプロパティソリューションズ","合同会社 リード プロパティ ソリューションズ","real_estate","不動産・物品賃貸業","青森県","あおば市","1998","57","中小企業","1539","不動産開発・管理","https://example.invalid/real_estate/061","手作業と紙中心の業務をデジタル化したい","部門間の情報共有が手作業になっているため、現場へ定着しやすい業務システムの提案を募集しています。","人員採用の拡大","手作業と紙中心の業務をデジタル化したい","部門間の情報共有が手作業になっているため、現場へ定着しやすい業務システムの提案を募集しています。","DX・IT","高","true","プロパティ管理部","責任者","92","false","アプローチ準備中","2026-08-30","true","本データはデモ用途の架空企業です。実在の企業・団体とは関係ありません。"
"FC-01062","株式会社リードプロパティパートナーズ","株式会社 リード プロパティ パートナーズ","real_estate","不動産・物品賃貸業","栃木県","若葉市","2009","394","中堅企業","11032","事業用物件の賃貸","https://example.invalid/real_estate/062","在庫差異と配送負担を減らしたい","在庫状況の把握に時間がかかっており、入出庫と配送計画を改善する提案を募集しています。","既存施設の改修","在庫差異と配送負担を減らしたい","在庫状況の把握に時間がかかっており、入出庫と配送計画を改善する提案を募集しています。","物流・在庫","低","true","プロパティ管理部","企画担当","64","false","未対応","2026-08-30","true","本データはデモ用途の架空企業です。実在の企業・団体とは関係ありません。"
"FC-01063","合同会社リードプロパティワークス","合同会社 リード プロパティ ワークス","real_estate","不動産・物品賃貸業","富山県","豊栄市","2020","4331","大企業","125599","設備・物品レンタル","https://example.invalid/real_estate/063","エネルギー・運用費を削減したい","拠点運営費が増加しているため、効果を測定できる省エネ・コスト削減策を求めています。","事業エリアの拡大","エネルギー・運用費を削減したい","拠点運営費が増加しているため、効果を測定できる省エネ・コスト削減策を求めています。","コスト削減","中","true","プロパティ管理部","部長","81","false","情報収集中","2026-08-30","true","本データはデモ用途の架空企業です。実在の企業・団体とは関係ありません。"
"FC-01064","株式会社リードプロパティグループ","株式会社 リード プロパティ グループ","real_estate","不動産・物品賃貸業","愛知県","清流市","1963","12","小規模","132","不動産開発・管理","https://example.invalid/real_estate/064","設備の老朽化と保守負担を減らしたい","既存設備の故障と保守工数が増えており、更新計画と運用改善を一緒に提案できる企業を探しています。","DX推進組織の新設","設備の老朽化と保守負担を減らしたい","既存設備の故障と保守工数が増えており、更新計画と運用改善を一緒に提案できる企業を探しています。","設備・施設","高","true","プロパティ管理部","課長","98","false","アプローチ準備中","2026-08-30","true","本データはデモ用途の架空企業です。実在の企業・団体とは関係ありません。"
"FC-01065","合同会社リードプロパティコーポレーション","合同会社 リード プロパティ コーポレーション","real_estate","不動産・物品賃貸業","和歌山県","旭市","1974","205","中小企業","2460","事業用物件の賃貸","https://example.invalid/real_estate/065","問い合わせと顧客対応を効率化したい","問い合わせ情報が複数部署に分散しており、対応状況を一元管理できる仕組みを探しています。","安全管理方針の強化","問い合わせと顧客対応を効率化したい","問い合わせ情報が複数部署に分散しており、対応状況を一元管理できる仕組みを探しています。","営業・顧客管理","低","true","プロパティ管理部","責任者","70","false","未対応","2026-08-30","true","本データはデモ用途の架空企業です。実在の企業・団体とは関係ありません。"
"FC-01066","株式会社ハーモニープロパティソリューションズ","株式会社 ハーモニー プロパティ ソリューションズ","real_estate","不動産・物品賃貸業","香川県","みなと市","1985","542","中堅企業","7046","設備・物品レンタル","https://example.invalid/real_estate/066","採用後の教育と定着を改善したい","人員拡大に対して教育担当者が不足しており、研修の標準化と定着支援を相談したいです。","業務提携の締結","採用後の教育と定着を改善したい","人員拡大に対して教育担当者が不足しており、研修の標準化と定着支援を相談したいです。","人材・労務","中","true","プロパティ管理部","企画担当","87","false","情報収集中","2026-08-30","true","本データはデモ用途の架空企業です。実在の企業・団体とは関係ありません。"
"FC-01067","合同会社ハーモニープロパティパートナーズ","合同会社 ハーモニー プロパティ パートナーズ","real_estate","不動産・物品賃貸業","大分県","高台市","1996","4479","大企業","62706","不動産開発・管理","https://example.invalid/real_estate/067","新サービスの販売パートナーを探したい","新サービスの提供地域を広げるため、共同提案や販売連携が可能な企業を探しています。","設備更新予算の増額","新サービスの販売パートナーを探したい","新サービスの提供地域を広げるため、共同提案や販売連携が可能な企業を探しています。","事業開発","高","true","プロパティ管理部","部長","59","false","アプローチ準備中","2026-08-30","true","本データはデモ用途の架空企業です。実在の企業・団体とは関係ありません。"
"FC-01068","株式会社ハーモニープロパティワークス","株式会社 ハーモニー プロパティ ワークス","real_estate","不動産・物品賃貸業","宮城県","新生市","2007","46","小規模","690","事業用物件の賃貸","https://example.invalid/real_estate/068","現場の安全管理と品質記録を強化したい","点検記録と事故予防の仕組みを見直しており、導入負担の小さい安全管理提案を受け付けています。","省エネ投資の開始","現場の安全管理と品質記録を強化したい","点検記録と事故予防の仕組みを見直しており、導入負担の小さい安全管理提案を受け付けています。","安全・品質","低","true","プロパティ管理部","課長","76","false","未対応","2026-08-30","true","本データはデモ用途の架空企業です。実在の企業・団体とは関係ありません。"
"FC-01069","合同会社ハーモニープロパティグループ","合同会社 ハーモニー プロパティ グループ","real_estate","不動産・物品賃貸業","埼玉県","平和市","2018","103","中小企業","1648","設備・物品レンタル","https://example.invalid/real_estate/069","手作業と紙中心の業務をデジタル化したい","部門間の情報共有が手作業になっているため、現場へ定着しやすい業務システムの提案を募集しています。","新サービスの発表","手作業と紙中心の業務をデジタル化したい","部門間の情報共有が手作業になっているため、現場へ定着しやすい業務システムの提案を募集しています。","DX・IT","中","true","プロパティ管理部","責任者","93","false","情報収集中","2026-08-30","true","本データはデモ用途の架空企業です。実在の企業・団体とは関係ありません。"
"FC-01070","株式会社ハーモニープロパティコーポレーション","株式会社 ハーモニー プロパティ コーポレーション","real_estate","不動産・物品賃貸業","福井県","希望市","1961","690","中堅企業","11730","不動産開発・管理","https://example.invalid/real_estate/070","在庫差異と配送負担を減らしたい","在庫状況の把握に時間がかかっており、入出庫と配送計画を改善する提案を募集しています。","新拠点の開設計画","在庫差異と配送負担を減らしたい","在庫状況の把握に時間がかかっており、入出庫と配送計画を改善する提案を募集しています。","物流・在庫","高","true","プロパティ管理部","企画担当","65","false","アプローチ準備中","2026-08-30","true","本データはデモ用途の架空企業です。実在の企業・団体とは関係ありません。"
"FC-01071","合同会社ブリッジプロパティソリューションズ","合同会社 ブリッジ プロパティ ソリューションズ","real_estate","不動産・物品賃貸業","滋賀県","文化市","1972","4627","大企業","83286","事業用物件の賃貸","https://example.invalid/real_estate/071","エネルギー・運用費を削減したい","拠点運営費が増加しているため、効果を測定できる省エネ・コスト削減策を求めています。","人員採用の拡大","エネルギー・運用費を削減したい","拠点運営費が増加しているため、効果を測定できる省エネ・コスト削減策を求めています。","コスト削減","低","true","プロパティ管理部","部長","82","true","未対応","2026-08-30","true","本データはデモ用途の架空企業です。実在の企業・団体とは関係ありません。"
"FC-01072","株式会社ブリッジプロパティパートナーズ","株式会社 ブリッジ プロパティ パートナーズ","real_estate","不動産・物品賃貸業","島根県","産業市","1983","42","小規模","798","設備・物品レンタル","https://example.invalid/real_estate/072","設備の老朽化と保守負担を減らしたい","既存設備の故障と保守工数が増えており、更新計画と運用改善を一緒に提案できる企業を探しています。","既存施設の改修","設備の老朽化と保守負担を減らしたい","既存設備の故障と保守工数が増えており、更新計画と運用改善を一緒に提案できる企業を探しています。","設備・施設","中","true","プロパティ管理部","課長","99","false","情報収集中","2026-08-30","true","本データはデモ用途の架空企業です。実在の企業・団体とは関係ありません。"
"FC-01073","合同会社ブリッジプロパティワークス","合同会社 ブリッジ プロパティ ワークス","real_estate","不動産・物品賃貸業","高知県","学園市","1994","251","中小企業","5020","不動産開発・管理","https://example.invalid/real_estate/073","問い合わせと顧客対応を効率化したい","問い合わせ情報が複数部署に分散しており、対応状況を一元管理できる仕組みを探しています。","事業エリアの拡大","問い合わせと顧客対応を効率化したい","問い合わせ情報が複数部署に分散しており、対応状況を一元管理できる仕組みを探しています。","営業・顧客管理","高","true","プロパティ管理部","責任者","71","false","アプローチ準備中","2026-08-30","true","本データはデモ用途の架空企業です。実在の企業・団体とは関係ありません。"
"FC-01074","株式会社ブリッジプロパティグループ","株式会社 ブリッジ プロパティ グループ","real_estate","不動産・物品賃貸業","鹿児島県","泉市","2005","838","中堅企業","17598","事業用物件の賃貸","https://example.invalid/real_estate/074","採用後の教育と定着を改善したい","人員拡大に対して教育担当者が不足しており、研修の標準化と定着支援を相談したいです。","DX推進組織の新設","採用後の教育と定着を改善したい","人員拡大に対して教育担当者が不足しており、研修の標準化と定着支援を相談したいです。","人材・労務","低","true","プロパティ管理部","企画担当","88","false","未対応","2026-08-30","true","本データはデモ用途の架空企業です。実在の企業・団体とは関係ありません。"
"FC-01075","合同会社ブリッジプロパティコーポレーション","合同会社 ブリッジ プロパティ コーポレーション","real_estate","不動産・物品賃貸業","山形県","丘陵市","2016","4775","大企業","105050","設備・物品レンタル","https://example.invalid/real_estate/075","新サービスの販売パートナーを探したい","新サービスの提供地域を広げるため、共同提案や販売連携が可能な企業を探しています。","安全管理方針の強化","新サービスの販売パートナーを探したい","新サービスの提供地域を広げるため、共同提案や販売連携が可能な企業を探しています。","事業開発","中","true","プロパティ管理部","部長","60","false","情報収集中","2026-08-30","true","本データはデモ用途の架空企業です。実在の企業・団体とは関係ありません。"
"FC-01076","株式会社フォーカスプロパティソリューションズ","株式会社 フォーカス プロパティ ソリューションズ","real_estate","不動産・物品賃貸業","東京都","未来市","1959","38","小規模","874","不動産開発・管理","https://example.invalid/real_estate/076","現場の安全管理と品質記録を強化したい","点検記録と事故予防の仕組みを見直しており、導入負担の小さい安全管理提案を受け付けています。","業務提携の締結","現場の安全管理と品質記録を強化したい","点検記録と事故予防の仕組みを見直しており、導入負担の小さい安全管理提案を受け付けています。","安全・品質","高","true","プロパティ管理部","課長","77","false","アプローチ準備中","2026-08-30","true","本データはデモ用途の架空企業です。実在の企業・団体とは関係ありません。"
"FC-01077","合同会社フォーカスプロパティパートナーズ","合同会社 フォーカス プロパティ パートナーズ","real_estate","不動産・物品賃貸業","長野県","中央市","1970","149","中小企業","3576","事業用物件の賃貸","https://example.invalid/real_estate/077","手作業と紙中心の業務をデジタル化したい","部門間の情報共有が手作業になっているため、現場へ定着しやすい業務システムの提案を募集しています。","設備更新予算の増額","手作業と紙中心の業務をデジタル化したい","部門間の情報共有が手作業になっているため、現場へ定着しやすい業務システムの提案を募集しています。","DX・IT","低","true","プロパティ管理部","責任者","94","false","未対応","2026-08-30","true","本データはデモ用途の架空企業です。実在の企業・団体とは関係ありません。"
"FC-01078","株式会社フォーカスプロパティワークス","株式会社 フォーカス プロパティ ワークス","real_estate","不動産・物品賃貸業","大阪府","緑市","1981","986","中堅企業","24650","設備・物品レンタル","https://example.invalid/real_estate/078","在庫差異と配送負担を減らしたい","在庫状況の把握に時間がかかっており、入出庫と配送計画を改善する提案を募集しています。","省エネ投資の開始","在庫差異と配送負担を減らしたい","在庫状況の把握に時間がかかっており、入出庫と配送計画を改善する提案を募集しています。","物流・在庫","中","true","プロパティ管理部","企画担当","66","false","情報収集中","2026-08-30","true","本データはデモ用途の架空企業です。実在の企業・団体とは関係ありません。"
"FC-01079","合同会社フォーカスプロパティグループ","合同会社 フォーカス プロパティ グループ","real_estate","不動産・物品賃貸業","広島県","さくら市","1992","4923","大企業","127998","不動産開発・管理","https://example.invalid/real_estate/079","エネルギー・運用費を削減したい","拠点運営費が増加しているため、効果を測定できる省エネ・コスト削減策を求めています。","新サービスの発表","エネルギー・運用費を削減したい","拠点運営費が増加しているため、効果を測定できる省エネ・コスト削減策を求めています。","コスト削減","高","true","プロパティ管理部","部長","83","false","アプローチ準備中","2026-08-30","true","本データはデモ用途の架空企業です。実在の企業・団体とは関係ありません。"
"FC-01080","株式会社フォーカスプロパティコーポレーション","株式会社 フォーカス プロパティ コーポレーション","real_estate","不動産・物品賃貸業","佐賀県","ひかり市","2003","34","小規模","918","事業用物件の賃貸","https://example.invalid/real_estate/080","設備の老朽化と保守負担を減らしたい","既存設備の故障と保守工数が増えており、更新計画と運用改善を一緒に提案できる企業を探しています。","新拠点の開設計画","設備の老朽化と保守負担を減らしたい","既存設備の故障と保守工数が増えており、更新計画と運用改善を一緒に提案できる企業を探しています。","設備・施設","低","true","プロパティ管理部","課長","55","false","未対応","2026-08-30","true","本データはデモ用途の架空企業です。実在の企業・団体とは関係ありません。"
"FC-01081","合同会社ビジョンプロパティソリューションズ","合同会社 ビジョン プロパティ ソリューションズ","real_estate","不動産・物品賃貸業","北海道","あおば市","2014","297","中小企業","8316","設備・物品レンタル","https://example.invalid/real_estate/081","問い合わせと顧客対応を効率化したい","問い合わせ情報が複数部署に分散しており、対応状況を一元管理できる仕組みを探しています。","人員採用の拡大","問い合わせと顧客対応を効率化したい","問い合わせ情報が複数部署に分散しており、対応状況を一元管理できる仕組みを探しています。","営業・顧客管理","中","true","プロパティ管理部","責任者","72","false","情報収集中","2026-08-30","true","本データはデモ用途の架空企業です。実在の企業・団体とは関係ありません。"
"FC-01082","株式会社ビジョンプロパティパートナーズ","株式会社 ビジョン プロパティ パートナーズ","real_estate","不動産・物品賃貸業","茨城県","若葉市","1957","434","中堅企業","12586","不動産開発・管理","https://example.invalid/real_estate/082","採用後の教育と定着を改善したい","人員拡大に対して教育担当者が不足しており、研修の標準化と定着支援を相談したいです。","既存施設の改修","採用後の教育と定着を改善したい","人員拡大に対して教育担当者が不足しており、研修の標準化と定着支援を相談したいです。","人材・労務","高","true","プロパティ管理部","企画担当","89","false","アプローチ準備中","2026-08-30","true","本データはデモ用途の架空企業です。実在の企業・団体とは関係ありません。"
"FC-01083","合同会社ビジョンプロパティワークス","合同会社 ビジョン プロパティ ワークス","real_estate","不動産・物品賃貸業","新潟県","豊栄市","1968","1071","大企業","11781","事業用物件の賃貸","https://example.invalid/real_estate/083","新サービスの販売パートナーを探したい","新サービスの提供地域を広げるため、共同提案や販売連携が可能な企業を探しています。","事業エリアの拡大","新サービスの販売パートナーを探したい","新サービスの提供地域を広げるため、共同提案や販売連携が可能な企業を探しています。","事業開発","低","true","プロパティ管理部","部長","61","false","未対応","2026-08-30","true","本データはデモ用途の架空企業です。実在の企業・団体とは関係ありません。"
"FC-01084","株式会社ビジョンプロパティグループ","株式会社 ビジョン プロパティ グループ","real_estate","不動産・物品賃貸業","静岡県","清流市","1979","30","小規模","360","設備・物品レンタル","https://example.invalid/real_estate/084","現場の安全管理と品質記録を強化したい","点検記録と事故予防の仕組みを見直しており、導入負担の小さい安全管理提案を受け付けています。","DX推進組織の新設","現場の安全管理と品質記録を強化したい","点検記録と事故予防の仕組みを見直しており、導入負担の小さい安全管理提案を受け付けています。","安全・品質","中","true","プロパティ管理部","課長","78","false","情報収集中","2026-08-30","true","本データはデモ用途の架空企業です。実在の企業・団体とは関係ありません。"
"FC-01085","合同会社ビジョンプロパティコーポレーション","合同会社 ビジョン プロパティ コーポレーション","real_estate","不動産・物品賃貸業","奈良県","旭市","1990","195","中小企業","2535","不動産開発・管理","https://example.invalid/real_estate/085","手作業と紙中心の業務をデジタル化したい","部門間の情報共有が手作業になっているため、現場へ定着しやすい業務システムの提案を募集しています。","安全管理方針の強化","手作業と紙中心の業務をデジタル化したい","部門間の情報共有が手作業になっているため、現場へ定着しやすい業務システムの提案を募集しています。","DX・IT","高","true","プロパティ管理部","責任者","95","false","アプローチ準備中","2026-08-30","true","本データはデモ用途の架空企業です。実在の企業・団体とは関係ありません。"
"FC-01086","株式会社コアプロパティソリューションズ","株式会社 コア プロパティ ソリューションズ","real_estate","不動産・物品賃貸業","徳島県","みなと市","2001","582","中堅企業","8148","事業用物件の賃貸","https://example.invalid/real_estate/086","在庫差異と配送負担を減らしたい","在庫状況の把握に時間がかかっており、入出庫と配送計画を改善する提案を募集しています。","業務提携の締結","在庫差異と配送負担を減らしたい","在庫状況の把握に時間がかかっており、入出庫と配送計画を改善する提案を募集しています。","物流・在庫","低","true","プロパティ管理部","企画担当","67","false","未対応","2026-08-30","true","本データはデモ用途の架空企業です。実在の企業・団体とは関係ありません。"
"FC-01087","合同会社コアプロパティパートナーズ","合同会社 コア プロパティ パートナーズ","real_estate","不動産・物品賃貸業","熊本県","高台市","2012","1219","大企業","18285","設備・物品レンタル","https://example.invalid/real_estate/087","エネルギー・運用費を削減したい","拠点運営費が増加しているため、効果を測定できる省エネ・コスト削減策を求めています。","設備更新予算の増額","エネルギー・運用費を削減したい","拠点運営費が増加しているため、効果を測定できる省エネ・コスト削減策を求めています。","コスト削減","中","true","プロパティ管理部","部長","84","false","情報収集中","2026-08-30","true","本データはデモ用途の架空企業です。実在の企業・団体とは関係ありません。"
"FC-01088","株式会社コアプロパティワークス","株式会社 コア プロパティ ワークス","real_estate","不動産・物品賃貸業","岩手県","新生市","1955","26","小規模","416","不動産開発・管理","https://example.invalid/real_estate/088","設備の老朽化と保守負担を減らしたい","既存設備の故障と保守工数が増えており、更新計画と運用改善を一緒に提案できる企業を探しています。","省エネ投資の開始","設備の老朽化と保守負担を減らしたい","既存設備の故障と保守工数が増えており、更新計画と運用改善を一緒に提案できる企業を探しています。","設備・施設","高","true","プロパティ管理部","課長","56","true","アプローチ準備中","2026-08-30","true","本データはデモ用途の架空企業です。実在の企業・団体とは関係ありません。"
"FC-01089","合同会社コアプロパティグループ","合同会社 コア プロパティ グループ","real_estate","不動産・物品賃貸業","群馬県","平和市","1966","93","中小企業","1581","事業用物件の賃貸","https://example.invalid/real_estate/089","問い合わせと顧客対応を効率化したい","問い合わせ情報が複数部署に分散しており、対応状況を一元管理できる仕組みを探しています。","新サービスの発表","問い合わせと顧客対応を効率化したい","問い合わせ情報が複数部署に分散しており、対応状況を一元管理できる仕組みを探しています。","営業・顧客管理","低","true","プロパティ管理部","責任者","73","false","未対応","2026-08-30","true","本データはデモ用途の架空企業です。実在の企業・団体とは関係ありません。"
"FC-01090","株式会社コアプロパティコーポレーション","株式会社 コア プロパティ コーポレーション","real_estate","不動産・物品賃貸業","石川県","希望市","1977","730","中堅企業","13140","設備・物品レンタル","https://example.invalid/real_estate/090","採用後の教育と定着を改善したい","人員拡大に対して教育担当者が不足しており、研修の標準化と定着支援を相談したいです。","新拠点の開設計画","採用後の教育と定着を改善したい","人員拡大に対して教育担当者が不足しており、研修の標準化と定着支援を相談したいです。","人材・労務","中","true","プロパティ管理部","企画担当","90","false","情報収集中","2026-08-30","true","本データはデモ用途の架空企業です。実在の企業・団体とは関係ありません。"
"FC-01091","合同会社アドバンスプロパティソリューションズ","合同会社 アドバンス プロパティ ソリューションズ","real_estate","不動産・物品賃貸業","三重県","文化市","1988","1367","大企業","25973","不動産開発・管理","https://example.invalid/real_estate/091","新サービスの販売パートナーを探したい","新サービスの提供地域を広げるため、共同提案や販売連携が可能な企業を探しています。","人員採用の拡大","新サービスの販売パートナーを探したい","新サービスの提供地域を広げるため、共同提案や販売連携が可能な企業を探しています。","事業開発","高","true","プロパティ管理部","部長","62","false","アプローチ準備中","2026-08-30","true","本データはデモ用途の架空企業です。実在の企業・団体とは関係ありません。"
"FC-01092","株式会社アドバンスプロパティパートナーズ","株式会社 アドバンス プロパティ パートナーズ","real_estate","不動産・物品賃貸業","鳥取県","産業市","1999","22","小規模","440","事業用物件の賃貸","https://example.invalid/real_estate/092","現場の安全管理と品質記録を強化したい","点検記録と事故予防の仕組みを見直しており、導入負担の小さい安全管理提案を受け付けています。","既存施設の改修","現場の安全管理と品質記録を強化したい","点検記録と事故予防の仕組みを見直しており、導入負担の小さい安全管理提案を受け付けています。","安全・品質","低","true","プロパティ管理部","課長","79","false","未対応","2026-08-30","true","本データはデモ用途の架空企業です。実在の企業・団体とは関係ありません。"
"FC-01093","合同会社アドバンスプロパティワークス","合同会社 アドバンス プロパティ ワークス","real_estate","不動産・物品賃貸業","愛媛県","学園市","2010","241","中小企業","5061","設備・物品レンタル","https://example.invalid/real_estate/093","手作業と紙中心の業務をデジタル化したい","部門間の情報共有が手作業になっているため、現場へ定着しやすい業務システムの提案を募集しています。","事業エリアの拡大","手作業と紙中心の業務をデジタル化したい","部門間の情報共有が手作業になっているため、現場へ定着しやすい業務システムの提案を募集しています。","DX・IT","中","true","プロパティ管理部","責任者","96","false","情報収集中","2026-08-30","true","本データはデモ用途の架空企業です。実在の企業・団体とは関係ありません。"
"FC-01094","株式会社アドバンスプロパティグループ","株式会社 アドバンス プロパティ グループ","real_estate","不動産・物品賃貸業","宮崎県","泉市","2021","878","中堅企業","19316","不動産開発・管理","https://example.invalid/real_estate/094","在庫差異と配送負担を減らしたい","在庫状況の把握に時間がかかっており、入出庫と配送計画を改善する提案を募集しています。","DX推進組織の新設","在庫差異と配送負担を減らしたい","在庫状況の把握に時間がかかっており、入出庫と配送計画を改善する提案を募集しています。","物流・在庫","高","true","プロパティ管理部","企画担当","68","false","アプローチ準備中","2026-08-30","true","本データはデモ用途の架空企業です。実在の企業・団体とは関係ありません。"
"FC-01095","合同会社アドバンスプロパティコーポレーション","合同会社 アドバンス プロパティ コーポレーション","real_estate","不動産・物品賃貸業","秋田県","丘陵市","1964","1515","大企業","34845","事業用物件の賃貸","https://example.invalid/real_estate/095","エネルギー・運用費を削減したい","拠点運営費が増加しているため、効果を測定できる省エネ・コスト削減策を求めています。","安全管理方針の強化","エネルギー・運用費を削減したい","拠点運営費が増加しているため、効果を測定できる省エネ・コスト削減策を求めています。","コスト削減","低","true","プロパティ管理部","部長","85","false","未対応","2026-08-30","true","本データはデモ用途の架空企業です。実在の企業・団体とは関係ありません。"
"FC-01096","株式会社インテグラプロパティソリューションズ","株式会社 インテグラ プロパティ ソリューションズ","real_estate","不動産・物品賃貸業","千葉県","未来市","1975","18","小規模","432","設備・物品レンタル","https://example.invalid/real_estate/096","設備の老朽化と保守負担を減らしたい","既存設備の故障と保守工数が増えており、更新計画と運用改善を一緒に提案できる企業を探しています。","業務提携の締結","設備の老朽化と保守負担を減らしたい","既存設備の故障と保守工数が増えており、更新計画と運用改善を一緒に提案できる企業を探しています。","設備・施設","中","true","プロパティ管理部","課長","57","false","情報収集中","2026-08-30","true","本データはデモ用途の架空企業です。実在の企業・団体とは関係ありません。"
"FC-01097","合同会社インテグラプロパティパートナーズ","合同会社 インテグラ プロパティ パートナーズ","real_estate","不動産・物品賃貸業","山梨県","中央市","1986","139","中小企業","3475","不動産開発・管理","https://example.invalid/real_estate/097","問い合わせと顧客対応を効率化したい","問い合わせ情報が複数部署に分散しており、対応状況を一元管理できる仕組みを探しています。","設備更新予算の増額","問い合わせと顧客対応を効率化したい","問い合わせ情報が複数部署に分散しており、対応状況を一元管理できる仕組みを探しています。","営業・顧客管理","高","true","プロパティ管理部","責任者","74","false","アプローチ準備中","2026-08-30","true","本データはデモ用途の架空企業です。実在の企業・団体とは関係ありません。"
"FC-01098","株式会社インテグラプロパティワークス","株式会社 インテグラ プロパティ ワークス","real_estate","不動産・物品賃貸業","京都府","緑市","1997","326","中堅企業","8476","事業用物件の賃貸","https://example.invalid/real_estate/098","採用後の教育と定着を改善したい","人員拡大に対して教育担当者が不足しており、研修の標準化と定着支援を相談したいです。","省エネ投資の開始","採用後の教育と定着を改善したい","人員拡大に対して教育担当者が不足しており、研修の標準化と定着支援を相談したいです。","人材・労務","低","true","プロパティ管理部","企画担当","91","false","未対応","2026-08-30","true","本データはデモ用途の架空企業です。実在の企業・団体とは関係ありません。"
"FC-01099","合同会社インテグラプロパティグループ","合同会社 インテグラ プロパティ グループ","real_estate","不動産・物品賃貸業","岡山県","さくら市","2008","1663","大企業","44901","設備・物品レンタル","https://example.invalid/real_estate/099","新サービスの販売パートナーを探したい","新サービスの提供地域を広げるため、共同提案や販売連携が可能な企業を探しています。","新サービスの発表","新サービスの販売パートナーを探したい","新サービスの提供地域を広げるため、共同提案や販売連携が可能な企業を探しています。","事業開発","中","true","プロパティ管理部","部長","63","false","情報収集中","2026-08-30","true","本データはデモ用途の架空企業です。実在の企業・団体とは関係ありません。"
"FC-01100","株式会社インテグラプロパティコーポレーション","株式会社 インテグラ プロパティ コーポレーション","real_estate","不動産・物品賃貸業","福岡県","ひかり市","2019","14","小規模","392","不動産開発・管理","https://example.invalid/real_estate/100","現場の安全管理と品質記録を強化したい","点検記録と事故予防の仕組みを見直しており、導入負担の小さい安全管理提案を受け付けています。","新拠点の開設計画","現場の安全管理と品質記録を強化したい","点検記録と事故予防の仕組みを見直しており、導入負担の小さい安全管理提案を受け付けています。","安全・品質","高","true","プロパティ管理部","課長","80","false","アプローチ準備中","2026-08-30","true","本データはデモ用途の架空企業です。実在の企業・団体とは関係ありません。"
"FC-01101","合同会社アークリサーチソリューションズ","合同会社 アーク リサーチ ソリューションズ","research_professional","学術研究・専門技術サービス業","沖縄県","あおば市","1962","287","中小企業","8323","研究開発・技術支援","https://example.invalid/research_professional/001","手作業と紙中心の業務をデジタル化したい","部門間の情報共有が手作業になっているため、現場へ定着しやすい業務システムの提案を募集しています。","人員採用の拡大","手作業と紙中心の業務をデジタル化したい","部門間の情報共有が手作業になっているため、現場へ定着しやすい業務システムの提案を募集しています。","DX・IT","低","true","研究企画部","責任者","97","false","未対応","2026-08-30","true","本データはデモ用途の架空企業です。実在の企業・団体とは関係ありません。"
"FC-01102","株式会社アークリサーチパートナーズ","株式会社 アーク リサーチ パートナーズ","research_professional","学術研究・専門技術サービス業","福島県","若葉市","1973","474","中堅企業","5214","調査・コンサルティング","https://example.invalid/research_professional/002","在庫差異と配送負担を減らしたい","在庫状況の把握に時間がかかっており、入出庫と配送計画を改善する提案を募集しています。","既存施設の改修","在庫差異と配送負担を減らしたい","在庫状況の把握に時間がかかっており、入出庫と配送計画を改善する提案を募集しています。","物流・在庫","中","true","研究企画部","企画担当","69","false","情報収集中","2026-08-30","true","本データはデモ用途の架空企業です。実在の企業・団体とは関係ありません。"
"FC-01103","合同会社アークリサーチワークス","合同会社 アーク リサーチ ワークス","research_professional","学術研究・専門技術サービス業","神奈川県","豊栄市","1984","1811","大企業","21732","設計・知財サービス","https://example.invalid/research_professional/003","エネルギー・運用費を削減したい","拠点運営費が増加しているため、効果を測定できる省エネ・コスト削減策を求めています。","事業エリアの拡大","エネルギー・運用費を削減したい","拠点運営費が増加しているため、効果を測定できる省エネ・コスト削減策を求めています。","コスト削減","高","true","研究企画部","部長","86","false","アプローチ準備中","2026-08-30","true","本データはデモ用途の架空企業です。実在の企業・団体とは関係ありません。"
"FC-01104","株式会社アークリサーチグループ","株式会社 アーク リサーチ グループ","research_professional","学術研究・専門技術サービス業","岐阜県","清流市","1995","48","小規模","624","研究開発・技術支援","https://example.invalid/research_professional/004","設備の老朽化と保守負担を減らしたい","既存設備の故障と保守工数が増えており、更新計画と運用改善を一緒に提案できる企業を探しています。","DX推進組織の新設","設備の老朽化と保守負担を減らしたい","既存設備の故障と保守工数が増えており、更新計画と運用改善を一緒に提案できる企業を探しています。","設備・施設","低","true","研究企画部","課長","58","false","未対応","2026-08-30","true","本データはデモ用途の架空企業です。実在の企業・団体とは関係ありません。"
"FC-01105","合同会社アークリサーチコーポレーション","合同会社 アーク リサーチ コーポレーション","research_professional","学術研究・専門技術サービス業","兵庫県","旭市","2006","185","中小企業","2590","調査・コンサルティング","https://example.invalid/research_professional/005","問い合わせと顧客対応を効率化したい","問い合わせ情報が複数部署に分散しており、対応状況を一元管理できる仕組みを探しています。","安全管理方針の強化","問い合わせと顧客対応を効率化したい","問い合わせ情報が複数部署に分散しており、対応状況を一元管理できる仕組みを探しています。","営業・顧客管理","中","true","研究企画部","責任者","75","true","情報収集中","2026-08-30","true","本データはデモ用途の架空企業です。実在の企業・団体とは関係ありません。"
"FC-01106","株式会社ネクサスリサーチソリューションズ","株式会社 ネクサス リサーチ ソリューションズ","research_professional","学術研究・専門技術サービス業","山口県","みなと市","2017","622","中堅企業","9330","設計・知財サービス","https://example.invalid/research_professional/006","採用後の教育と定着を改善したい","人員拡大に対して教育担当者が不足しており、研修の標準化と定着支援を相談したいです。","業務提携の締結","採用後の教育と定着を改善したい","人員拡大に対して教育担当者が不足しており、研修の標準化と定着支援を相談したいです。","人材・労務","高","true","研究企画部","企画担当","92","false","アプローチ準備中","2026-08-30","true","本データはデモ用途の架空企業です。実在の企業・団体とは関係ありません。"
"FC-01107","合同会社ネクサスリサーチパートナーズ","合同会社 ネクサス リサーチ パートナーズ","research_professional","学術研究・専門技術サービス業","長崎県","高台市","1960","1959","大企業","31344","研究開発・技術支援","https://example.invalid/research_professional/007","新サービスの販売パートナーを探したい","新サービスの提供地域を広げるため、共同提案や販売連携が可能な企業を探しています。","設備更新予算の増額","新サービスの販売パートナーを探したい","新サービスの提供地域を広げるため、共同提案や販売連携が可能な企業を探しています。","事業開発","低","true","研究企画部","部長","64","false","未対応","2026-08-30","true","本データはデモ用途の架空企業です。実在の企業・団体とは関係ありません。"
"FC-01108","株式会社ネクサスリサーチワークス","株式会社 ネクサス リサーチ ワークス","research_professional","学術研究・専門技術サービス業","青森県","新生市","1971","44","小規模","748","調査・コンサルティング","https://example.invalid/research_professional/008","現場の安全管理と品質記録を強化したい","点検記録と事故予防の仕組みを見直しており、導入負担の小さい安全管理提案を受け付けています。","省エネ投資の開始","現場の安全管理と品質記録を強化したい","点検記録と事故予防の仕組みを見直しており、導入負担の小さい安全管理提案を受け付けています。","安全・品質","中","true","研究企画部","課長","81","false","情報収集中","2026-08-30","true","本データはデモ用途の架空企業です。実在の企業・団体とは関係ありません。"
"FC-01109","合同会社ネクサスリサーチグループ","合同会社 ネクサス リサーチ グループ","research_professional","学術研究・専門技術サービス業","栃木県","平和市","1982","83","中小企業","1494","設計・知財サービス","https://example.invalid/research_professional/009","手作業と紙中心の業務をデジタル化したい","部門間の情報共有が手作業になっているため、現場へ定着しやすい業務システムの提案を募集しています。","新サービスの発表","手作業と紙中心の業務をデジタル化したい","部門間の情報共有が手作業になっているため、現場へ定着しやすい業務システムの提案を募集しています。","DX・IT","高","true","研究企画部","責任者","98","false","アプローチ準備中","2026-08-30","true","本データはデモ用途の架空企業です。実在の企業・団体とは関係ありません。"
"FC-01110","株式会社ネクサスリサーチコーポレーション","株式会社 ネクサス リサーチ コーポレーション","research_professional","学術研究・専門技術サービス業","富山県","希望市","1993","770","中堅企業","14630","研究開発・技術支援","https://example.invalid/research_professional/010","在庫差異と配送負担を減らしたい","在庫状況の把握に時間がかかっており、入出庫と配送計画を改善する提案を募集しています。","新拠点の開設計画","在庫差異と配送負担を減らしたい","在庫状況の把握に時間がかかっており、入出庫と配送計画を改善する提案を募集しています。","物流・在庫","低","true","研究企画部","企画担当","70","false","未対応","2026-08-30","true","本データはデモ用途の架空企業です。実在の企業・団体とは関係ありません。"
"FC-01111","合同会社プライムリサーチソリューションズ","合同会社 プライム リサーチ ソリューションズ","research_professional","学術研究・専門技術サービス業","愛知県","文化市","2004","2107","大企業","42140","調査・コンサルティング","https://example.invalid/research_professional/011","エネルギー・運用費を削減したい","拠点運営費が増加しているため、効果を測定できる省エネ・コスト削減策を求めています。","人員採用の拡大","エネルギー・運用費を削減したい","拠点運営費が増加しているため、効果を測定できる省エネ・コスト削減策を求めています。","コスト削減","中","true","研究企画部","部長","87","false","情報収集中","2026-08-30","true","本データはデモ用途の架空企業です。実在の企業・団体とは関係ありません。"
"FC-01112","株式会社プライムリサーチパートナーズ","株式会社 プライム リサーチ パートナーズ","research_professional","学術研究・専門技術サービス業","和歌山県","産業市","2015","40","小規模","840","設計・知財サービス","https://example.invalid/research_professional/012","設備の老朽化と保守負担を減らしたい","既存設備の故障と保守工数が増えており、更新計画と運用改善を一緒に提案できる企業を探しています。","既存施設の改修","設備の老朽化と保守負担を減らしたい","既存設備の故障と保守工数が増えており、更新計画と運用改善を一緒に提案できる企業を探しています。","設備・施設","高","true","研究企画部","課長","59","false","アプローチ準備中","2026-08-30","true","本データはデモ用途の架空企業です。実在の企業・団体とは関係ありません。"
"FC-01113","合同会社プライムリサーチワークス","合同会社 プライム リサーチ ワークス","research_professional","学術研究・専門技術サービス業","香川県","学園市","1958","231","中小企業","5082","研究開発・技術支援","https://example.invalid/research_professional/013","問い合わせと顧客対応を効率化したい","問い合わせ情報が複数部署に分散しており、対応状況を一元管理できる仕組みを探しています。","事業エリアの拡大","問い合わせと顧客対応を効率化したい","問い合わせ情報が複数部署に分散しており、対応状況を一元管理できる仕組みを探しています。","営業・顧客管理","低","true","研究企画部","責任者","76","false","未対応","2026-08-30","true","本データはデモ用途の架空企業です。実在の企業・団体とは関係ありません。"
"FC-01114","株式会社プライムリサーチグループ","株式会社 プライム リサーチ グループ","research_professional","学術研究・専門技術サービス業","大分県","泉市","1969","918","中堅企業","21114","調査・コンサルティング","https://example.invalid/research_professional/014","採用後の教育と定着を改善したい","人員拡大に対して教育担当者が不足しており、研修の標準化と定着支援を相談したいです。","DX推進組織の新設","採用後の教育と定着を改善したい","人員拡大に対して教育担当者が不足しており、研修の標準化と定着支援を相談したいです。","人材・労務","中","true","研究企画部","企画担当","93","false","情報収集中","2026-08-30","true","本データはデモ用途の架空企業です。実在の企業・団体とは関係ありません。"
"FC-01115","合同会社プライムリサーチコーポレーション","合同会社 プライム リサーチ コーポレーション","research_professional","学術研究・専門技術サービス業","宮城県","丘陵市","1980","2255","大企業","54120","設計・知財サービス","https://example.invalid/research_professional/015","新サービスの販売パートナーを探したい","新サービスの提供地域を広げるため、共同提案や販売連携が可能な企業を探しています。","安全管理方針の強化","新サービスの販売パートナーを探したい","新サービスの提供地域を広げるため、共同提案や販売連携が可能な企業を探しています。","事業開発","高","true","研究企画部","部長","65","false","アプローチ準備中","2026-08-30","true","本データはデモ用途の架空企業です。実在の企業・団体とは関係ありません。"
"FC-01116","株式会社オルビスリサーチソリューションズ","株式会社 オルビス リサーチ ソリューションズ","research_professional","学術研究・専門技術サービス業","埼玉県","未来市","1991","36","小規模","900","研究開発・技術支援","https://example.invalid/research_professional/016","現場の安全管理と品質記録を強化したい","点検記録と事故予防の仕組みを見直しており、導入負担の小さい安全管理提案を受け付けています。","業務提携の締結","現場の安全管理と品質記録を強化したい","点検記録と事故予防の仕組みを見直しており、導入負担の小さい安全管理提案を受け付けています。","安全・品質","低","true","研究企画部","課長","82","false","未対応","2026-08-30","true","本データはデモ用途の架空企業です。実在の企業・団体とは関係ありません。"
"FC-01117","合同会社オルビスリサーチパートナーズ","合同会社 オルビス リサーチ パートナーズ","research_professional","学術研究・専門技術サービス業","福井県","中央市","2002","129","中小企業","3354","調査・コンサルティング","https://example.invalid/research_professional/017","手作業と紙中心の業務をデジタル化したい","部門間の情報共有が手作業になっているため、現場へ定着しやすい業務システムの提案を募集しています。","設備更新予算の増額","手作業と紙中心の業務をデジタル化したい","部門間の情報共有が手作業になっているため、現場へ定着しやすい業務システムの提案を募集しています。","DX・IT","中","true","研究企画部","責任者","99","false","情報収集中","2026-08-30","true","本データはデモ用途の架空企業です。実在の企業・団体とは関係ありません。"
"FC-01118","株式会社オルビスリサーチワークス","株式会社 オルビス リサーチ ワークス","research_professional","学術研究・専門技術サービス業","滋賀県","緑市","2013","366","中堅企業","9882","設計・知財サービス","https://example.invalid/research_professional/018","在庫差異と配送負担を減らしたい","在庫状況の把握に時間がかかっており、入出庫と配送計画を改善する提案を募集しています。","省エネ投資の開始","在庫差異と配送負担を減らしたい","在庫状況の把握に時間がかかっており、入出庫と配送計画を改善する提案を募集しています。","物流・在庫","高","true","研究企画部","企画担当","71","false","アプローチ準備中","2026-08-30","true","本データはデモ用途の架空企業です。実在の企業・団体とは関係ありません。"
"FC-01119","合同会社オルビスリサーチグループ","合同会社 オルビス リサーチ グループ","research_professional","学術研究・専門技術サービス業","島根県","さくら市","1956","2403","大企業","67284","研究開発・技術支援","https://example.invalid/research_professional/019","エネルギー・運用費を削減したい","拠点運営費が増加しているため、効果を測定できる省エネ・コスト削減策を求めています。","新サービスの発表","エネルギー・運用費を削減したい","拠点運営費が増加しているため、効果を測定できる省エネ・コスト削減策を求めています。","コスト削減","低","true","研究企画部","部長","88","false","未対応","2026-08-30","true","本データはデモ用途の架空企業です。実在の企業・団体とは関係ありません。"
"FC-01120","株式会社オルビスリサーチコーポレーション","株式会社 オルビス リサーチ コーポレーション","research_professional","学術研究・専門技術サービス業","高知県","ひかり市","1967","32","小規模","928","調査・コンサルティング","https://example.invalid/research_professional/020","設備の老朽化と保守負担を減らしたい","既存設備の故障と保守工数が増えており、更新計画と運用改善を一緒に提案できる企業を探しています。","新拠点の開設計画","設備の老朽化と保守負担を減らしたい","既存設備の故障と保守工数が増えており、更新計画と運用改善を一緒に提案できる企業を探しています。","設備・施設","中","true","研究企画部","課長","60","false","情報収集中","2026-08-30","true","本データはデモ用途の架空企業です。実在の企業・団体とは関係ありません。"
"FC-01121","合同会社ノヴァリサーチソリューションズ","合同会社 ノヴァ リサーチ ソリューションズ","research_professional","学術研究・専門技術サービス業","鹿児島県","あおば市","1978","277","中小企業","3047","設計・知財サービス","https://example.invalid/research_professional/021","問い合わせと顧客対応を効率化したい","問い合わせ情報が複数部署に分散しており、対応状況を一元管理できる仕組みを探しています。","人員採用の拡大","問い合わせと顧客対応を効率化したい","問い合わせ情報が複数部署に分散しており、対応状況を一元管理できる仕組みを探しています。","営業・顧客管理","高","true","研究企画部","責任者","77","false","アプローチ準備中","2026-08-30","true","本データはデモ用途の架空企業です。実在の企業・団体とは関係ありません。"
"FC-01122","株式会社ノヴァリサーチパートナーズ","株式会社 ノヴァ リサーチ パートナーズ","research_professional","学術研究・専門技術サービス業","山形県","若葉市","1989","514","中堅企業","6168","研究開発・技術支援","https://example.invalid/research_professional/022","採用後の教育と定着を改善したい","人員拡大に対して教育担当者が不足しており、研修の標準化と定着支援を相談したいです。","既存施設の改修","採用後の教育と定着を改善したい","人員拡大に対して教育担当者が不足しており、研修の標準化と定着支援を相談したいです。","人材・労務","低","true","研究企画部","企画担当","94","true","未対応","2026-08-30","true","本データはデモ用途の架空企業です。実在の企業・団体とは関係ありません。"
"FC-01123","合同会社ノヴァリサーチワークス","合同会社 ノヴァ リサーチ ワークス","research_professional","学術研究・専門技術サービス業","東京都","豊栄市","2000","2551","大企業","33163","調査・コンサルティング","https://example.invalid/research_professional/023","新サービスの販売パートナーを探したい","新サービスの提供地域を広げるため、共同提案や販売連携が可能な企業を探しています。","事業エリアの拡大","新サービスの販売パートナーを探したい","新サービスの提供地域を広げるため、共同提案や販売連携が可能な企業を探しています。","事業開発","中","true","研究企画部","部長","66","false","情報収集中","2026-08-30","true","本データはデモ用途の架空企業です。実在の企業・団体とは関係ありません。"
"FC-01124","株式会社ノヴァリサーチグループ","株式会社 ノヴァ リサーチ グループ","research_professional","学術研究・専門技術サービス業","長野県","清流市","2011","28","小規模","392","設計・知財サービス","https://example.invalid/research_professional/024","現場の安全管理と品質記録を強化したい","点検記録と事故予防の仕組みを見直しており、導入負担の小さい安全管理提案を受け付けています。","DX推進組織の新設","現場の安全管理と品質記録を強化したい","点検記録と事故予防の仕組みを見直しており、導入負担の小さい安全管理提案を受け付けています。","安全・品質","高","true","研究企画部","課長","83","false","アプローチ準備中","2026-08-30","true","本データはデモ用途の架空企業です。実在の企業・団体とは関係ありません。"
"FC-01125","合同会社ノヴァリサーチコーポレーション","合同会社 ノヴァ リサーチ コーポレーション","research_professional","学術研究・専門技術サービス業","大阪府","旭市","2022","175","中小企業","2625","研究開発・技術支援","https://example.invalid/research_professional/025","手作業と紙中心の業務をデジタル化したい","部門間の情報共有が手作業になっているため、現場へ定着しやすい業務システムの提案を募集しています。","安全管理方針の強化","手作業と紙中心の業務をデジタル化したい","部門間の情報共有が手作業になっているため、現場へ定着しやすい業務システムの提案を募集しています。","DX・IT","低","true","研究企画部","責任者","55","false","未対応","2026-08-30","true","本データはデモ用途の架空企業です。実在の企業・団体とは関係ありません。"
"FC-01126","株式会社ユニゾンリサーチソリューションズ","株式会社 ユニゾン リサーチ ソリューションズ","research_professional","学術研究・専門技術サービス業","広島県","みなと市","1965","662","中堅企業","10592","調査・コンサルティング","https://example.invalid/research_professional/026","在庫差異と配送負担を減らしたい","在庫状況の把握に時間がかかっており、入出庫と配送計画を改善する提案を募集しています。","業務提携の締結","在庫差異と配送負担を減らしたい","在庫状況の把握に時間がかかっており、入出庫と配送計画を改善する提案を募集しています。","物流・在庫","中","true","研究企画部","企画担当","72","false","情報収集中","2026-08-30","true","本データはデモ用途の架空企業です。実在の企業・団体とは関係ありません。"
"FC-01127","合同会社ユニゾンリサーチパートナーズ","合同会社 ユニゾン リサーチ パートナーズ","research_professional","学術研究・専門技術サービス業","佐賀県","高台市","1976","2699","大企業","45883","設計・知財サービス","https://example.invalid/research_professional/027","エネルギー・運用費を削減したい","拠点運営費が増加しているため、効果を測定できる省エネ・コスト削減策を求めています。","設備更新予算の増額","エネルギー・運用費を削減したい","拠点運営費が増加しているため、効果を測定できる省エネ・コスト削減策を求めています。","コスト削減","高","true","研究企画部","部長","89","false","アプローチ準備中","2026-08-30","true","本データはデモ用途の架空企業です。実在の企業・団体とは関係ありません。"
"FC-01128","株式会社ユニゾンリサーチワークス","株式会社 ユニゾン リサーチ ワークス","research_professional","学術研究・専門技術サービス業","北海道","新生市","1987","24","小規模","432","研究開発・技術支援","https://example.invalid/research_professional/028","設備の老朽化と保守負担を減らしたい","既存設備の故障と保守工数が増えており、更新計画と運用改善を一緒に提案できる企業を探しています。","省エネ投資の開始","設備の老朽化と保守負担を減らしたい","既存設備の故障と保守工数が増えており、更新計画と運用改善を一緒に提案できる企業を探しています。","設備・施設","低","true","研究企画部","課長","61","false","未対応","2026-08-30","true","本データはデモ用途の架空企業です。実在の企業・団体とは関係ありません。"
"FC-01129","合同会社ユニゾンリサーチグループ","合同会社 ユニゾン リサーチ グループ","research_professional","学術研究・専門技術サービス業","茨城県","平和市","1998","73","中小企業","1387","調査・コンサルティング","https://example.invalid/research_professional/029","問い合わせと顧客対応を効率化したい","問い合わせ情報が複数部署に分散しており、対応状況を一元管理できる仕組みを探しています。","新サービスの発表","問い合わせと顧客対応を効率化したい","問い合わせ情報が複数部署に分散しており、対応状況を一元管理できる仕組みを探しています。","営業・顧客管理","中","true","研究企画部","責任者","78","false","情報収集中","2026-08-30","true","本データはデモ用途の架空企業です。実在の企業・団体とは関係ありません。"
"FC-01130","株式会社ユニゾンリサーチコーポレーション","株式会社 ユニゾン リサーチ コーポレーション","research_professional","学術研究・専門技術サービス業","新潟県","希望市","2009","810","中堅企業","16200","設計・知財サービス","https://example.invalid/research_professional/030","採用後の教育と定着を改善したい","人員拡大に対して教育担当者が不足しており、研修の標準化と定着支援を相談したいです。","新拠点の開設計画","採用後の教育と定着を改善したい","人員拡大に対して教育担当者が不足しており、研修の標準化と定着支援を相談したいです。","人材・労務","高","true","研究企画部","企画担当","95","false","アプローチ準備中","2026-08-30","true","本データはデモ用途の架空企業です。実在の企業・団体とは関係ありません。"
"FC-01131","合同会社ヴェリタスリサーチソリューションズ","合同会社 ヴェリタス リサーチ ソリューションズ","research_professional","学術研究・専門技術サービス業","静岡県","文化市","2020","2847","大企業","59787","研究開発・技術支援","https://example.invalid/research_professional/031","新サービスの販売パートナーを探したい","新サービスの提供地域を広げるため、共同提案や販売連携が可能な企業を探しています。","人員採用の拡大","新サービスの販売パートナーを探したい","新サービスの提供地域を広げるため、共同提案や販売連携が可能な企業を探しています。","事業開発","低","true","研究企画部","部長","67","false","未対応","2026-08-30","true","本データはデモ用途の架空企業です。実在の企業・団体とは関係ありません。"
"FC-01132","株式会社ヴェリタスリサーチパートナーズ","株式会社 ヴェリタス リサーチ パートナーズ","research_professional","学術研究・専門技術サービス業","奈良県","産業市","1963","20","小規模","440","調査・コンサルティング","https://example.invalid/research_professional/032","現場の安全管理と品質記録を強化したい","点検記録と事故予防の仕組みを見直しており、導入負担の小さい安全管理提案を受け付けています。","既存施設の改修","現場の安全管理と品質記録を強化したい","点検記録と事故予防の仕組みを見直しており、導入負担の小さい安全管理提案を受け付けています。","安全・品質","中","true","研究企画部","課長","84","false","情報収集中","2026-08-30","true","本データはデモ用途の架空企業です。実在の企業・団体とは関係ありません。"
"FC-01133","合同会社ヴェリタスリサーチワークス","合同会社 ヴェリタス リサーチ ワークス","research_professional","学術研究・専門技術サービス業","徳島県","学園市","1974","221","中小企業","5083","設計・知財サービス","https://example.invalid/research_professional/033","手作業と紙中心の業務をデジタル化したい","部門間の情報共有が手作業になっているため、現場へ定着しやすい業務システムの提案を募集しています。","事業エリアの拡大","手作業と紙中心の業務をデジタル化したい","部門間の情報共有が手作業になっているため、現場へ定着しやすい業務システムの提案を募集しています。","DX・IT","高","true","研究企画部","責任者","56","false","アプローチ準備中","2026-08-30","true","本データはデモ用途の架空企業です。実在の企業・団体とは関係ありません。"
"FC-01134","株式会社ヴェリタスリサーチグループ","株式会社 ヴェリタス リサーチ グループ","research_professional","学術研究・専門技術サービス業","熊本県","泉市","1985","958","中堅企業","22992","研究開発・技術支援","https://example.invalid/research_professional/034","在庫差異と配送負担を減らしたい","在庫状況の把握に時間がかかっており、入出庫と配送計画を改善する提案を募集しています。","DX推進組織の新設","在庫差異と配送負担を減らしたい","在庫状況の把握に時間がかかっており、入出庫と配送計画を改善する提案を募集しています。","物流・在庫","低","true","研究企画部","企画担当","73","false","未対応","2026-08-30","true","本データはデモ用途の架空企業です。実在の企業・団体とは関係ありません。"
"FC-01135","合同会社ヴェリタスリサーチコーポレーション","合同会社 ヴェリタス リサーチ コーポレーション","research_professional","学術研究・専門技術サービス業","岩手県","丘陵市","1996","2995","大企業","74875","調査・コンサルティング","https://example.invalid/research_professional/035","エネルギー・運用費を削減したい","拠点運営費が増加しているため、効果を測定できる省エネ・コスト削減策を求めています。","安全管理方針の強化","エネルギー・運用費を削減したい","拠点運営費が増加しているため、効果を測定できる省エネ・コスト削減策を求めています。","コスト削減","中","true","研究企画部","部長","90","false","情報収集中","2026-08-30","true","本データはデモ用途の架空企業です。実在の企業・団体とは関係ありません。"
"FC-01136","株式会社セントラルリサーチソリューションズ","株式会社 セントラル リサーチ ソリューションズ","research_professional","学術研究・専門技術サービス業","群馬県","未来市","2007","16","小規模","416","設計・知財サービス","https://example.invalid/research_professional/036","設備の老朽化と保守負担を減らしたい","既存設備の故障と保守工数が増えており、更新計画と運用改善を一緒に提案できる企業を探しています。","業務提携の締結","設備の老朽化と保守負担を減らしたい","既存設備の故障と保守工数が増えており、更新計画と運用改善を一緒に提案できる企業を探しています。","設備・施設","高","true","研究企画部","課長","62","false","アプローチ準備中","2026-08-30","true","本データはデモ用途の架空企業です。実在の企業・団体とは関係ありません。"
"FC-01137","合同会社セントラルリサーチパートナーズ","合同会社 セントラル リサーチ パートナーズ","research_professional","学術研究・専門技術サービス業","石川県","中央市","2018","119","中小企業","3213","研究開発・技術支援","https://example.invalid/research_professional/037","問い合わせと顧客対応を効率化したい","問い合わせ情報が複数部署に分散しており、対応状況を一元管理できる仕組みを探しています。","設備更新予算の増額","問い合わせと顧客対応を効率化したい","問い合わせ情報が複数部署に分散しており、対応状況を一元管理できる仕組みを探しています。","営業・顧客管理","低","true","研究企画部","責任者","79","false","未対応","2026-08-30","true","本データはデモ用途の架空企業です。実在の企業・団体とは関係ありません。"
"FC-01138","株式会社セントラルリサーチワークス","株式会社 セントラル リサーチ ワークス","research_professional","学術研究・専門技術サービス業","三重県","緑市","1961","406","中堅企業","11368","調査・コンサルティング","https://example.invalid/research_professional/038","採用後の教育と定着を改善したい","人員拡大に対して教育担当者が不足しており、研修の標準化と定着支援を相談したいです。","省エネ投資の開始","採用後の教育と定着を改善したい","人員拡大に対して教育担当者が不足しており、研修の標準化と定着支援を相談したいです。","人材・労務","中","true","研究企画部","企画担当","96","false","情報収集中","2026-08-30","true","本データはデモ用途の架空企業です。実在の企業・団体とは関係ありません。"
"FC-01139","合同会社セントラルリサーチグループ","合同会社 セントラル リサーチ グループ","research_professional","学術研究・専門技術サービス業","鳥取県","さくら市","1972","3143","大企業","91147","設計・知財サービス","https://example.invalid/research_professional/039","新サービスの販売パートナーを探したい","新サービスの提供地域を広げるため、共同提案や販売連携が可能な企業を探しています。","新サービスの発表","新サービスの販売パートナーを探したい","新サービスの提供地域を広げるため、共同提案や販売連携が可能な企業を探しています。","事業開発","高","true","研究企画部","部長","68","true","アプローチ準備中","2026-08-30","true","本データはデモ用途の架空企業です。実在の企業・団体とは関係ありません。"
"FC-01140","株式会社セントラルリサーチコーポレーション","株式会社 セントラル リサーチ コーポレーション","research_professional","学術研究・専門技術サービス業","愛媛県","ひかり市","1983","12","小規模","132","研究開発・技術支援","https://example.invalid/research_professional/040","現場の安全管理と品質記録を強化したい","点検記録と事故予防の仕組みを見直しており、導入負担の小さい安全管理提案を受け付けています。","新拠点の開設計画","現場の安全管理と品質記録を強化したい","点検記録と事故予防の仕組みを見直しており、導入負担の小さい安全管理提案を受け付けています。","安全・品質","低","true","研究企画部","課長","85","false","未対応","2026-08-30","true","本データはデモ用途の架空企業です。実在の企業・団体とは関係ありません。"
"FC-01141","合同会社エレメントリサーチソリューションズ","合同会社 エレメント リサーチ ソリューションズ","research_professional","学術研究・専門技術サービス業","宮崎県","あおば市","1994","267","中小企業","3204","調査・コンサルティング","https://example.invalid/research_professional/041","手作業と紙中心の業務をデジタル化したい","部門間の情報共有が手作業になっているため、現場へ定着しやすい業務システムの提案を募集しています。","人員採用の拡大","手作業と紙中心の業務をデジタル化したい","部門間の情報共有が手作業になっているため、現場へ定着しやすい業務システムの提案を募集しています。","DX・IT","中","true","研究企画部","責任者","57","false","情報収集中","2026-08-30","true","本データはデモ用途の架空企業です。実在の企業・団体とは関係ありません。"
"FC-01142","株式会社エレメントリサーチパートナーズ","株式会社 エレメント リサーチ パートナーズ","research_professional","学術研究・専門技術サービス業","秋田県","若葉市","2005","554","中堅企業","7202","設計・知財サービス","https://example.invalid/research_professional/042","在庫差異と配送負担を減らしたい","在庫状況の把握に時間がかかっており、入出庫と配送計画を改善する提案を募集しています。","既存施設の改修","在庫差異と配送負担を減らしたい","在庫状況の把握に時間がかかっており、入出庫と配送計画を改善する提案を募集しています。","物流・在庫","高","true","研究企画部","企画担当","74","false","アプローチ準備中","2026-08-30","true","本データはデモ用途の架空企業です。実在の企業・団体とは関係ありません。"
"FC-01143","合同会社エレメントリサーチワークス","合同会社 エレメント リサーチ ワークス","research_professional","学術研究・専門技術サービス業","千葉県","豊栄市","2016","3291","大企業","46074","研究開発・技術支援","https://example.invalid/research_professional/043","エネルギー・運用費を削減したい","拠点運営費が増加しているため、効果を測定できる省エネ・コスト削減策を求めています。","事業エリアの拡大","エネルギー・運用費を削減したい","拠点運営費が増加しているため、効果を測定できる省エネ・コスト削減策を求めています。","コスト削減","低","true","研究企画部","部長","91","false","未対応","2026-08-30","true","本データはデモ用途の架空企業です。実在の企業・団体とは関係ありません。"
"FC-01144","株式会社エレメントリサーチグループ","株式会社 エレメント リサーチ グループ","research_professional","学術研究・専門技術サービス業","山梨県","清流市","1959","46","小規模","690","調査・コンサルティング","https://example.invalid/research_professional/044","設備の老朽化と保守負担を減らしたい","既存設備の故障と保守工数が増えており、更新計画と運用改善を一緒に提案できる企業を探しています。","DX推進組織の新設","設備の老朽化と保守負担を減らしたい","既存設備の故障と保守工数が増えており、更新計画と運用改善を一緒に提案できる企業を探しています。","設備・施設","中","true","研究企画部","課長","63","false","情報収集中","2026-08-30","true","本データはデモ用途の架空企業です。実在の企業・団体とは関係ありません。"
"FC-01145","合同会社エレメントリサーチコーポレーション","合同会社 エレメント リサーチ コーポレーション","research_professional","学術研究・専門技術サービス業","京都府","旭市","1970","165","中小企業","2640","設計・知財サービス","https://example.invalid/research_professional/045","問い合わせと顧客対応を効率化したい","問い合わせ情報が複数部署に分散しており、対応状況を一元管理できる仕組みを探しています。","安全管理方針の強化","問い合わせと顧客対応を効率化したい","問い合わせ情報が複数部署に分散しており、対応状況を一元管理できる仕組みを探しています。","営業・顧客管理","高","true","研究企画部","責任者","80","false","アプローチ準備中","2026-08-30","true","本データはデモ用途の架空企業です。実在の企業・団体とは関係ありません。"
"FC-01146","株式会社クレストリサーチソリューションズ","株式会社 クレスト リサーチ ソリューションズ","research_professional","学術研究・専門技術サービス業","岡山県","みなと市","1981","702","中堅企業","11934","研究開発・技術支援","https://example.invalid/research_professional/046","採用後の教育と定着を改善したい","人員拡大に対して教育担当者が不足しており、研修の標準化と定着支援を相談したいです。","業務提携の締結","採用後の教育と定着を改善したい","人員拡大に対して教育担当者が不足しており、研修の標準化と定着支援を相談したいです。","人材・労務","低","true","研究企画部","企画担当","97","false","未対応","2026-08-30","true","本データはデモ用途の架空企業です。実在の企業・団体とは関係ありません。"
"FC-01147","合同会社クレストリサーチパートナーズ","合同会社 クレスト リサーチ パートナーズ","research_professional","学術研究・専門技術サービス業","福岡県","高台市","1992","3439","大企業","61902","調査・コンサルティング","https://example.invalid/research_professional/047","新サービスの販売パートナーを探したい","新サービスの提供地域を広げるため、共同提案や販売連携が可能な企業を探しています。","設備更新予算の増額","新サービスの販売パートナーを探したい","新サービスの提供地域を広げるため、共同提案や販売連携が可能な企業を探しています。","事業開発","中","true","研究企画部","部長","69","false","情報収集中","2026-08-30","true","本データはデモ用途の架空企業です。実在の企業・団体とは関係ありません。"
"FC-01148","株式会社クレストリサーチワークス","株式会社 クレスト リサーチ ワークス","research_professional","学術研究・専門技術サービス業","沖縄県","新生市","2003","42","小規模","798","設計・知財サービス","https://example.invalid/research_professional/048","現場の安全管理と品質記録を強化したい","点検記録と事故予防の仕組みを見直しており、導入負担の小さい安全管理提案を受け付けています。","省エネ投資の開始","現場の安全管理と品質記録を強化したい","点検記録と事故予防の仕組みを見直しており、導入負担の小さい安全管理提案を受け付けています。","安全・品質","高","true","研究企画部","課長","86","false","アプローチ準備中","2026-08-30","true","本データはデモ用途の架空企業です。実在の企業・団体とは関係ありません。"
"FC-01149","合同会社クレストリサーチグループ","合同会社 クレスト リサーチ グループ","research_professional","学術研究・専門技術サービス業","福島県","平和市","2014","63","中小企業","1260","研究開発・技術支援","https://example.invalid/research_professional/049","手作業と紙中心の業務をデジタル化したい","部門間の情報共有が手作業になっているため、現場へ定着しやすい業務システムの提案を募集しています。","新サービスの発表","手作業と紙中心の業務をデジタル化したい","部門間の情報共有が手作業になっているため、現場へ定着しやすい業務システムの提案を募集しています。","DX・IT","低","true","研究企画部","責任者","58","false","未対応","2026-08-30","true","本データはデモ用途の架空企業です。実在の企業・団体とは関係ありません。"
"FC-01150","株式会社クレストリサーチコーポレーション","株式会社 クレスト リサーチ コーポレーション","research_professional","学術研究・専門技術サービス業","神奈川県","希望市","1957","850","中堅企業","17850","調査・コンサルティング","https://example.invalid/research_professional/050","在庫差異と配送負担を減らしたい","在庫状況の把握に時間がかかっており、入出庫と配送計画を改善する提案を募集しています。","新拠点の開設計画","在庫差異と配送負担を減らしたい","在庫状況の把握に時間がかかっており、入出庫と配送計画を改善する提案を募集しています。","物流・在庫","中","true","研究企画部","企画担当","75","false","情報収集中","2026-08-30","true","本データはデモ用途の架空企業です。実在の企業・団体とは関係ありません。"
"FC-01151","合同会社シナジーリサーチソリューションズ","合同会社 シナジー リサーチ ソリューションズ","research_professional","学術研究・専門技術サービス業","岐阜県","文化市","1968","3587","大企業","78914","設計・知財サービス","https://example.invalid/research_professional/051","エネルギー・運用費を削減したい","拠点運営費が増加しているため、効果を測定できる省エネ・コスト削減策を求めています。","人員採用の拡大","エネルギー・運用費を削減したい","拠点運営費が増加しているため、効果を測定できる省エネ・コスト削減策を求めています。","コスト削減","高","true","研究企画部","部長","92","false","アプローチ準備中","2026-08-30","true","本データはデモ用途の架空企業です。実在の企業・団体とは関係ありません。"
"FC-01152","株式会社シナジーリサーチパートナーズ","株式会社 シナジー リサーチ パートナーズ","research_professional","学術研究・専門技術サービス業","兵庫県","産業市","1979","38","小規模","874","研究開発・技術支援","https://example.invalid/research_professional/052","設備の老朽化と保守負担を減らしたい","既存設備の故障と保守工数が増えており、更新計画と運用改善を一緒に提案できる企業を探しています。","既存施設の改修","設備の老朽化と保守負担を減らしたい","既存設備の故障と保守工数が増えており、更新計画と運用改善を一緒に提案できる企業を探しています。","設備・施設","低","true","研究企画部","課長","64","false","未対応","2026-08-30","true","本データはデモ用途の架空企業です。実在の企業・団体とは関係ありません。"
"FC-01153","合同会社シナジーリサーチワークス","合同会社 シナジー リサーチ ワークス","research_professional","学術研究・専門技術サービス業","山口県","学園市","1990","211","中小企業","5064","調査・コンサルティング","https://example.invalid/research_professional/053","問い合わせと顧客対応を効率化したい","問い合わせ情報が複数部署に分散しており、対応状況を一元管理できる仕組みを探しています。","事業エリアの拡大","問い合わせと顧客対応を効率化したい","問い合わせ情報が複数部署に分散しており、対応状況を一元管理できる仕組みを探しています。","営業・顧客管理","中","true","研究企画部","責任者","81","false","情報収集中","2026-08-30","true","本データはデモ用途の架空企業です。実在の企業・団体とは関係ありません。"
"FC-01154","株式会社シナジーリサーチグループ","株式会社 シナジー リサーチ グループ","research_professional","学術研究・専門技術サービス業","長崎県","泉市","2001","998","中堅企業","24950","設計・知財サービス","https://example.invalid/research_professional/054","採用後の教育と定着を改善したい","人員拡大に対して教育担当者が不足しており、研修の標準化と定着支援を相談したいです。","DX推進組織の新設","採用後の教育と定着を改善したい","人員拡大に対して教育担当者が不足しており、研修の標準化と定着支援を相談したいです。","人材・労務","高","true","研究企画部","企画担当","98","false","アプローチ準備中","2026-08-30","true","本データはデモ用途の架空企業です。実在の企業・団体とは関係ありません。"
"FC-01155","合同会社シナジーリサーチコーポレーション","合同会社 シナジー リサーチ コーポレーション","research_professional","学術研究・専門技術サービス業","青森県","丘陵市","2012","3735","大企業","97110","研究開発・技術支援","https://example.invalid/research_professional/055","新サービスの販売パートナーを探したい","新サービスの提供地域を広げるため、共同提案や販売連携が可能な企業を探しています。","安全管理方針の強化","新サービスの販売パートナーを探したい","新サービスの提供地域を広げるため、共同提案や販売連携が可能な企業を探しています。","事業開発","低","true","研究企画部","部長","70","false","未対応","2026-08-30","true","本データはデモ用途の架空企業です。実在の企業・団体とは関係ありません。"
"FC-01156","株式会社アクセルリサーチソリューションズ","株式会社 アクセル リサーチ ソリューションズ","research_professional","学術研究・専門技術サービス業","栃木県","未来市","1955","34","小規模","918","調査・コンサルティング","https://example.invalid/research_professional/056","現場の安全管理と品質記録を強化したい","点検記録と事故予防の仕組みを見直しており、導入負担の小さい安全管理提案を受け付けています。","業務提携の締結","現場の安全管理と品質記録を強化したい","点検記録と事故予防の仕組みを見直しており、導入負担の小さい安全管理提案を受け付けています。","安全・品質","中","true","研究企画部","課長","87","true","情報収集中","2026-08-30","true","本データはデモ用途の架空企業です。実在の企業・団体とは関係ありません。"
"FC-01157","合同会社アクセルリサーチパートナーズ","合同会社 アクセル リサーチ パートナーズ","research_professional","学術研究・専門技術サービス業","富山県","中央市","1966","109","中小企業","3052","設計・知財サービス","https://example.invalid/research_professional/057","手作業と紙中心の業務をデジタル化したい","部門間の情報共有が手作業になっているため、現場へ定着しやすい業務システムの提案を募集しています。","設備更新予算の増額","手作業と紙中心の業務をデジタル化したい","部門間の情報共有が手作業になっているため、現場へ定着しやすい業務システムの提案を募集しています。","DX・IT","高","true","研究企画部","責任者","59","false","アプローチ準備中","2026-08-30","true","本データはデモ用途の架空企業です。実在の企業・団体とは関係ありません。"
"FC-01158","株式会社アクセルリサーチワークス","株式会社 アクセル リサーチ ワークス","research_professional","学術研究・専門技術サービス業","愛知県","緑市","1977","446","中堅企業","12934","研究開発・技術支援","https://example.invalid/research_professional/058","在庫差異と配送負担を減らしたい","在庫状況の把握に時間がかかっており、入出庫と配送計画を改善する提案を募集しています。","省エネ投資の開始","在庫差異と配送負担を減らしたい","在庫状況の把握に時間がかかっており、入出庫と配送計画を改善する提案を募集しています。","物流・在庫","低","true","研究企画部","企画担当","76","false","未対応","2026-08-30","true","本データはデモ用途の架空企業です。実在の企業・団体とは関係ありません。"
"FC-01159","合同会社アクセルリサーチグループ","合同会社 アクセル リサーチ グループ","research_professional","学術研究・専門技術サービス業","和歌山県","さくら市","1988","3883","大企業","42713","調査・コンサルティング","https://example.invalid/research_professional/059","エネルギー・運用費を削減したい","拠点運営費が増加しているため、効果を測定できる省エネ・コスト削減策を求めています。","新サービスの発表","エネルギー・運用費を削減したい","拠点運営費が増加しているため、効果を測定できる省エネ・コスト削減策を求めています。","コスト削減","中","true","研究企画部","部長","93","false","情報収集中","2026-08-30","true","本データはデモ用途の架空企業です。実在の企業・団体とは関係ありません。"
"FC-01160","株式会社アクセルリサーチコーポレーション","株式会社 アクセル リサーチ コーポレーション","research_professional","学術研究・専門技術サービス業","香川県","ひかり市","1999","30","小規模","360","設計・知財サービス","https://example.invalid/research_professional/060","設備の老朽化と保守負担を減らしたい","既存設備の故障と保守工数が増えており、更新計画と運用改善を一緒に提案できる企業を探しています。","新拠点の開設計画","設備の老朽化と保守負担を減らしたい","既存設備の故障と保守工数が増えており、更新計画と運用改善を一緒に提案できる企業を探しています。","設備・施設","高","true","研究企画部","課長","65","false","アプローチ準備中","2026-08-30","true","本データはデモ用途の架空企業です。実在の企業・団体とは関係ありません。"
"FC-01161","合同会社リードリサーチソリューションズ","合同会社 リード リサーチ ソリューションズ","research_professional","学術研究・専門技術サービス業","大分県","あおば市","2010","257","中小企業","3341","研究開発・技術支援","https://example.invalid/research_professional/061","問い合わせと顧客対応を効率化したい","問い合わせ情報が複数部署に分散しており、対応状況を一元管理できる仕組みを探しています。","人員採用の拡大","問い合わせと顧客対応を効率化したい","問い合わせ情報が複数部署に分散しており、対応状況を一元管理できる仕組みを探しています。","営業・顧客管理","低","true","研究企画部","責任者","82","false","未対応","2026-08-30","true","本データはデモ用途の架空企業です。実在の企業・団体とは関係ありません。"
"FC-01162","株式会社リードリサーチパートナーズ","株式会社 リード リサーチ パートナーズ","research_professional","学術研究・専門技術サービス業","宮城県","若葉市","2021","594","中堅企業","8316","調査・コンサルティング","https://example.invalid/research_professional/062","採用後の教育と定着を改善したい","人員拡大に対して教育担当者が不足しており、研修の標準化と定着支援を相談したいです。","既存施設の改修","採用後の教育と定着を改善したい","人員拡大に対して教育担当者が不足しており、研修の標準化と定着支援を相談したいです。","人材・労務","中","true","研究企画部","企画担当","99","false","情報収集中","2026-08-30","true","本データはデモ用途の架空企業です。実在の企業・団体とは関係ありません。"
"FC-01163","合同会社リードリサーチワークス","合同会社 リード リサーチ ワークス","research_professional","学術研究・専門技術サービス業","埼玉県","豊栄市","1964","4031","大企業","60465","設計・知財サービス","https://example.invalid/research_professional/063","新サービスの販売パートナーを探したい","新サービスの提供地域を広げるため、共同提案や販売連携が可能な企業を探しています。","事業エリアの拡大","新サービスの販売パートナーを探したい","新サービスの提供地域を広げるため、共同提案や販売連携が可能な企業を探しています。","事業開発","高","true","研究企画部","部長","71","false","アプローチ準備中","2026-08-30","true","本データはデモ用途の架空企業です。実在の企業・団体とは関係ありません。"
"FC-01164","株式会社リードリサーチグループ","株式会社 リード リサーチ グループ","research_professional","学術研究・専門技術サービス業","福井県","清流市","1975","26","小規模","416","研究開発・技術支援","https://example.invalid/research_professional/064","現場の安全管理と品質記録を強化したい","点検記録と事故予防の仕組みを見直しており、導入負担の小さい安全管理提案を受け付けています。","DX推進組織の新設","現場の安全管理と品質記録を強化したい","点検記録と事故予防の仕組みを見直しており、導入負担の小さい安全管理提案を受け付けています。","安全・品質","低","true","研究企画部","課長","88","false","未対応","2026-08-30","true","本データはデモ用途の架空企業です。実在の企業・団体とは関係ありません。"
"FC-01165","合同会社リードリサーチコーポレーション","合同会社 リード リサーチ コーポレーション","research_professional","学術研究・専門技術サービス業","滋賀県","旭市","1986","155","中小企業","2635","調査・コンサルティング","https://example.invalid/research_professional/065","手作業と紙中心の業務をデジタル化したい","部門間の情報共有が手作業になっているため、現場へ定着しやすい業務システムの提案を募集しています。","安全管理方針の強化","手作業と紙中心の業務をデジタル化したい","部門間の情報共有が手作業になっているため、現場へ定着しやすい業務システムの提案を募集しています。","DX・IT","中","true","研究企画部","責任者","60","false","情報収集中","2026-08-30","true","本データはデモ用途の架空企業です。実在の企業・団体とは関係ありません。"
"FC-01166","株式会社ハーモニーリサーチソリューションズ","株式会社 ハーモニー リサーチ ソリューションズ","research_professional","学術研究・専門技術サービス業","島根県","みなと市","1997","742","中堅企業","13356","設計・知財サービス","https://example.invalid/research_professional/066","在庫差異と配送負担を減らしたい","在庫状況の把握に時間がかかっており、入出庫と配送計画を改善する提案を募集しています。","業務提携の締結","在庫差異と配送負担を減らしたい","在庫状況の把握に時間がかかっており、入出庫と配送計画を改善する提案を募集しています。","物流・在庫","高","true","研究企画部","企画担当","77","false","アプローチ準備中","2026-08-30","true","本データはデモ用途の架空企業です。実在の企業・団体とは関係ありません。"
"FC-01167","合同会社ハーモニーリサーチパートナーズ","合同会社 ハーモニー リサーチ パートナーズ","research_professional","学術研究・専門技術サービス業","高知県","高台市","2008","4179","大企業","79401","研究開発・技術支援","https://example.invalid/research_professional/067","エネルギー・運用費を削減したい","拠点運営費が増加しているため、効果を測定できる省エネ・コスト削減策を求めています。","設備更新予算の増額","エネルギー・運用費を削減したい","拠点運営費が増加しているため、効果を測定できる省エネ・コスト削減策を求めています。","コスト削減","低","true","研究企画部","部長","94","false","未対応","2026-08-30","true","本データはデモ用途の架空企業です。実在の企業・団体とは関係ありません。"
"FC-01168","株式会社ハーモニーリサーチワークス","株式会社 ハーモニー リサーチ ワークス","research_professional","学術研究・専門技術サービス業","鹿児島県","新生市","2019","22","小規模","440","調査・コンサルティング","https://example.invalid/research_professional/068","設備の老朽化と保守負担を減らしたい","既存設備の故障と保守工数が増えており、更新計画と運用改善を一緒に提案できる企業を探しています。","省エネ投資の開始","設備の老朽化と保守負担を減らしたい","既存設備の故障と保守工数が増えており、更新計画と運用改善を一緒に提案できる企業を探しています。","設備・施設","中","true","研究企画部","課長","66","false","情報収集中","2026-08-30","true","本データはデモ用途の架空企業です。実在の企業・団体とは関係ありません。"
"FC-01169","合同会社ハーモニーリサーチグループ","合同会社 ハーモニー リサーチ グループ","research_professional","学術研究・専門技術サービス業","山形県","平和市","1962","53","中小企業","1113","設計・知財サービス","https://example.invalid/research_professional/069","問い合わせと顧客対応を効率化したい","問い合わせ情報が複数部署に分散しており、対応状況を一元管理できる仕組みを探しています。","新サービスの発表","問い合わせと顧客対応を効率化したい","問い合わせ情報が複数部署に分散しており、対応状況を一元管理できる仕組みを探しています。","営業・顧客管理","高","true","研究企画部","責任者","83","false","アプローチ準備中","2026-08-30","true","本データはデモ用途の架空企業です。実在の企業・団体とは関係ありません。"
"FC-01170","株式会社ハーモニーリサーチコーポレーション","株式会社 ハーモニー リサーチ コーポレーション","research_professional","学術研究・専門技術サービス業","東京都","希望市","1973","890","中堅企業","19580","研究開発・技術支援","https://example.invalid/research_professional/070","採用後の教育と定着を改善したい","人員拡大に対して教育担当者が不足しており、研修の標準化と定着支援を相談したいです。","新拠点の開設計画","採用後の教育と定着を改善したい","人員拡大に対して教育担当者が不足しており、研修の標準化と定着支援を相談したいです。","人材・労務","低","true","研究企画部","企画担当","55","false","未対応","2026-08-30","true","本データはデモ用途の架空企業です。実在の企業・団体とは関係ありません。"
"FC-01171","合同会社ブリッジリサーチソリューションズ","合同会社 ブリッジ リサーチ ソリューションズ","research_professional","学術研究・専門技術サービス業","長野県","文化市","1984","4327","大企業","99521","調査・コンサルティング","https://example.invalid/research_professional/071","新サービスの販売パートナーを探したい","新サービスの提供地域を広げるため、共同提案や販売連携が可能な企業を探しています。","人員採用の拡大","新サービスの販売パートナーを探したい","新サービスの提供地域を広げるため、共同提案や販売連携が可能な企業を探しています。","事業開発","中","true","研究企画部","部長","72","false","情報収集中","2026-08-30","true","本データはデモ用途の架空企業です。実在の企業・団体とは関係ありません。"
"FC-01172","株式会社ブリッジリサーチパートナーズ","株式会社 ブリッジ リサーチ パートナーズ","research_professional","学術研究・専門技術サービス業","大阪府","産業市","1995","18","小規模","432","設計・知財サービス","https://example.invalid/research_professional/072","現場の安全管理と品質記録を強化したい","点検記録と事故予防の仕組みを見直しており、導入負担の小さい安全管理提案を受け付けています。","既存施設の改修","現場の安全管理と品質記録を強化したい","点検記録と事故予防の仕組みを見直しており、導入負担の小さい安全管理提案を受け付けています。","安全・品質","高","true","研究企画部","課長","89","false","アプローチ準備中","2026-08-30","true","本データはデモ用途の架空企業です。実在の企業・団体とは関係ありません。"
"FC-01173","合同会社ブリッジリサーチワークス","合同会社 ブリッジ リサーチ ワークス","research_professional","学術研究・専門技術サービス業","広島県","学園市","2006","201","中小企業","5025","研究開発・技術支援","https://example.invalid/research_professional/073","手作業と紙中心の業務をデジタル化したい","部門間の情報共有が手作業になっているため、現場へ定着しやすい業務システムの提案を募集しています。","事業エリアの拡大","手作業と紙中心の業務をデジタル化したい","部門間の情報共有が手作業になっているため、現場へ定着しやすい業務システムの提案を募集しています。","DX・IT","低","true","研究企画部","責任者","61","true","未対応","2026-08-30","true","本データはデモ用途の架空企業です。実在の企業・団体とは関係ありません。"
"FC-01174","株式会社ブリッジリサーチグループ","株式会社 ブリッジ リサーチ グループ","research_professional","学術研究・専門技術サービス業","佐賀県","泉市","2017","338","中堅企業","8788","調査・コンサルティング","https://example.invalid/research_professional/074","在庫差異と配送負担を減らしたい","在庫状況の把握に時間がかかっており、入出庫と配送計画を改善する提案を募集しています。","DX推進組織の新設","在庫差異と配送負担を減らしたい","在庫状況の把握に時間がかかっており、入出庫と配送計画を改善する提案を募集しています。","物流・在庫","中","true","研究企画部","企画担当","78","false","情報収集中","2026-08-30","true","本データはデモ用途の架空企業です。実在の企業・団体とは関係ありません。"
"FC-01175","合同会社ブリッジリサーチコーポレーション","合同会社 ブリッジ リサーチ コーポレーション","research_professional","学術研究・専門技術サービス業","北海道","丘陵市","1960","4475","大企業","120825","設計・知財サービス","https://example.invalid/research_professional/075","エネルギー・運用費を削減したい","拠点運営費が増加しているため、効果を測定できる省エネ・コスト削減策を求めています。","安全管理方針の強化","エネルギー・運用費を削減したい","拠点運営費が増加しているため、効果を測定できる省エネ・コスト削減策を求めています。","コスト削減","高","true","研究企画部","部長","95","false","アプローチ準備中","2026-08-30","true","本データはデモ用途の架空企業です。実在の企業・団体とは関係ありません。"
"FC-01176","株式会社フォーカスリサーチソリューションズ","株式会社 フォーカス リサーチ ソリューションズ","research_professional","学術研究・専門技術サービス業","茨城県","未来市","1971","14","小規模","392","研究開発・技術支援","https://example.invalid/research_professional/076","設備の老朽化と保守負担を減らしたい","既存設備の故障と保守工数が増えており、更新計画と運用改善を一緒に提案できる企業を探しています。","業務提携の締結","設備の老朽化と保守負担を減らしたい","既存設備の故障と保守工数が増えており、更新計画と運用改善を一緒に提案できる企業を探しています。","設備・施設","低","true","研究企画部","課長","67","false","未対応","2026-08-30","true","本データはデモ用途の架空企業です。実在の企業・団体とは関係ありません。"
"FC-01177","合同会社フォーカスリサーチパートナーズ","合同会社 フォーカス リサーチ パートナーズ","research_professional","学術研究・専門技術サービス業","新潟県","中央市","1982","99","中小企業","2871","調査・コンサルティング","https://example.invalid/research_professional/077","問い合わせと顧客対応を効率化したい","問い合わせ情報が複数部署に分散しており、対応状況を一元管理できる仕組みを探しています。","設備更新予算の増額","問い合わせと顧客対応を効率化したい","問い合わせ情報が複数部署に分散しており、対応状況を一元管理できる仕組みを探しています。","営業・顧客管理","中","true","研究企画部","責任者","84","false","情報収集中","2026-08-30","true","本データはデモ用途の架空企業です。実在の企業・団体とは関係ありません。"
"FC-01178","株式会社フォーカスリサーチワークス","株式会社 フォーカス リサーチ ワークス","research_professional","学術研究・専門技術サービス業","静岡県","緑市","1993","486","中堅企業","5346","設計・知財サービス","https://example.invalid/research_professional/078","採用後の教育と定着を改善したい","人員拡大に対して教育担当者が不足しており、研修の標準化と定着支援を相談したいです。","省エネ投資の開始","採用後の教育と定着を改善したい","人員拡大に対して教育担当者が不足しており、研修の標準化と定着支援を相談したいです。","人材・労務","高","true","研究企画部","企画担当","56","false","アプローチ準備中","2026-08-30","true","本データはデモ用途の架空企業です。実在の企業・団体とは関係ありません。"
"FC-01179","合同会社フォーカスリサーチグループ","合同会社 フォーカス リサーチ グループ","research_professional","学術研究・専門技術サービス業","奈良県","さくら市","2004","4623","大企業","55476","研究開発・技術支援","https://example.invalid/research_professional/079","新サービスの販売パートナーを探したい","新サービスの提供地域を広げるため、共同提案や販売連携が可能な企業を探しています。","新サービスの発表","新サービスの販売パートナーを探したい","新サービスの提供地域を広げるため、共同提案や販売連携が可能な企業を探しています。","事業開発","低","true","研究企画部","部長","73","false","未対応","2026-08-30","true","本データはデモ用途の架空企業です。実在の企業・団体とは関係ありません。"
"FC-01180","株式会社フォーカスリサーチコーポレーション","株式会社 フォーカス リサーチ コーポレーション","research_professional","学術研究・専門技術サービス業","徳島県","ひかり市","2015","48","小規模","624","調査・コンサルティング","https://example.invalid/research_professional/080","現場の安全管理と品質記録を強化したい","点検記録と事故予防の仕組みを見直しており、導入負担の小さい安全管理提案を受け付けています。","新拠点の開設計画","現場の安全管理と品質記録を強化したい","点検記録と事故予防の仕組みを見直しており、導入負担の小さい安全管理提案を受け付けています。","安全・品質","中","true","研究企画部","課長","90","false","情報収集中","2026-08-30","true","本データはデモ用途の架空企業です。実在の企業・団体とは関係ありません。"
"FC-01181","合同会社ビジョンリサーチソリューションズ","合同会社 ビジョン リサーチ ソリューションズ","research_professional","学術研究・専門技術サービス業","熊本県","あおば市","1958","247","中小企業","3458","設計・知財サービス","https://example.invalid/research_professional/081","手作業と紙中心の業務をデジタル化したい","部門間の情報共有が手作業になっているため、現場へ定着しやすい業務システムの提案を募集しています。","人員採用の拡大","手作業と紙中心の業務をデジタル化したい","部門間の情報共有が手作業になっているため、現場へ定着しやすい業務システムの提案を募集しています。","DX・IT","高","true","研究企画部","責任者","62","false","アプローチ準備中","2026-08-30","true","本データはデモ用途の架空企業です。実在の企業・団体とは関係ありません。"
"FC-01182","株式会社ビジョンリサーチパートナーズ","株式会社 ビジョン リサーチ パートナーズ","research_professional","学術研究・専門技術サービス業","岩手県","若葉市","1969","634","中堅企業","9510","研究開発・技術支援","https://example.invalid/research_professional/082","在庫差異と配送負担を減らしたい","在庫状況の把握に時間がかかっており、入出庫と配送計画を改善する提案を募集しています。","既存施設の改修","在庫差異と配送負担を減らしたい","在庫状況の把握に時間がかかっており、入出庫と配送計画を改善する提案を募集しています。","物流・在庫","低","true","研究企画部","企画担当","79","false","未対応","2026-08-30","true","本データはデモ用途の架空企業です。実在の企業・団体とは関係ありません。"
"FC-01183","合同会社ビジョンリサーチワークス","合同会社 ビジョン リサーチ ワークス","research_professional","学術研究・専門技術サービス業","群馬県","豊栄市","1980","4771","大企業","76336","調査・コンサルティング","https://example.invalid/research_professional/083","エネルギー・運用費を削減したい","拠点運営費が増加しているため、効果を測定できる省エネ・コスト削減策を求めています。","事業エリアの拡大","エネルギー・運用費を削減したい","拠点運営費が増加しているため、効果を測定できる省エネ・コスト削減策を求めています。","コスト削減","中","true","研究企画部","部長","96","false","情報収集中","2026-08-30","true","本データはデモ用途の架空企業です。実在の企業・団体とは関係ありません。"
"FC-01184","株式会社ビジョンリサーチグループ","株式会社 ビジョン リサーチ グループ","research_professional","学術研究・専門技術サービス業","石川県","清流市","1991","44","小規模","748","設計・知財サービス","https://example.invalid/research_professional/084","設備の老朽化と保守負担を減らしたい","既存設備の故障と保守工数が増えており、更新計画と運用改善を一緒に提案できる企業を探しています。","DX推進組織の新設","設備の老朽化と保守負担を減らしたい","既存設備の故障と保守工数が増えており、更新計画と運用改善を一緒に提案できる企業を探しています。","設備・施設","高","true","研究企画部","課長","68","false","アプローチ準備中","2026-08-30","true","本データはデモ用途の架空企業です。実在の企業・団体とは関係ありません。"
"FC-01185","合同会社ビジョンリサーチコーポレーション","合同会社 ビジョン リサーチ コーポレーション","research_professional","学術研究・専門技術サービス業","三重県","旭市","2002","145","中小企業","2610","研究開発・技術支援","https://example.invalid/research_professional/085","問い合わせと顧客対応を効率化したい","問い合わせ情報が複数部署に分散しており、対応状況を一元管理できる仕組みを探しています。","安全管理方針の強化","問い合わせと顧客対応を効率化したい","問い合わせ情報が複数部署に分散しており、対応状況を一元管理できる仕組みを探しています。","営業・顧客管理","低","true","研究企画部","責任者","85","false","未対応","2026-08-30","true","本データはデモ用途の架空企業です。実在の企業・団体とは関係ありません。"
"FC-01186","株式会社コアリサーチソリューションズ","株式会社 コア リサーチ ソリューションズ","research_professional","学術研究・専門技術サービス業","鳥取県","みなと市","2013","782","中堅企業","14858","調査・コンサルティング","https://example.invalid/research_professional/086","採用後の教育と定着を改善したい","人員拡大に対して教育担当者が不足しており、研修の標準化と定着支援を相談したいです。","業務提携の締結","採用後の教育と定着を改善したい","人員拡大に対して教育担当者が不足しており、研修の標準化と定着支援を相談したいです。","人材・労務","中","true","研究企画部","企画担当","57","false","情報収集中","2026-08-30","true","本データはデモ用途の架空企業です。実在の企業・団体とは関係ありません。"
"FC-01187","合同会社コアリサーチパートナーズ","合同会社 コア リサーチ パートナーズ","research_professional","学術研究・専門技術サービス業","愛媛県","高台市","1956","4919","大企業","98380","設計・知財サービス","https://example.invalid/research_professional/087","新サービスの販売パートナーを探したい","新サービスの提供地域を広げるため、共同提案や販売連携が可能な企業を探しています。","設備更新予算の増額","新サービスの販売パートナーを探したい","新サービスの提供地域を広げるため、共同提案や販売連携が可能な企業を探しています。","事業開発","高","true","研究企画部","部長","74","false","アプローチ準備中","2026-08-30","true","本データはデモ用途の架空企業です。実在の企業・団体とは関係ありません。"
"FC-01188","株式会社コアリサーチワークス","株式会社 コア リサーチ ワークス","research_professional","学術研究・専門技術サービス業","宮崎県","新生市","1967","40","小規模","840","研究開発・技術支援","https://example.invalid/research_professional/088","現場の安全管理と品質記録を強化したい","点検記録と事故予防の仕組みを見直しており、導入負担の小さい安全管理提案を受け付けています。","省エネ投資の開始","現場の安全管理と品質記録を強化したい","点検記録と事故予防の仕組みを見直しており、導入負担の小さい安全管理提案を受け付けています。","安全・品質","低","true","研究企画部","課長","91","false","未対応","2026-08-30","true","本データはデモ用途の架空企業です。実在の企業・団体とは関係ありません。"
"FC-01189","合同会社コアリサーチグループ","合同会社 コア リサーチ グループ","research_professional","学術研究・専門技術サービス業","秋田県","平和市","1978","293","中小企業","6446","調査・コンサルティング","https://example.invalid/research_professional/089","手作業と紙中心の業務をデジタル化したい","部門間の情報共有が手作業になっているため、現場へ定着しやすい業務システムの提案を募集しています。","新サービスの発表","手作業と紙中心の業務をデジタル化したい","部門間の情報共有が手作業になっているため、現場へ定着しやすい業務システムの提案を募集しています。","DX・IT","中","true","研究企画部","責任者","63","false","情報収集中","2026-08-30","true","本データはデモ用途の架空企業です。実在の企業・団体とは関係ありません。"
"FC-01190","株式会社コアリサーチコーポレーション","株式会社 コア リサーチ コーポレーション","research_professional","学術研究・専門技術サービス業","千葉県","希望市","1989","930","中堅企業","21390","設計・知財サービス","https://example.invalid/research_professional/090","在庫差異と配送負担を減らしたい","在庫状況の把握に時間がかかっており、入出庫と配送計画を改善する提案を募集しています。","新拠点の開設計画","在庫差異と配送負担を減らしたい","在庫状況の把握に時間がかかっており、入出庫と配送計画を改善する提案を募集しています。","物流・在庫","高","true","研究企画部","企画担当","80","true","アプローチ準備中","2026-08-30","true","本データはデモ用途の架空企業です。実在の企業・団体とは関係ありません。"
"FC-01191","合同会社アドバンスリサーチソリューションズ","合同会社 アドバンス リサーチ ソリューションズ","research_professional","学術研究・専門技術サービス業","山梨県","文化市","2000","1067","大企業","25608","研究開発・技術支援","https://example.invalid/research_professional/091","エネルギー・運用費を削減したい","拠点運営費が増加しているため、効果を測定できる省エネ・コスト削減策を求めています。","人員採用の拡大","エネルギー・運用費を削減したい","拠点運営費が増加しているため、効果を測定できる省エネ・コスト削減策を求めています。","コスト削減","低","true","研究企画部","部長","97","false","未対応","2026-08-30","true","本データはデモ用途の架空企業です。実在の企業・団体とは関係ありません。"
"FC-01192","株式会社アドバンスリサーチパートナーズ","株式会社 アドバンス リサーチ パートナーズ","research_professional","学術研究・専門技術サービス業","京都府","産業市","2011","36","小規模","900","調査・コンサルティング","https://example.invalid/research_professional/092","設備の老朽化と保守負担を減らしたい","既存設備の故障と保守工数が増えており、更新計画と運用改善を一緒に提案できる企業を探しています。","既存施設の改修","設備の老朽化と保守負担を減らしたい","既存設備の故障と保守工数が増えており、更新計画と運用改善を一緒に提案できる企業を探しています。","設備・施設","中","true","研究企画部","課長","69","false","情報収集中","2026-08-30","true","本データはデモ用途の架空企業です。実在の企業・団体とは関係ありません。"
"FC-01193","合同会社アドバンスリサーチワークス","合同会社 アドバンス リサーチ ワークス","research_professional","学術研究・専門技術サービス業","岡山県","学園市","2022","191","中小企業","4966","設計・知財サービス","https://example.invalid/research_professional/093","問い合わせと顧客対応を効率化したい","問い合わせ情報が複数部署に分散しており、対応状況を一元管理できる仕組みを探しています。","事業エリアの拡大","問い合わせと顧客対応を効率化したい","問い合わせ情報が複数部署に分散しており、対応状況を一元管理できる仕組みを探しています。","営業・顧客管理","高","true","研究企画部","責任者","86","false","アプローチ準備中","2026-08-30","true","本データはデモ用途の架空企業です。実在の企業・団体とは関係ありません。"
"FC-01194","株式会社アドバンスリサーチグループ","株式会社 アドバンス リサーチ グループ","research_professional","学術研究・専門技術サービス業","福岡県","泉市","1965","378","中堅企業","10206","研究開発・技術支援","https://example.invalid/research_professional/094","採用後の教育と定着を改善したい","人員拡大に対して教育担当者が不足しており、研修の標準化と定着支援を相談したいです。","DX推進組織の新設","採用後の教育と定着を改善したい","人員拡大に対して教育担当者が不足しており、研修の標準化と定着支援を相談したいです。","人材・労務","低","true","研究企画部","企画担当","58","false","未対応","2026-08-30","true","本データはデモ用途の架空企業です。実在の企業・団体とは関係ありません。"
"FC-01195","合同会社アドバンスリサーチコーポレーション","合同会社 アドバンス リサーチ コーポレーション","research_professional","学術研究・専門技術サービス業","沖縄県","丘陵市","1976","1215","大企業","34020","調査・コンサルティング","https://example.invalid/research_professional/095","新サービスの販売パートナーを探したい","新サービスの提供地域を広げるため、共同提案や販売連携が可能な企業を探しています。","安全管理方針の強化","新サービスの販売パートナーを探したい","新サービスの提供地域を広げるため、共同提案や販売連携が可能な企業を探しています。","事業開発","中","true","研究企画部","部長","75","false","情報収集中","2026-08-30","true","本データはデモ用途の架空企業です。実在の企業・団体とは関係ありません。"
"FC-01196","株式会社インテグラリサーチソリューションズ","株式会社 インテグラ リサーチ ソリューションズ","research_professional","学術研究・専門技術サービス業","福島県","未来市","1987","32","小規模","928","設計・知財サービス","https://example.invalid/research_professional/096","現場の安全管理と品質記録を強化したい","点検記録と事故予防の仕組みを見直しており、導入負担の小さい安全管理提案を受け付けています。","業務提携の締結","現場の安全管理と品質記録を強化したい","点検記録と事故予防の仕組みを見直しており、導入負担の小さい安全管理提案を受け付けています。","安全・品質","高","true","研究企画部","課長","92","false","アプローチ準備中","2026-08-30","true","本データはデモ用途の架空企業です。実在の企業・団体とは関係ありません。"
"FC-01197","合同会社インテグラリサーチパートナーズ","合同会社 インテグラ リサーチ パートナーズ","research_professional","学術研究・専門技術サービス業","神奈川県","中央市","1998","89","中小企業","979","研究開発・技術支援","https://example.invalid/research_professional/097","手作業と紙中心の業務をデジタル化したい","部門間の情報共有が手作業になっているため、現場へ定着しやすい業務システムの提案を募集しています。","設備更新予算の増額","手作業と紙中心の業務をデジタル化したい","部門間の情報共有が手作業になっているため、現場へ定着しやすい業務システムの提案を募集しています。","DX・IT","低","true","研究企画部","責任者","64","false","未対応","2026-08-30","true","本データはデモ用途の架空企業です。実在の企業・団体とは関係ありません。"
"FC-01198","株式会社インテグラリサーチワークス","株式会社 インテグラ リサーチ ワークス","research_professional","学術研究・専門技術サービス業","岐阜県","緑市","2009","526","中堅企業","6312","調査・コンサルティング","https://example.invalid/research_professional/098","在庫差異と配送負担を減らしたい","在庫状況の把握に時間がかかっており、入出庫と配送計画を改善する提案を募集しています。","省エネ投資の開始","在庫差異と配送負担を減らしたい","在庫状況の把握に時間がかかっており、入出庫と配送計画を改善する提案を募集しています。","物流・在庫","中","true","研究企画部","企画担当","81","false","情報収集中","2026-08-30","true","本データはデモ用途の架空企業です。実在の企業・団体とは関係ありません。"
"FC-01199","合同会社インテグラリサーチグループ","合同会社 インテグラ リサーチ グループ","research_professional","学術研究・専門技術サービス業","兵庫県","さくら市","2020","1363","大企業","17719","設計・知財サービス","https://example.invalid/research_professional/099","エネルギー・運用費を削減したい","拠点運営費が増加しているため、効果を測定できる省エネ・コスト削減策を求めています。","新サービスの発表","エネルギー・運用費を削減したい","拠点運営費が増加しているため、効果を測定できる省エネ・コスト削減策を求めています。","コスト削減","高","true","研究企画部","部長","98","false","アプローチ準備中","2026-08-30","true","本データはデモ用途の架空企業です。実在の企業・団体とは関係ありません。"
"FC-01200","株式会社インテグラリサーチコーポレーション","株式会社 インテグラ リサーチ コーポレーション","research_professional","学術研究・専門技術サービス業","山口県","ひかり市","1963","28","小規模","392","研究開発・技術支援","https://example.invalid/research_professional/100","設備の老朽化と保守負担を減らしたい","既存設備の故障と保守工数が増えており、更新計画と運用改善を一緒に提案できる企業を探しています。","新拠点の開設計画","設備の老朽化と保守負担を減らしたい","既存設備の故障と保守工数が増えており、更新計画と運用改善を一緒に提案できる企業を探しています。","設備・施設","低","true","研究企画部","課長","70","false","未対応","2026-08-30","true","本データはデモ用途の架空企業です。実在の企業・団体とは関係ありません。"
"FC-01201","合同会社アークホスピタリティソリューションズ","合同会社 アーク ホスピタリティ ソリューションズ","accommodation_food","宿泊・飲食サービス業","長崎県","あおば市","1974","237","中小企業","3555","ホテル・宿泊施設運営","https://example.invalid/accommodation_food/001","問い合わせと顧客対応を効率化したい","問い合わせ情報が複数部署に分散しており、対応状況を一元管理できる仕組みを探しています。","人員採用の拡大","問い合わせと顧客対応を効率化したい","問い合わせ情報が複数部署に分散しており、対応状況を一元管理できる仕組みを探しています。","営業・顧客管理","中","true","施設運営部","責任者","87","false","情報収集中","2026-08-30","true","本データはデモ用途の架空企業です。実在の企業・団体とは関係ありません。"
"FC-01202","株式会社アークホスピタリティパートナーズ","株式会社 アーク ホスピタリティ パートナーズ","accommodation_food","宿泊・飲食サービス業","青森県","若葉市","1985","674","中堅企業","10784","飲食店・給食事業","https://example.invalid/accommodation_food/002","採用後の教育と定着を改善したい","人員拡大に対して教育担当者が不足しており、研修の標準化と定着支援を相談したいです。","既存施設の改修","採用後の教育と定着を改善したい","人員拡大に対して教育担当者が不足しており、研修の標準化と定着支援を相談したいです。","人材・労務","高","true","施設運営部","企画担当","59","false","アプローチ準備中","2026-08-30","true","本データはデモ用途の架空企業です。実在の企業・団体とは関係ありません。"
"FC-01203","合同会社アークホスピタリティワークス","合同会社 アーク ホスピタリティ ワークス","accommodation_food","宿泊・飲食サービス業","栃木県","豊栄市","1996","1511","大企業","25687","観光施設の運営","https://example.invalid/accommodation_food/003","新サービスの販売パートナーを探したい","新サービスの提供地域を広げるため、共同提案や販売連携が可能な企業を探しています。","事業エリアの拡大","新サービスの販売パートナーを探したい","新サービスの提供地域を広げるため、共同提案や販売連携が可能な企業を探しています。","事業開発","低","true","施設運営部","部長","76","false","未対応","2026-08-30","true","本データはデモ用途の架空企業です。実在の企業・団体とは関係ありません。"
"FC-01204","株式会社アークホスピタリティグループ","株式会社 アーク ホスピタリティ グループ","accommodation_food","宿泊・飲食サービス業","富山県","清流市","2007","24","小規模","432","ホテル・宿泊施設運営","https://example.invalid/accommodation_food/004","現場の安全管理と品質記録を強化したい","点検記録と事故予防の仕組みを見直しており、導入負担の小さい安全管理提案を受け付けています。","DX推進組織の新設","現場の安全管理と品質記録を強化したい","点検記録と事故予防の仕組みを見直しており、導入負担の小さい安全管理提案を受け付けています。","安全・品質","中","true","施設運営部","課長","93","false","情報収集中","2026-08-30","true","本データはデモ用途の架空企業です。実在の企業・団体とは関係ありません。"
"FC-01205","合同会社アークホスピタリティコーポレーション","合同会社 アーク ホスピタリティ コーポレーション","accommodation_food","宿泊・飲食サービス業","愛知県","旭市","2018","135","中小企業","2565","飲食店・給食事業","https://example.invalid/accommodation_food/005","手作業と紙中心の業務をデジタル化したい","部門間の情報共有が手作業になっているため、現場へ定着しやすい業務システムの提案を募集しています。","安全管理方針の強化","手作業と紙中心の業務をデジタル化したい","部門間の情報共有が手作業になっているため、現場へ定着しやすい業務システムの提案を募集しています。","DX・IT","高","true","施設運営部","責任者","65","false","アプローチ準備中","2026-08-30","true","本データはデモ用途の架空企業です。実在の企業・団体とは関係ありません。"
"FC-01206","株式会社ネクサスホスピタリティソリューションズ","株式会社 ネクサス ホスピタリティ ソリューションズ","accommodation_food","宿泊・飲食サービス業","和歌山県","みなと市","1961","822","中堅企業","16440","観光施設の運営","https://example.invalid/accommodation_food/006","在庫差異と配送負担を減らしたい","在庫状況の把握に時間がかかっており、入出庫と配送計画を改善する提案を募集しています。","業務提携の締結","在庫差異と配送負担を減らしたい","在庫状況の把握に時間がかかっており、入出庫と配送計画を改善する提案を募集しています。","物流・在庫","低","true","施設運営部","企画担当","82","false","未対応","2026-08-30","true","本データはデモ用途の架空企業です。実在の企業・団体とは関係ありません。"
"FC-01207","合同会社ネクサスホスピタリティパートナーズ","合同会社 ネクサス ホスピタリティ パートナーズ","accommodation_food","宿泊・飲食サービス業","香川県","高台市","1972","1659","大企業","34839","ホテル・宿泊施設運営","https://example.invalid/accommodation_food/007","エネルギー・運用費を削減したい","拠点運営費が増加しているため、効果を測定できる省エネ・コスト削減策を求めています。","設備更新予算の増額","エネルギー・運用費を削減したい","拠点運営費が増加しているため、効果を測定できる省エネ・コスト削減策を求めています。","コスト削減","中","true","施設運営部","部長","99","true","情報収集中","2026-08-30","true","本データはデモ用途の架空企業です。実在の企業・団体とは関係ありません。"
"FC-01208","株式会社ネクサスホスピタリティワークス","株式会社 ネクサス ホスピタリティ ワークス","accommodation_food","宿泊・飲食サービス業","大分県","新生市","1983","20","小規模","440","飲食店・給食事業","https://example.invalid/accommodation_food/008","設備の老朽化と保守負担を減らしたい","既存設備の故障と保守工数が増えており、更新計画と運用改善を一緒に提案できる企業を探しています。","省エネ投資の開始","設備の老朽化と保守負担を減らしたい","既存設備の故障と保守工数が増えており、更新計画と運用改善を一緒に提案できる企業を探しています。","設備・施設","高","true","施設運営部","課長","71","false","アプローチ準備中","2026-08-30","true","本データはデモ用途の架空企業です。実在の企業・団体とは関係ありません。"
"FC-01209","合同会社ネクサスホスピタリティグループ","合同会社 ネクサス ホスピタリティ グループ","accommodation_food","宿泊・飲食サービス業","宮城県","平和市","1994","283","中小企業","6509","観光施設の運営","https://example.invalid/accommodation_food/009","問い合わせと顧客対応を効率化したい","問い合わせ情報が複数部署に分散しており、対応状況を一元管理できる仕組みを探しています。","新サービスの発表","問い合わせと顧客対応を効率化したい","問い合わせ情報が複数部署に分散しており、対応状況を一元管理できる仕組みを探しています。","営業・顧客管理","低","true","施設運営部","責任者","88","false","未対応","2026-08-30","true","本データはデモ用途の架空企業です。実在の企業・団体とは関係ありません。"
"FC-01210","株式会社ネクサスホスピタリティコーポレーション","株式会社 ネクサス ホスピタリティ コーポレーション","accommodation_food","宿泊・飲食サービス業","埼玉県","希望市","2005","970","中堅企業","23280","ホテル・宿泊施設運営","https://example.invalid/accommodation_food/010","採用後の教育と定着を改善したい","人員拡大に対して教育担当者が不足しており、研修の標準化と定着支援を相談したいです。","新拠点の開設計画","採用後の教育と定着を改善したい","人員拡大に対して教育担当者が不足しており、研修の標準化と定着支援を相談したいです。","人材・労務","中","true","施設運営部","企画担当","60","false","情報収集中","2026-08-30","true","本データはデモ用途の架空企業です。実在の企業・団体とは関係ありません。"
"FC-01211","合同会社プライムホスピタリティソリューションズ","合同会社 プライム ホスピタリティ ソリューションズ","accommodation_food","宿泊・飲食サービス業","福井県","文化市","2016","1807","大企業","45175","飲食店・給食事業","https://example.invalid/accommodation_food/011","新サービスの販売パートナーを探したい","新サービスの提供地域を広げるため、共同提案や販売連携が可能な企業を探しています。","人員採用の拡大","新サービスの販売パートナーを探したい","新サービスの提供地域を広げるため、共同提案や販売連携が可能な企業を探しています。","事業開発","高","true","施設運営部","部長","77","false","アプローチ準備中","2026-08-30","true","本データはデモ用途の架空企業です。実在の企業・団体とは関係ありません。"
"FC-01212","株式会社プライムホスピタリティパートナーズ","株式会社 プライム ホスピタリティ パートナーズ","accommodation_food","宿泊・飲食サービス業","滋賀県","産業市","1959","16","小規模","416","観光施設の運営","https://example.invalid/accommodation_food/012","現場の安全管理と品質記録を強化したい","点検記録と事故予防の仕組みを見直しており、導入負担の小さい安全管理提案を受け付けています。","既存施設の改修","現場の安全管理と品質記録を強化したい","点検記録と事故予防の仕組みを見直しており、導入負担の小さい安全管理提案を受け付けています。","安全・品質","低","true","施設運営部","課長","94","false","未対応","2026-08-30","true","本データはデモ用途の架空企業です。実在の企業・団体とは関係ありません。"
"FC-01213","合同会社プライムホスピタリティワークス","合同会社 プライム ホスピタリティ ワークス","accommodation_food","宿泊・飲食サービス業","島根県","学園市","1970","181","中小企業","4887","ホテル・宿泊施設運営","https://example.invalid/accommodation_food/013","手作業と紙中心の業務をデジタル化したい","部門間の情報共有が手作業になっているため、現場へ定着しやすい業務システムの提案を募集しています。","事業エリアの拡大","手作業と紙中心の業務をデジタル化したい","部門間の情報共有が手作業になっているため、現場へ定着しやすい業務システムの提案を募集しています。","DX・IT","中","true","施設運営部","責任者","66","false","情報収集中","2026-08-30","true","本データはデモ用途の架空企業です。実在の企業・団体とは関係ありません。"
"FC-01214","株式会社プライムホスピタリティグループ","株式会社 プライム ホスピタリティ グループ","accommodation_food","宿泊・飲食サービス業","高知県","泉市","1981","418","中堅企業","11704","飲食店・給食事業","https://example.invalid/accommodation_food/014","在庫差異と配送負担を減らしたい","在庫状況の把握に時間がかかっており、入出庫と配送計画を改善する提案を募集しています。","DX推進組織の新設","在庫差異と配送負担を減らしたい","在庫状況の把握に時間がかかっており、入出庫と配送計画を改善する提案を募集しています。","物流・在庫","高","true","施設運営部","企画担当","83","false","アプローチ準備中","2026-08-30","true","本データはデモ用途の架空企業です。実在の企業・団体とは関係ありません。"
"FC-01215","合同会社プライムホスピタリティコーポレーション","合同会社 プライム ホスピタリティ コーポレーション","accommodation_food","宿泊・飲食サービス業","鹿児島県","丘陵市","1992","1955","大企業","56695","観光施設の運営","https://example.invalid/accommodation_food/015","エネルギー・運用費を削減したい","拠点運営費が増加しているため、効果を測定できる省エネ・コスト削減策を求めています。","安全管理方針の強化","エネルギー・運用費を削減したい","拠点運営費が増加しているため、効果を測定できる省エネ・コスト削減策を求めています。","コスト削減","低","true","施設運営部","部長","55","false","未対応","2026-08-30","true","本データはデモ用途の架空企業です。実在の企業・団体とは関係ありません。"
"FC-01216","株式会社オルビスホスピタリティソリューションズ","株式会社 オルビス ホスピタリティ ソリューションズ","accommodation_food","宿泊・飲食サービス業","山形県","未来市","2003","12","小規模","132","ホテル・宿泊施設運営","https://example.invalid/accommodation_food/016","設備の老朽化と保守負担を減らしたい","既存設備の故障と保守工数が増えており、更新計画と運用改善を一緒に提案できる企業を探しています。","業務提携の締結","設備の老朽化と保守負担を減らしたい","既存設備の故障と保守工数が増えており、更新計画と運用改善を一緒に提案できる企業を探しています。","設備・施設","中","true","施設運営部","課長","72","false","情報収集中","2026-08-30","true","本データはデモ用途の架空企業です。実在の企業・団体とは関係ありません。"
"FC-01217","合同会社オルビスホスピタリティパートナーズ","合同会社 オルビス ホスピタリティ パートナーズ","accommodation_food","宿泊・飲食サービス業","東京都","中央市","2014","79","中小企業","948","飲食店・給食事業","https://example.invalid/accommodation_food/017","問い合わせと顧客対応を効率化したい","問い合わせ情報が複数部署に分散しており、対応状況を一元管理できる仕組みを探しています。","設備更新予算の増額","問い合わせと顧客対応を効率化したい","問い合わせ情報が複数部署に分散しており、対応状況を一元管理できる仕組みを探しています。","営業・顧客管理","高","true","施設運営部","責任者","89","false","アプローチ準備中","2026-08-30","true","本データはデモ用途の架空企業です。実在の企業・団体とは関係ありません。"
"FC-01218","株式会社オルビスホスピタリティワークス","株式会社 オルビス ホスピタリティ ワークス","accommodation_food","宿泊・飲食サービス業","長野県","緑市","1957","566","中堅企業","7358","観光施設の運営","https://example.invalid/accommodation_food/018","採用後の教育と定着を改善したい","人員拡大に対して教育担当者が不足しており、研修の標準化と定着支援を相談したいです。","省エネ投資の開始","採用後の教育と定着を改善したい","人員拡大に対して教育担当者が不足しており、研修の標準化と定着支援を相談したいです。","人材・労務","低","true","施設運営部","企画担当","61","false","未対応","2026-08-30","true","本データはデモ用途の架空企業です。実在の企業・団体とは関係ありません。"
"FC-01219","合同会社オルビスホスピタリティグループ","合同会社 オルビス ホスピタリティ グループ","accommodation_food","宿泊・飲食サービス業","大阪府","さくら市","1968","2103","大企業","29442","ホテル・宿泊施設運営","https://example.invalid/accommodation_food/019","新サービスの販売パートナーを探したい","新サービスの提供地域を広げるため、共同提案や販売連携が可能な企業を探しています。","新サービスの発表","新サービスの販売パートナーを探したい","新サービスの提供地域を広げるため、共同提案や販売連携が可能な企業を探しています。","事業開発","中","true","施設運営部","部長","78","false","情報収集中","2026-08-30","true","本データはデモ用途の架空企業です。実在の企業・団体とは関係ありません。"
"FC-01220","株式会社オルビスホスピタリティコーポレーション","株式会社 オルビス ホスピタリティ コーポレーション","accommodation_food","宿泊・飲食サービス業","広島県","ひかり市","1979","46","小規模","690","飲食店・給食事業","https://example.invalid/accommodation_food/020","現場の安全管理と品質記録を強化したい","点検記録と事故予防の仕組みを見直しており、導入負担の小さい安全管理提案を受け付けています。","新拠点の開設計画","現場の安全管理と品質記録を強化したい","点検記録と事故予防の仕組みを見直しており、導入負担の小さい安全管理提案を受け付けています。","安全・品質","高","true","施設運営部","課長","95","false","アプローチ準備中","2026-08-30","true","本データはデモ用途の架空企業です。実在の企業・団体とは関係ありません。"
"FC-01221","合同会社ノヴァホスピタリティソリューションズ","合同会社 ノヴァ ホスピタリティ ソリューションズ","accommodation_food","宿泊・飲食サービス業","佐賀県","あおば市","1990","227","中小企業","3632","観光施設の運営","https://example.invalid/accommodation_food/021","手作業と紙中心の業務をデジタル化したい","部門間の情報共有が手作業になっているため、現場へ定着しやすい業務システムの提案を募集しています。","人員採用の拡大","手作業と紙中心の業務をデジタル化したい","部門間の情報共有が手作業になっているため、現場へ定着しやすい業務システムの提案を募集しています。","DX・IT","低","true","施設運営部","責任者","67","false","未対応","2026-08-30","true","本データはデモ用途の架空企業です。実在の企業・団体とは関係ありません。"
"FC-01222","株式会社ノヴァホスピタリティパートナーズ","株式会社 ノヴァ ホスピタリティ パートナーズ","accommodation_food","宿泊・飲食サービス業","北海道","若葉市","2001","714","中堅企業","12138","ホテル・宿泊施設運営","https://example.invalid/accommodation_food/022","在庫差異と配送負担を減らしたい","在庫状況の把握に時間がかかっており、入出庫と配送計画を改善する提案を募集しています。","既存施設の改修","在庫差異と配送負担を減らしたい","在庫状況の把握に時間がかかっており、入出庫と配送計画を改善する提案を募集しています。","物流・在庫","中","true","施設運営部","企画担当","84","false","情報収集中","2026-08-30","true","本データはデモ用途の架空企業です。実在の企業・団体とは関係ありません。"
"FC-01223","合同会社ノヴァホスピタリティワークス","合同会社 ノヴァ ホスピタリティ ワークス","accommodation_food","宿泊・飲食サービス業","茨城県","豊栄市","2012","2251","大企業","40518","飲食店・給食事業","https://example.invalid/accommodation_food/023","エネルギー・運用費を削減したい","拠点運営費が増加しているため、効果を測定できる省エネ・コスト削減策を求めています。","事業エリアの拡大","エネルギー・運用費を削減したい","拠点運営費が増加しているため、効果を測定できる省エネ・コスト削減策を求めています。","コスト削減","高","true","施設運営部","部長","56","false","アプローチ準備中","2026-08-30","true","本データはデモ用途の架空企業です。実在の企業・団体とは関係ありません。"
"FC-01224","株式会社ノヴァホスピタリティグループ","株式会社 ノヴァ ホスピタリティ グループ","accommodation_food","宿泊・飲食サービス業","新潟県","清流市","1955","42","小規模","798","観光施設の運営","https://example.invalid/accommodation_food/024","設備の老朽化と保守負担を減らしたい","既存設備の故障と保守工数が増えており、更新計画と運用改善を一緒に提案できる企業を探しています。","DX推進組織の新設","設備の老朽化と保守負担を減らしたい","既存設備の故障と保守工数が増えており、更新計画と運用改善を一緒に提案できる企業を探しています。","設備・施設","低","true","施設運営部","課長","73","true","未対応","2026-08-30","true","本データはデモ用途の架空企業です。実在の企業・団体とは関係ありません。"
"FC-01225","合同会社ノヴァホスピタリティコーポレーション","合同会社 ノヴァ ホスピタリティ コーポレーション","accommodation_food","宿泊・飲食サービス業","静岡県","旭市","1966","125","中小企業","2500","ホテル・宿泊施設運営","https://example.invalid/accommodation_food/025","問い合わせと顧客対応を効率化したい","問い合わせ情報が複数部署に分散しており、対応状況を一元管理できる仕組みを探しています。","安全管理方針の強化","問い合わせと顧客対応を効率化したい","問い合わせ情報が複数部署に分散しており、対応状況を一元管理できる仕組みを探しています。","営業・顧客管理","中","true","施設運営部","責任者","90","false","情報収集中","2026-08-30","true","本データはデモ用途の架空企業です。実在の企業・団体とは関係ありません。"
"FC-01226","株式会社ユニゾンホスピタリティソリューションズ","株式会社 ユニゾン ホスピタリティ ソリューションズ","accommodation_food","宿泊・飲食サービス業","奈良県","みなと市","1977","862","中堅企業","18102","飲食店・給食事業","https://example.invalid/accommodation_food/026","採用後の教育と定着を改善したい","人員拡大に対して教育担当者が不足しており、研修の標準化と定着支援を相談したいです。","業務提携の締結","採用後の教育と定着を改善したい","人員拡大に対して教育担当者が不足しており、研修の標準化と定着支援を相談したいです。","人材・労務","高","true","施設運営部","企画担当","62","false","アプローチ準備中","2026-08-30","true","本データはデモ用途の架空企業です。実在の企業・団体とは関係ありません。"
"FC-01227","合同会社ユニゾンホスピタリティパートナーズ","合同会社 ユニゾン ホスピタリティ パートナーズ","accommodation_food","宿泊・飲食サービス業","徳島県","高台市","1988","2399","大企業","52778","観光施設の運営","https://example.invalid/accommodation_food/027","新サービスの販売パートナーを探したい","新サービスの提供地域を広げるため、共同提案や販売連携が可能な企業を探しています。","設備更新予算の増額","新サービスの販売パートナーを探したい","新サービスの提供地域を広げるため、共同提案や販売連携が可能な企業を探しています。","事業開発","低","true","施設運営部","部長","79","false","未対応","2026-08-30","true","本データはデモ用途の架空企業です。実在の企業・団体とは関係ありません。"
"FC-01228","株式会社ユニゾンホスピタリティワークス","株式会社 ユニゾン ホスピタリティ ワークス","accommodation_food","宿泊・飲食サービス業","熊本県","新生市","1999","38","小規模","874","ホテル・宿泊施設運営","https://example.invalid/accommodation_food/028","現場の安全管理と品質記録を強化したい","点検記録と事故予防の仕組みを見直しており、導入負担の小さい安全管理提案を受け付けています。","省エネ投資の開始","現場の安全管理と品質記録を強化したい","点検記録と事故予防の仕組みを見直しており、導入負担の小さい安全管理提案を受け付けています。","安全・品質","中","true","施設運営部","課長","96","false","情報収集中","2026-08-30","true","本データはデモ用途の架空企業です。実在の企業・団体とは関係ありません。"
"FC-01229","合同会社ユニゾンホスピタリティグループ","合同会社 ユニゾン ホスピタリティ グループ","accommodation_food","宿泊・飲食サービス業","岩手県","平和市","2010","273","中小企業","6552","飲食店・給食事業","https://example.invalid/accommodation_food/029","手作業と紙中心の業務をデジタル化したい","部門間の情報共有が手作業になっているため、現場へ定着しやすい業務システムの提案を募集しています。","新サービスの発表","手作業と紙中心の業務をデジタル化したい","部門間の情報共有が手作業になっているため、現場へ定着しやすい業務システムの提案を募集しています。","DX・IT","高","true","施設運営部","責任者","68","false","アプローチ準備中","2026-08-30","true","本データはデモ用途の架空企業です。実在の企業・団体とは関係ありません。"
"FC-01230","株式会社ユニゾンホスピタリティコーポレーション","株式会社 ユニゾン ホスピタリティ コーポレーション","accommodation_food","宿泊・飲食サービス業","群馬県","希望市","2021","310","中堅企業","7750","観光施設の運営","https://example.invalid/accommodation_food/030","在庫差異と配送負担を減らしたい","在庫状況の把握に時間がかかっており、入出庫と配送計画を改善する提案を募集しています。","新拠点の開設計画","在庫差異と配送負担を減らしたい","在庫状況の把握に時間がかかっており、入出庫と配送計画を改善する提案を募集しています。","物流・在庫","低","true","施設運営部","企画担当","85","false","未対応","2026-08-30","true","本データはデモ用途の架空企業です。実在の企業・団体とは関係ありません。"
"FC-01231","合同会社ヴェリタスホスピタリティソリューションズ","合同会社 ヴェリタス ホスピタリティ ソリューションズ","accommodation_food","宿泊・飲食サービス業","石川県","文化市","1964","2547","大企業","66222","ホテル・宿泊施設運営","https://example.invalid/accommodation_food/031","エネルギー・運用費を削減したい","拠点運営費が増加しているため、効果を測定できる省エネ・コスト削減策を求めています。","人員採用の拡大","エネルギー・運用費を削減したい","拠点運営費が増加しているため、効果を測定できる省エネ・コスト削減策を求めています。","コスト削減","中","true","施設運営部","部長","57","false","情報収集中","2026-08-30","true","本データはデモ用途の架空企業です。実在の企業・団体とは関係ありません。"
"FC-01232","株式会社ヴェリタスホスピタリティパートナーズ","株式会社 ヴェリタス ホスピタリティ パートナーズ","accommodation_food","宿泊・飲食サービス業","三重県","産業市","1975","34","小規模","918","飲食店・給食事業","https://example.invalid/accommodation_food/032","設備の老朽化と保守負担を減らしたい","既存設備の故障と保守工数が増えており、更新計画と運用改善を一緒に提案できる企業を探しています。","既存施設の改修","設備の老朽化と保守負担を減らしたい","既存設備の故障と保守工数が増えており、更新計画と運用改善を一緒に提案できる企業を探しています。","設備・施設","高","true","施設運営部","課長","74","false","アプローチ準備中","2026-08-30","true","本データはデモ用途の架空企業です。実在の企業・団体とは関係ありません。"
"FC-01233","合同会社ヴェリタスホスピタリティワークス","合同会社 ヴェリタス ホスピタリティ ワークス","accommodation_food","宿泊・飲食サービス業","鳥取県","学園市","1986","171","中小企業","4788","観光施設の運営","https://example.invalid/accommodation_food/033","問い合わせと顧客対応を効率化したい","問い合わせ情報が複数部署に分散しており、対応状況を一元管理できる仕組みを探しています。","事業エリアの拡大","問い合わせと顧客対応を効率化したい","問い合わせ情報が複数部署に分散しており、対応状況を一元管理できる仕組みを探しています。","営業・顧客管理","低","true","施設運営部","責任者","91","false","未対応","2026-08-30","true","本データはデモ用途の架空企業です。実在の企業・団体とは関係ありません。"
"FC-01234","株式会社ヴェリタスホスピタリティグループ","株式会社 ヴェリタス ホスピタリティ グループ","accommodation_food","宿泊・飲食サービス業","愛媛県","泉市","1997","458","中堅企業","13282","ホテル・宿泊施設運営","https://example.invalid/accommodation_food/034","採用後の教育と定着を改善したい","人員拡大に対して教育担当者が不足しており、研修の標準化と定着支援を相談したいです。","DX推進組織の新設","採用後の教育と定着を改善したい","人員拡大に対して教育担当者が不足しており、研修の標準化と定着支援を相談したいです。","人材・労務","中","true","施設運営部","企画担当","63","false","情報収集中","2026-08-30","true","本データはデモ用途の架空企業です。実在の企業・団体とは関係ありません。"
"FC-01235","合同会社ヴェリタスホスピタリティコーポレーション","合同会社 ヴェリタス ホスピタリティ コーポレーション","accommodation_food","宿泊・飲食サービス業","宮崎県","丘陵市","2008","2695","大企業","29645","飲食店・給食事業","https://example.invalid/accommodation_food/035","新サービスの販売パートナーを探したい","新サービスの提供地域を広げるため、共同提案や販売連携が可能な企業を探しています。","安全管理方針の強化","新サービスの販売パートナーを探したい","新サービスの提供地域を広げるため、共同提案や販売連携が可能な企業を探しています。","事業開発","高","true","施設運営部","部長","80","false","アプローチ準備中","2026-08-30","true","本データはデモ用途の架空企業です。実在の企業・団体とは関係ありません。"
"FC-01236","株式会社セントラルホスピタリティソリューションズ","株式会社 セントラル ホスピタリティ ソリューションズ","accommodation_food","宿泊・飲食サービス業","秋田県","未来市","2019","30","小規模","360","観光施設の運営","https://example.invalid/accommodation_food/036","現場の安全管理と品質記録を強化したい","点検記録と事故予防の仕組みを見直しており、導入負担の小さい安全管理提案を受け付けています。","業務提携の締結","現場の安全管理と品質記録を強化したい","点検記録と事故予防の仕組みを見直しており、導入負担の小さい安全管理提案を受け付けています。","安全・品質","低","true","施設運営部","課長","97","false","未対応","2026-08-30","true","本データはデモ用途の架空企業です。実在の企業・団体とは関係ありません。"
"FC-01237","合同会社セントラルホスピタリティパートナーズ","合同会社 セントラル ホスピタリティ パートナーズ","accommodation_food","宿泊・飲食サービス業","千葉県","中央市","1962","69","中小企業","897","ホテル・宿泊施設運営","https://example.invalid/accommodation_food/037","手作業と紙中心の業務をデジタル化したい","部門間の情報共有が手作業になっているため、現場へ定着しやすい業務システムの提案を募集しています。","設備更新予算の増額","手作業と紙中心の業務をデジタル化したい","部門間の情報共有が手作業になっているため、現場へ定着しやすい業務システムの提案を募集しています。","DX・IT","中","true","施設運営部","責任者","69","false","情報収集中","2026-08-30","true","本データはデモ用途の架空企業です。実在の企業・団体とは関係ありません。"
"FC-01238","株式会社セントラルホスピタリティワークス","株式会社 セントラル ホスピタリティ ワークス","accommodation_food","宿泊・飲食サービス業","山梨県","緑市","1973","606","中堅企業","8484","飲食店・給食事業","https://example.invalid/accommodation_food/038","在庫差異と配送負担を減らしたい","在庫状況の把握に時間がかかっており、入出庫と配送計画を改善する提案を募集しています。","省エネ投資の開始","在庫差異と配送負担を減らしたい","在庫状況の把握に時間がかかっており、入出庫と配送計画を改善する提案を募集しています。","物流・在庫","高","true","施設運営部","企画担当","86","false","アプローチ準備中","2026-08-30","true","本データはデモ用途の架空企業です。実在の企業・団体とは関係ありません。"
"FC-01239","合同会社セントラルホスピタリティグループ","合同会社 セントラル ホスピタリティ グループ","accommodation_food","宿泊・飲食サービス業","京都府","さくら市","1984","2843","大企業","42645","観光施設の運営","https://example.invalid/accommodation_food/039","エネルギー・運用費を削減したい","拠点運営費が増加しているため、効果を測定できる省エネ・コスト削減策を求めています。","新サービスの発表","エネルギー・運用費を削減したい","拠点運営費が増加しているため、効果を測定できる省エネ・コスト削減策を求めています。","コスト削減","低","true","施設運営部","部長","58","false","未対応","2026-08-30","true","本データはデモ用途の架空企業です。実在の企業・団体とは関係ありません。"
"FC-01240","株式会社セントラルホスピタリティコーポレーション","株式会社 セントラル ホスピタリティ コーポレーション","accommodation_food","宿泊・飲食サービス業","岡山県","ひかり市","1995","26","小規模","416","ホテル・宿泊施設運営","https://example.invalid/accommodation_food/040","設備の老朽化と保守負担を減らしたい","既存設備の故障と保守工数が増えており、更新計画と運用改善を一緒に提案できる企業を探しています。","新拠点の開設計画","設備の老朽化と保守負担を減らしたい","既存設備の故障と保守工数が増えており、更新計画と運用改善を一緒に提案できる企業を探しています。","設備・施設","中","true","施設運営部","課長","75","false","情報収集中","2026-08-30","true","本データはデモ用途の架空企業です。実在の企業・団体とは関係ありません。"
"FC-01241","合同会社エレメントホスピタリティソリューションズ","合同会社 エレメント ホスピタリティ ソリューションズ","accommodation_food","宿泊・飲食サービス業","福岡県","あおば市","2006","217","中小企業","3689","飲食店・給食事業","https://example.invalid/accommodation_food/041","問い合わせと顧客対応を効率化したい","問い合わせ情報が複数部署に分散しており、対応状況を一元管理できる仕組みを探しています。","人員採用の拡大","問い合わせと顧客対応を効率化したい","問い合わせ情報が複数部署に分散しており、対応状況を一元管理できる仕組みを探しています。","営業・顧客管理","高","true","施設運営部","責任者","92","true","アプローチ準備中","2026-08-30","true","本データはデモ用途の架空企業です。実在の企業・団体とは関係ありません。"
"FC-01242","株式会社エレメントホスピタリティパートナーズ","株式会社 エレメント ホスピタリティ パートナーズ","accommodation_food","宿泊・飲食サービス業","沖縄県","若葉市","2017","754","中堅企業","13572","観光施設の運営","https://example.invalid/accommodation_food/042","採用後の教育と定着を改善したい","人員拡大に対して教育担当者が不足しており、研修の標準化と定着支援を相談したいです。","既存施設の改修","採用後の教育と定着を改善したい","人員拡大に対して教育担当者が不足しており、研修の標準化と定着支援を相談したいです。","人材・労務","低","true","施設運営部","企画担当","64","false","未対応","2026-08-30","true","本データはデモ用途の架空企業です。実在の企業・団体とは関係ありません。"
"FC-01243","合同会社エレメントホスピタリティワークス","合同会社 エレメント ホスピタリティ ワークス","accommodation_food","宿泊・飲食サービス業","福島県","豊栄市","1960","2991","大企業","56829","ホテル・宿泊施設運営","https://example.invalid/accommodation_food/043","新サービスの販売パートナーを探したい","新サービスの提供地域を広げるため、共同提案や販売連携が可能な企業を探しています。","事業エリアの拡大","新サービスの販売パートナーを探したい","新サービスの提供地域を広げるため、共同提案や販売連携が可能な企業を探しています。","事業開発","中","true","施設運営部","部長","81","false","情報収集中","2026-08-30","true","本データはデモ用途の架空企業です。実在の企業・団体とは関係ありません。"
"FC-01244","株式会社エレメントホスピタリティグループ","株式会社 エレメント ホスピタリティ グループ","accommodation_food","宿泊・飲食サービス業","神奈川県","清流市","1971","22","小規模","440","飲食店・給食事業","https://example.invalid/accommodation_food/044","現場の安全管理と品質記録を強化したい","点検記録と事故予防の仕組みを見直しており、導入負担の小さい安全管理提案を受け付けています。","DX推進組織の新設","現場の安全管理と品質記録を強化したい","点検記録と事故予防の仕組みを見直しており、導入負担の小さい安全管理提案を受け付けています。","安全・品質","高","true","施設運営部","課長","98","false","アプローチ準備中","2026-08-30","true","本データはデモ用途の架空企業です。実在の企業・団体とは関係ありません。"
"FC-01245","合同会社エレメントホスピタリティコーポレーション","合同会社 エレメント ホスピタリティ コーポレーション","accommodation_food","宿泊・飲食サービス業","岐阜県","旭市","1982","115","中小企業","2415","観光施設の運営","https://example.invalid/accommodation_food/045","手作業と紙中心の業務をデジタル化したい","部門間の情報共有が手作業になっているため、現場へ定着しやすい業務システムの提案を募集しています。","安全管理方針の強化","手作業と紙中心の業務をデジタル化したい","部門間の情報共有が手作業になっているため、現場へ定着しやすい業務システムの提案を募集しています。","DX・IT","低","true","施設運営部","責任者","70","false","未対応","2026-08-30","true","本データはデモ用途の架空企業です。実在の企業・団体とは関係ありません。"
"FC-01246","株式会社クレストホスピタリティソリューションズ","株式会社 クレスト ホスピタリティ ソリューションズ","accommodation_food","宿泊・飲食サービス業","兵庫県","みなと市","1993","902","中堅企業","19844","ホテル・宿泊施設運営","https://example.invalid/accommodation_food/046","在庫差異と配送負担を減らしたい","在庫状況の把握に時間がかかっており、入出庫と配送計画を改善する提案を募集しています。","業務提携の締結","在庫差異と配送負担を減らしたい","在庫状況の把握に時間がかかっており、入出庫と配送計画を改善する提案を募集しています。","物流・在庫","中","true","施設運営部","企画担当","87","false","情報収集中","2026-08-30","true","本データはデモ用途の架空企業です。実在の企業・団体とは関係ありません。"
"FC-01247","合同会社クレストホスピタリティパートナーズ","合同会社 クレスト ホスピタリティ パートナーズ","accommodation_food","宿泊・飲食サービス業","山口県","高台市","2004","3139","大企業","72197","飲食店・給食事業","https://example.invalid/accommodation_food/047","エネルギー・運用費を削減したい","拠点運営費が増加しているため、効果を測定できる省エネ・コスト削減策を求めています。","設備更新予算の増額","エネルギー・運用費を削減したい","拠点運営費が増加しているため、効果を測定できる省エネ・コスト削減策を求めています。","コスト削減","高","true","施設運営部","部長","59","false","アプローチ準備中","2026-08-30","true","本データはデモ用途の架空企業です。実在の企業・団体とは関係ありません。"
"FC-01248","株式会社クレストホスピタリティワークス","株式会社 クレスト ホスピタリティ ワークス","accommodation_food","宿泊・飲食サービス業","長崎県","新生市","2015","18","小規模","432","観光施設の運営","https://example.invalid/accommodation_food/048","設備の老朽化と保守負担を減らしたい","既存設備の故障と保守工数が増えており、更新計画と運用改善を一緒に提案できる企業を探しています。","省エネ投資の開始","設備の老朽化と保守負担を減らしたい","既存設備の故障と保守工数が増えており、更新計画と運用改善を一緒に提案できる企業を探しています。","設備・施設","低","true","施設運営部","課長","76","false","未対応","2026-08-30","true","本データはデモ用途の架空企業です。実在の企業・団体とは関係ありません。"
"FC-01249","合同会社クレストホスピタリティグループ","合同会社 クレスト ホスピタリティ グループ","accommodation_food","宿泊・飲食サービス業","青森県","平和市","1958","263","中小企業","6575","ホテル・宿泊施設運営","https://example.invalid/accommodation_food/049","問い合わせと顧客対応を効率化したい","問い合わせ情報が複数部署に分散しており、対応状況を一元管理できる仕組みを探しています。","新サービスの発表","問い合わせと顧客対応を効率化したい","問い合わせ情報が複数部署に分散しており、対応状況を一元管理できる仕組みを探しています。","営業・顧客管理","中","true","施設運営部","責任者","93","false","情報収集中","2026-08-30","true","本データはデモ用途の架空企業です。実在の企業・団体とは関係ありません。"
"FC-01250","株式会社クレストホスピタリティコーポレーション","株式会社 クレスト ホスピタリティ コーポレーション","accommodation_food","宿泊・飲食サービス業","栃木県","希望市","1969","350","中堅企業","9100","飲食店・給食事業","https://example.invalid/accommodation_food/050","採用後の教育と定着を改善したい","人員拡大に対して教育担当者が不足しており、研修の標準化と定着支援を相談したいです。","新拠点の開設計画","採用後の教育と定着を改善したい","人員拡大に対して教育担当者が不足しており、研修の標準化と定着支援を相談したいです。","人材・労務","高","true","施設運営部","企画担当","65","false","アプローチ準備中","2026-08-30","true","本データはデモ用途の架空企業です。実在の企業・団体とは関係ありません。"
"FC-01251","合同会社シナジーホスピタリティソリューションズ","合同会社 シナジー ホスピタリティ ソリューションズ","accommodation_food","宿泊・飲食サービス業","富山県","文化市","1980","3287","大企業","88749","観光施設の運営","https://example.invalid/accommodation_food/051","新サービスの販売パートナーを探したい","新サービスの提供地域を広げるため、共同提案や販売連携が可能な企業を探しています。","人員採用の拡大","新サービスの販売パートナーを探したい","新サービスの提供地域を広げるため、共同提案や販売連携が可能な企業を探しています。","事業開発","低","true","施設運営部","部長","82","false","未対応","2026-08-30","true","本データはデモ用途の架空企業です。実在の企業・団体とは関係ありません。"
"FC-01252","株式会社シナジーホスピタリティパートナーズ","株式会社 シナジー ホスピタリティ パートナーズ","accommodation_food","宿泊・飲食サービス業","愛知県","産業市","1991","14","小規模","392","ホテル・宿泊施設運営","https://example.invalid/accommodation_food/052","現場の安全管理と品質記録を強化したい","点検記録と事故予防の仕組みを見直しており、導入負担の小さい安全管理提案を受け付けています。","既存施設の改修","現場の安全管理と品質記録を強化したい","点検記録と事故予防の仕組みを見直しており、導入負担の小さい安全管理提案を受け付けています。","安全・品質","中","true","施設運営部","課長","99","false","情報収集中","2026-08-30","true","本データはデモ用途の架空企業です。実在の企業・団体とは関係ありません。"
"FC-01253","合同会社シナジーホスピタリティワークス","合同会社 シナジー ホスピタリティ ワークス","accommodation_food","宿泊・飲食サービス業","和歌山県","学園市","2002","161","中小企業","4669","飲食店・給食事業","https://example.invalid/accommodation_food/053","手作業と紙中心の業務をデジタル化したい","部門間の情報共有が手作業になっているため、現場へ定着しやすい業務システムの提案を募集しています。","事業エリアの拡大","手作業と紙中心の業務をデジタル化したい","部門間の情報共有が手作業になっているため、現場へ定着しやすい業務システムの提案を募集しています。","DX・IT","高","true","施設運営部","責任者","71","false","アプローチ準備中","2026-08-30","true","本データはデモ用途の架空企業です。実在の企業・団体とは関係ありません。"
"FC-01254","株式会社シナジーホスピタリティグループ","株式会社 シナジー ホスピタリティ グループ","accommodation_food","宿泊・飲食サービス業","香川県","泉市","2013","498","中堅企業","5478","観光施設の運営","https://example.invalid/accommodation_food/054","在庫差異と配送負担を減らしたい","在庫状況の把握に時間がかかっており、入出庫と配送計画を改善する提案を募集しています。","DX推進組織の新設","在庫差異と配送負担を減らしたい","在庫状況の把握に時間がかかっており、入出庫と配送計画を改善する提案を募集しています。","物流・在庫","低","true","施設運営部","企画担当","88","false","未対応","2026-08-30","true","本データはデモ用途の架空企業です。実在の企業・団体とは関係ありません。"
"FC-01255","合同会社シナジーホスピタリティコーポレーション","合同会社 シナジー ホスピタリティ コーポレーション","accommodation_food","宿泊・飲食サービス業","大分県","丘陵市","1956","3435","大企業","41220","ホテル・宿泊施設運営","https://example.invalid/accommodation_food/055","エネルギー・運用費を削減したい","拠点運営費が増加しているため、効果を測定できる省エネ・コスト削減策を求めています。","安全管理方針の強化","エネルギー・運用費を削減したい","拠点運営費が増加しているため、効果を測定できる省エネ・コスト削減策を求めています。","コスト削減","中","true","施設運営部","部長","60","false","情報収集中","2026-08-30","true","本データはデモ用途の架空企業です。実在の企業・団体とは関係ありません。"
"FC-01256","株式会社アクセルホスピタリティソリューションズ","株式会社 アクセル ホスピタリティ ソリューションズ","accommodation_food","宿泊・飲食サービス業","宮城県","未来市","1967","48","小規模","624","飲食店・給食事業","https://example.invalid/accommodation_food/056","設備の老朽化と保守負担を減らしたい","既存設備の故障と保守工数が増えており、更新計画と運用改善を一緒に提案できる企業を探しています。","業務提携の締結","設備の老朽化と保守負担を減らしたい","既存設備の故障と保守工数が増えており、更新計画と運用改善を一緒に提案できる企業を探しています。","設備・施設","高","true","施設運営部","課長","77","false","アプローチ準備中","2026-08-30","true","本データはデモ用途の架空企業です。実在の企業・団体とは関係ありません。"
"FC-01257","合同会社アクセルホスピタリティパートナーズ","合同会社 アクセル ホスピタリティ パートナーズ","accommodation_food","宿泊・飲食サービス業","埼玉県","中央市","1978","59","中小企業","826","観光施設の運営","https://example.invalid/accommodation_food/057","問い合わせと顧客対応を効率化したい","問い合わせ情報が複数部署に分散しており、対応状況を一元管理できる仕組みを探しています。","設備更新予算の増額","問い合わせと顧客対応を効率化したい","問い合わせ情報が複数部署に分散しており、対応状況を一元管理できる仕組みを探しています。","営業・顧客管理","低","true","施設運営部","責任者","94","false","未対応","2026-08-30","true","本データはデモ用途の架空企業です。実在の企業・団体とは関係ありません。"
"FC-01258","株式会社アクセルホスピタリティワークス","株式会社 アクセル ホスピタリティ ワークス","accommodation_food","宿泊・飲食サービス業","福井県","緑市","1989","646","中堅企業","9690","ホテル・宿泊施設運営","https://example.invalid/accommodation_food/058","採用後の教育と定着を改善したい","人員拡大に対して教育担当者が不足しており、研修の標準化と定着支援を相談したいです。","省エネ投資の開始","採用後の教育と定着を改善したい","人員拡大に対して教育担当者が不足しており、研修の標準化と定着支援を相談したいです。","人材・労務","中","true","施設運営部","企画担当","66","true","情報収集中","2026-08-30","true","本データはデモ用途の架空企業です。実在の企業・団体とは関係ありません。"
"FC-01259","合同会社アクセルホスピタリティグループ","合同会社 アクセル ホスピタリティ グループ","accommodation_food","宿泊・飲食サービス業","滋賀県","さくら市","2000","3583","大企業","57328","飲食店・給食事業","https://example.invalid/accommodation_food/059","新サービスの販売パートナーを探したい","新サービスの提供地域を広げるため、共同提案や販売連携が可能な企業を探しています。","新サービスの発表","新サービスの販売パートナーを探したい","新サービスの提供地域を広げるため、共同提案や販売連携が可能な企業を探しています。","事業開発","高","true","施設運営部","部長","83","false","アプローチ準備中","2026-08-30","true","本データはデモ用途の架空企業です。実在の企業・団体とは関係ありません。"
"FC-01260","株式会社アクセルホスピタリティコーポレーション","株式会社 アクセル ホスピタリティ コーポレーション","accommodation_food","宿泊・飲食サービス業","島根県","ひかり市","2011","44","小規模","748","観光施設の運営","https://example.invalid/accommodation_food/060","現場の安全管理と品質記録を強化したい","点検記録と事故予防の仕組みを見直しており、導入負担の小さい安全管理提案を受け付けています。","新拠点の開設計画","現場の安全管理と品質記録を強化したい","点検記録と事故予防の仕組みを見直しており、導入負担の小さい安全管理提案を受け付けています。","安全・品質","低","true","施設運営部","課長","55","false","未対応","2026-08-30","true","本データはデモ用途の架空企業です。実在の企業・団体とは関係ありません。"
"FC-01261","合同会社リードホスピタリティソリューションズ","合同会社 リード ホスピタリティ ソリューションズ","accommodation_food","宿泊・飲食サービス業","高知県","あおば市","2022","207","中小企業","3726","ホテル・宿泊施設運営","https://example.invalid/accommodation_food/061","手作業と紙中心の業務をデジタル化したい","部門間の情報共有が手作業になっているため、現場へ定着しやすい業務システムの提案を募集しています。","人員採用の拡大","手作業と紙中心の業務をデジタル化したい","部門間の情報共有が手作業になっているため、現場へ定着しやすい業務システムの提案を募集しています。","DX・IT","中","true","施設運営部","責任者","72","false","情報収集中","2026-08-30","true","本データはデモ用途の架空企業です。実在の企業・団体とは関係ありません。"
"FC-01262","株式会社リードホスピタリティパートナーズ","株式会社 リード ホスピタリティ パートナーズ","accommodation_food","宿泊・飲食サービス業","鹿児島県","若葉市","1965","794","中堅企業","15086","飲食店・給食事業","https://example.invalid/accommodation_food/062","在庫差異と配送負担を減らしたい","在庫状況の把握に時間がかかっており、入出庫と配送計画を改善する提案を募集しています。","既存施設の改修","在庫差異と配送負担を減らしたい","在庫状況の把握に時間がかかっており、入出庫と配送計画を改善する提案を募集しています。","物流・在庫","高","true","施設運営部","企画担当","89","false","アプローチ準備中","2026-08-30","true","本データはデモ用途の架空企業です。実在の企業・団体とは関係ありません。"
"FC-01263","合同会社リードホスピタリティワークス","合同会社 リード ホスピタリティ ワークス","accommodation_food","宿泊・飲食サービス業","山形県","豊栄市","1976","3731","大企業","74620","観光施設の運営","https://example.invalid/accommodation_food/063","エネルギー・運用費を削減したい","拠点運営費が増加しているため、効果を測定できる省エネ・コスト削減策を求めています。","事業エリアの拡大","エネルギー・運用費を削減したい","拠点運営費が増加しているため、効果を測定できる省エネ・コスト削減策を求めています。","コスト削減","低","true","施設運営部","部長","61","false","未対応","2026-08-30","true","本データはデモ用途の架空企業です。実在の企業・団体とは関係ありません。"
"FC-01264","株式会社リードホスピタリティグループ","株式会社 リード ホスピタリティ グループ","accommodation_food","宿泊・飲食サービス業","東京都","清流市","1987","40","小規模","840","ホテル・宿泊施設運営","https://example.invalid/accommodation_food/064","設備の老朽化と保守負担を減らしたい","既存設備の故障と保守工数が増えており、更新計画と運用改善を一緒に提案できる企業を探しています。","DX推進組織の新設","設備の老朽化と保守負担を減らしたい","既存設備の故障と保守工数が増えており、更新計画と運用改善を一緒に提案できる企業を探しています。","設備・施設","中","true","施設運営部","課長","78","false","情報収集中","2026-08-30","true","本データはデモ用途の架空企業です。実在の企業・団体とは関係ありません。"
"FC-01265","合同会社リードホスピタリティコーポレーション","合同会社 リード ホスピタリティ コーポレーション","accommodation_food","宿泊・飲食サービス業","長野県","旭市","1998","105","中小企業","2310","飲食店・給食事業","https://example.invalid/accommodation_food/065","問い合わせと顧客対応を効率化したい","問い合わせ情報が複数部署に分散しており、対応状況を一元管理できる仕組みを探しています。","安全管理方針の強化","問い合わせと顧客対応を効率化したい","問い合わせ情報が複数部署に分散しており、対応状況を一元管理できる仕組みを探しています。","営業・顧客管理","高","true","施設運営部","責任者","95","false","アプローチ準備中","2026-08-30","true","本データはデモ用途の架空企業です。実在の企業・団体とは関係ありません。"
"FC-01266","株式会社ハーモニーホスピタリティソリューションズ","株式会社 ハーモニー ホスピタリティ ソリューションズ","accommodation_food","宿泊・飲食サービス業","大阪府","みなと市","2009","942","中堅企業","21666","観光施設の運営","https://example.invalid/accommodation_food/066","採用後の教育と定着を改善したい","人員拡大に対して教育担当者が不足しており、研修の標準化と定着支援を相談したいです。","業務提携の締結","採用後の教育と定着を改善したい","人員拡大に対して教育担当者が不足しており、研修の標準化と定着支援を相談したいです。","人材・労務","低","true","施設運営部","企画担当","67","false","未対応","2026-08-30","true","本データはデモ用途の架空企業です。実在の企業・団体とは関係ありません。"
"FC-01267","合同会社ハーモニーホスピタリティパートナーズ","合同会社 ハーモニー ホスピタリティ パートナーズ","accommodation_food","宿泊・飲食サービス業","広島県","高台市","2020","3879","大企業","93096","ホテル・宿泊施設運営","https://example.invalid/accommodation_food/067","新サービスの販売パートナーを探したい","新サービスの提供地域を広げるため、共同提案や販売連携が可能な企業を探しています。","設備更新予算の増額","新サービスの販売パートナーを探したい","新サービスの提供地域を広げるため、共同提案や販売連携が可能な企業を探しています。","事業開発","中","true","施設運営部","部長","84","false","情報収集中","2026-08-30","true","本データはデモ用途の架空企業です。実在の企業・団体とは関係ありません。"
"FC-01268","株式会社ハーモニーホスピタリティワークス","株式会社 ハーモニー ホスピタリティ ワークス","accommodation_food","宿泊・飲食サービス業","佐賀県","新生市","1963","36","小規模","900","飲食店・給食事業","https://example.invalid/accommodation_food/068","現場の安全管理と品質記録を強化したい","点検記録と事故予防の仕組みを見直しており、導入負担の小さい安全管理提案を受け付けています。","省エネ投資の開始","現場の安全管理と品質記録を強化したい","点検記録と事故予防の仕組みを見直しており、導入負担の小さい安全管理提案を受け付けています。","安全・品質","高","true","施設運営部","課長","56","false","アプローチ準備中","2026-08-30","true","本データはデモ用途の架空企業です。実在の企業・団体とは関係ありません。"
"FC-01269","合同会社ハーモニーホスピタリティグループ","合同会社 ハーモニー ホスピタリティ グループ","accommodation_food","宿泊・飲食サービス業","北海道","平和市","1974","253","中小企業","6578","観光施設の運営","https://example.invalid/accommodation_food/069","手作業と紙中心の業務をデジタル化したい","部門間の情報共有が手作業になっているため、現場へ定着しやすい業務システムの提案を募集しています。","新サービスの発表","手作業と紙中心の業務をデジタル化したい","部門間の情報共有が手作業になっているため、現場へ定着しやすい業務システムの提案を募集しています。","DX・IT","低","true","施設運営部","責任者","73","false","未対応","2026-08-30","true","本データはデモ用途の架空企業です。実在の企業・団体とは関係ありません。"
"FC-01270","株式会社ハーモニーホスピタリティコーポレーション","株式会社 ハーモニー ホスピタリティ コーポレーション","accommodation_food","宿泊・飲食サービス業","茨城県","希望市","1985","390","中堅企業","10530","ホテル・宿泊施設運営","https://example.invalid/accommodation_food/070","在庫差異と配送負担を減らしたい","在庫状況の把握に時間がかかっており、入出庫と配送計画を改善する提案を募集しています。","新拠点の開設計画","在庫差異と配送負担を減らしたい","在庫状況の把握に時間がかかっており、入出庫と配送計画を改善する提案を募集しています。","物流・在庫","中","true","施設運営部","企画担当","90","false","情報収集中","2026-08-30","true","本データはデモ用途の架空企業です。実在の企業・団体とは関係ありません。"
"FC-01271","合同会社ブリッジホスピタリティソリューションズ","合同会社 ブリッジ ホスピタリティ ソリューションズ","accommodation_food","宿泊・飲食サービス業","新潟県","文化市","1996","4027","大企業","112756","飲食店・給食事業","https://example.invalid/accommodation_food/071","エネルギー・運用費を削減したい","拠点運営費が増加しているため、効果を測定できる省エネ・コスト削減策を求めています。","人員採用の拡大","エネルギー・運用費を削減したい","拠点運営費が増加しているため、効果を測定できる省エネ・コスト削減策を求めています。","コスト削減","高","true","施設運営部","部長","62","false","アプローチ準備中","2026-08-30","true","本データはデモ用途の架空企業です。実在の企業・団体とは関係ありません。"
"FC-01272","株式会社ブリッジホスピタリティパートナーズ","株式会社 ブリッジ ホスピタリティ パートナーズ","accommodation_food","宿泊・飲食サービス業","静岡県","産業市","2007","32","小規模","928","観光施設の運営","https://example.invalid/accommodation_food/072","設備の老朽化と保守負担を減らしたい","既存設備の故障と保守工数が増えており、更新計画と運用改善を一緒に提案できる企業を探しています。","既存施設の改修","設備の老朽化と保守負担を減らしたい","既存設備の故障と保守工数が増えており、更新計画と運用改善を一緒に提案できる企業を探しています。","設備・施設","低","true","施設運営部","課長","79","false","未対応","2026-08-30","true","本データはデモ用途の架空企業です。実在の企業・団体とは関係ありません。"
"FC-01273","合同会社ブリッジホスピタリティワークス","合同会社 ブリッジ ホスピタリティ ワークス","accommodation_food","宿泊・飲食サービス業","奈良県","学園市","2018","151","中小企業","1661","ホテル・宿泊施設運営","https://example.invalid/accommodation_food/073","問い合わせと顧客対応を効率化したい","問い合わせ情報が複数部署に分散しており、対応状況を一元管理できる仕組みを探しています。","事業エリアの拡大","問い合わせと顧客対応を効率化したい","問い合わせ情報が複数部署に分散しており、対応状況を一元管理できる仕組みを探しています。","営業・顧客管理","中","true","施設運営部","責任者","96","false","情報収集中","2026-08-30","true","本データはデモ用途の架空企業です。実在の企業・団体とは関係ありません。"
"FC-01274","株式会社ブリッジホスピタリティグループ","株式会社 ブリッジ ホスピタリティ グループ","accommodation_food","宿泊・飲食サービス業","徳島県","泉市","1961","538","中堅企業","6456","飲食店・給食事業","https://example.invalid/accommodation_food/074","採用後の教育と定着を改善したい","人員拡大に対して教育担当者が不足しており、研修の標準化と定着支援を相談したいです。","DX推進組織の新設","採用後の教育と定着を改善したい","人員拡大に対して教育担当者が不足しており、研修の標準化と定着支援を相談したいです。","人材・労務","高","true","施設運営部","企画担当","68","false","アプローチ準備中","2026-08-30","true","本データはデモ用途の架空企業です。実在の企業・団体とは関係ありません。"
"FC-01275","合同会社ブリッジホスピタリティコーポレーション","合同会社 ブリッジ ホスピタリティ コーポレーション","accommodation_food","宿泊・飲食サービス業","熊本県","丘陵市","1972","4175","大企業","54275","観光施設の運営","https://example.invalid/accommodation_food/075","新サービスの販売パートナーを探したい","新サービスの提供地域を広げるため、共同提案や販売連携が可能な企業を探しています。","安全管理方針の強化","新サービスの販売パートナーを探したい","新サービスの提供地域を広げるため、共同提案や販売連携が可能な企業を探しています。","事業開発","低","true","施設運営部","部長","85","true","未対応","2026-08-30","true","本データはデモ用途の架空企業です。実在の企業・団体とは関係ありません。"
"FC-01276","株式会社フォーカスホスピタリティソリューションズ","株式会社 フォーカス ホスピタリティ ソリューションズ","accommodation_food","宿泊・飲食サービス業","岩手県","未来市","1983","28","小規模","392","ホテル・宿泊施設運営","https://example.invalid/accommodation_food/076","現場の安全管理と品質記録を強化したい","点検記録と事故予防の仕組みを見直しており、導入負担の小さい安全管理提案を受け付けています。","業務提携の締結","現場の安全管理と品質記録を強化したい","点検記録と事故予防の仕組みを見直しており、導入負担の小さい安全管理提案を受け付けています。","安全・品質","中","true","施設運営部","課長","57","false","情報収集中","2026-08-30","true","本データはデモ用途の架空企業です。実在の企業・団体とは関係ありません。"
"FC-01277","合同会社フォーカスホスピタリティパートナーズ","合同会社 フォーカス ホスピタリティ パートナーズ","accommodation_food","宿泊・飲食サービス業","群馬県","中央市","1994","299","中小企業","4485","飲食店・給食事業","https://example.invalid/accommodation_food/077","手作業と紙中心の業務をデジタル化したい","部門間の情報共有が手作業になっているため、現場へ定着しやすい業務システムの提案を募集しています。","設備更新予算の増額","手作業と紙中心の業務をデジタル化したい","部門間の情報共有が手作業になっているため、現場へ定着しやすい業務システムの提案を募集しています。","DX・IT","高","true","施設運営部","責任者","74","false","アプローチ準備中","2026-08-30","true","本データはデモ用途の架空企業です。実在の企業・団体とは関係ありません。"
"FC-01278","株式会社フォーカスホスピタリティワークス","株式会社 フォーカス ホスピタリティ ワークス","accommodation_food","宿泊・飲食サービス業","石川県","緑市","2005","686","中堅企業","10976","観光施設の運営","https://example.invalid/accommodation_food/078","在庫差異と配送負担を減らしたい","在庫状況の把握に時間がかかっており、入出庫と配送計画を改善する提案を募集しています。","省エネ投資の開始","在庫差異と配送負担を減らしたい","在庫状況の把握に時間がかかっており、入出庫と配送計画を改善する提案を募集しています。","物流・在庫","低","true","施設運営部","企画担当","91","false","未対応","2026-08-30","true","本データはデモ用途の架空企業です。実在の企業・団体とは関係ありません。"
"FC-01279","合同会社フォーカスホスピタリティグループ","合同会社 フォーカス ホスピタリティ グループ","accommodation_food","宿泊・飲食サービス業","三重県","さくら市","2016","4323","大企業","73491","ホテル・宿泊施設運営","https://example.invalid/accommodation_food/079","エネルギー・運用費を削減したい","拠点運営費が増加しているため、効果を測定できる省エネ・コスト削減策を求めています。","新サービスの発表","エネルギー・運用費を削減したい","拠点運営費が増加しているため、効果を測定できる省エネ・コスト削減策を求めています。","コスト削減","中","true","施設運営部","部長","63","false","情報収集中","2026-08-30","true","本データはデモ用途の架空企業です。実在の企業・団体とは関係ありません。"
"FC-01280","株式会社フォーカスホスピタリティコーポレーション","株式会社 フォーカス ホスピタリティ コーポレーション","accommodation_food","宿泊・飲食サービス業","鳥取県","ひかり市","1959","24","小規模","432","飲食店・給食事業","https://example.invalid/accommodation_food/080","設備の老朽化と保守負担を減らしたい","既存設備の故障と保守工数が増えており、更新計画と運用改善を一緒に提案できる企業を探しています。","新拠点の開設計画","設備の老朽化と保守負担を減らしたい","既存設備の故障と保守工数が増えており、更新計画と運用改善を一緒に提案できる企業を探しています。","設備・施設","高","true","施設運営部","課長","80","false","アプローチ準備中","2026-08-30","true","本データはデモ用途の架空企業です。実在の企業・団体とは関係ありません。"
"FC-01281","合同会社ビジョンホスピタリティソリューションズ","合同会社 ビジョン ホスピタリティ ソリューションズ","accommodation_food","宿泊・飲食サービス業","愛媛県","あおば市","1970","197","中小企業","3743","観光施設の運営","https://example.invalid/accommodation_food/081","問い合わせと顧客対応を効率化したい","問い合わせ情報が複数部署に分散しており、対応状況を一元管理できる仕組みを探しています。","人員採用の拡大","問い合わせと顧客対応を効率化したい","問い合わせ情報が複数部署に分散しており、対応状況を一元管理できる仕組みを探しています。","営業・顧客管理","低","true","施設運営部","責任者","97","false","未対応","2026-08-30","true","本データはデモ用途の架空企業です。実在の企業・団体とは関係ありません。"
"FC-01282","株式会社ビジョンホスピタリティパートナーズ","株式会社 ビジョン ホスピタリティ パートナーズ","accommodation_food","宿泊・飲食サービス業","宮崎県","若葉市","1981","834","中堅企業","16680","ホテル・宿泊施設運営","https://example.invalid/accommodation_food/082","採用後の教育と定着を改善したい","人員拡大に対して教育担当者が不足しており、研修の標準化と定着支援を相談したいです。","既存施設の改修","採用後の教育と定着を改善したい","人員拡大に対して教育担当者が不足しており、研修の標準化と定着支援を相談したいです。","人材・労務","中","true","施設運営部","企画担当","69","false","情報収集中","2026-08-30","true","本データはデモ用途の架空企業です。実在の企業・団体とは関係ありません。"
"FC-01283","合同会社ビジョンホスピタリティワークス","合同会社 ビジョン ホスピタリティ ワークス","accommodation_food","宿泊・飲食サービス業","秋田県","豊栄市","1992","4471","大企業","93891","飲食店・給食事業","https://example.invalid/accommodation_food/083","新サービスの販売パートナーを探したい","新サービスの提供地域を広げるため、共同提案や販売連携が可能な企業を探しています。","事業エリアの拡大","新サービスの販売パートナーを探したい","新サービスの提供地域を広げるため、共同提案や販売連携が可能な企業を探しています。","事業開発","高","true","施設運営部","部長","86","false","アプローチ準備中","2026-08-30","true","本データはデモ用途の架空企業です。実在の企業・団体とは関係ありません。"
"FC-01284","株式会社ビジョンホスピタリティグループ","株式会社 ビジョン ホスピタリティ グループ","accommodation_food","宿泊・飲食サービス業","千葉県","清流市","2003","20","小規模","440","観光施設の運営","https://example.invalid/accommodation_food/084","現場の安全管理と品質記録を強化したい","点検記録と事故予防の仕組みを見直しており、導入負担の小さい安全管理提案を受け付けています。","DX推進組織の新設","現場の安全管理と品質記録を強化したい","点検記録と事故予防の仕組みを見直しており、導入負担の小さい安全管理提案を受け付けています。","安全・品質","低","true","施設運営部","課長","58","false","未対応","2026-08-30","true","本データはデモ用途の架空企業です。実在の企業・団体とは関係ありません。"
"FC-01285","合同会社ビジョンホスピタリティコーポレーション","合同会社 ビジョン ホスピタリティ コーポレーション","accommodation_food","宿泊・飲食サービス業","山梨県","旭市","2014","95","中小企業","2185","ホテル・宿泊施設運営","https://example.invalid/accommodation_food/085","手作業と紙中心の業務をデジタル化したい","部門間の情報共有が手作業になっているため、現場へ定着しやすい業務システムの提案を募集しています。","安全管理方針の強化","手作業と紙中心の業務をデジタル化したい","部門間の情報共有が手作業になっているため、現場へ定着しやすい業務システムの提案を募集しています。","DX・IT","中","true","施設運営部","責任者","75","false","情報収集中","2026-08-30","true","本データはデモ用途の架空企業です。実在の企業・団体とは関係ありません。"
"FC-01286","株式会社コアホスピタリティソリューションズ","株式会社 コア ホスピタリティ ソリューションズ","accommodation_food","宿泊・飲食サービス業","京都府","みなと市","1957","982","中堅企業","23568","飲食店・給食事業","https://example.invalid/accommodation_food/086","在庫差異と配送負担を減らしたい","在庫状況の把握に時間がかかっており、入出庫と配送計画を改善する提案を募集しています。","業務提携の締結","在庫差異と配送負担を減らしたい","在庫状況の把握に時間がかかっており、入出庫と配送計画を改善する提案を募集しています。","物流・在庫","高","true","施設運営部","企画担当","92","false","アプローチ準備中","2026-08-30","true","本データはデモ用途の架空企業です。実在の企業・団体とは関係ありません。"
"FC-01287","合同会社コアホスピタリティパートナーズ","合同会社 コア ホスピタリティ パートナーズ","accommodation_food","宿泊・飲食サービス業","岡山県","高台市","1968","4619","大企業","115475","観光施設の運営","https://example.invalid/accommodation_food/087","エネルギー・運用費を削減したい","拠点運営費が増加しているため、効果を測定できる省エネ・コスト削減策を求めています。","設備更新予算の増額","エネルギー・運用費を削減したい","拠点運営費が増加しているため、効果を測定できる省エネ・コスト削減策を求めています。","コスト削減","低","true","施設運営部","部長","64","false","未対応","2026-08-30","true","本データはデモ用途の架空企業です。実在の企業・団体とは関係ありません。"
"FC-01288","株式会社コアホスピタリティワークス","株式会社 コア ホスピタリティ ワークス","accommodation_food","宿泊・飲食サービス業","福岡県","新生市","1979","16","小規模","416","ホテル・宿泊施設運営","https://example.invalid/accommodation_food/088","設備の老朽化と保守負担を減らしたい","既存設備の故障と保守工数が増えており、更新計画と運用改善を一緒に提案できる企業を探しています。","省エネ投資の開始","設備の老朽化と保守負担を減らしたい","既存設備の故障と保守工数が増えており、更新計画と運用改善を一緒に提案できる企業を探しています。","設備・施設","中","true","施設運営部","課長","81","false","情報収集中","2026-08-30","true","本データはデモ用途の架空企業です。実在の企業・団体とは関係ありません。"
"FC-01289","合同会社コアホスピタリティグループ","合同会社 コア ホスピタリティ グループ","accommodation_food","宿泊・飲食サービス業","沖縄県","平和市","1990","243","中小企業","6561","飲食店・給食事業","https://example.invalid/accommodation_food/089","問い合わせと顧客対応を効率化したい","問い合わせ情報が複数部署に分散しており、対応状況を一元管理できる仕組みを探しています。","新サービスの発表","問い合わせと顧客対応を効率化したい","問い合わせ情報が複数部署に分散しており、対応状況を一元管理できる仕組みを探しています。","営業・顧客管理","高","true","施設運営部","責任者","98","false","アプローチ準備中","2026-08-30","true","本データはデモ用途の架空企業です。実在の企業・団体とは関係ありません。"
"FC-01290","株式会社コアホスピタリティコーポレーション","株式会社 コア ホスピタリティ コーポレーション","accommodation_food","宿泊・飲食サービス業","福島県","希望市","2001","430","中堅企業","12040","観光施設の運営","https://example.invalid/accommodation_food/090","採用後の教育と定着を改善したい","人員拡大に対して教育担当者が不足しており、研修の標準化と定着支援を相談したいです。","新拠点の開設計画","採用後の教育と定着を改善したい","人員拡大に対して教育担当者が不足しており、研修の標準化と定着支援を相談したいです。","人材・労務","低","true","施設運営部","企画担当","70","false","未対応","2026-08-30","true","本データはデモ用途の架空企業です。実在の企業・団体とは関係ありません。"
"FC-01291","合同会社アドバンスホスピタリティソリューションズ","合同会社 アドバンス ホスピタリティ ソリューションズ","accommodation_food","宿泊・飲食サービス業","神奈川県","文化市","2012","4767","大企業","138243","ホテル・宿泊施設運営","https://example.invalid/accommodation_food/091","新サービスの販売パートナーを探したい","新サービスの提供地域を広げるため、共同提案や販売連携が可能な企業を探しています。","人員採用の拡大","新サービスの販売パートナーを探したい","新サービスの提供地域を広げるため、共同提案や販売連携が可能な企業を探しています。","事業開発","中","true","施設運営部","部長","87","false","情報収集中","2026-08-30","true","本データはデモ用途の架空企業です。実在の企業・団体とは関係ありません。"
"FC-01292","株式会社アドバンスホスピタリティパートナーズ","株式会社 アドバンス ホスピタリティ パートナーズ","accommodation_food","宿泊・飲食サービス業","岐阜県","産業市","1955","12","小規模","132","飲食店・給食事業","https://example.invalid/accommodation_food/092","現場の安全管理と品質記録を強化したい","点検記録と事故予防の仕組みを見直しており、導入負担の小さい安全管理提案を受け付けています。","既存施設の改修","現場の安全管理と品質記録を強化したい","点検記録と事故予防の仕組みを見直しており、導入負担の小さい安全管理提案を受け付けています。","安全・品質","高","true","施設運営部","課長","59","true","アプローチ準備中","2026-08-30","true","本データはデモ用途の架空企業です。実在の企業・団体とは関係ありません。"
"FC-01293","合同会社アドバンスホスピタリティワークス","合同会社 アドバンス ホスピタリティ ワークス","accommodation_food","宿泊・飲食サービス業","兵庫県","学園市","1966","141","中小企業","1692","観光施設の運営","https://example.invalid/accommodation_food/093","手作業と紙中心の業務をデジタル化したい","部門間の情報共有が手作業になっているため、現場へ定着しやすい業務システムの提案を募集しています。","事業エリアの拡大","手作業と紙中心の業務をデジタル化したい","部門間の情報共有が手作業になっているため、現場へ定着しやすい業務システムの提案を募集しています。","DX・IT","低","true","施設運営部","責任者","76","false","未対応","2026-08-30","true","本データはデモ用途の架空企業です。実在の企業・団体とは関係ありません。"
"FC-01294","株式会社アドバンスホスピタリティグループ","株式会社 アドバンス ホスピタリティ グループ","accommodation_food","宿泊・飲食サービス業","山口県","泉市","1977","578","中堅企業","7514","ホテル・宿泊施設運営","https://example.invalid/accommodation_food/094","在庫差異と配送負担を減らしたい","在庫状況の把握に時間がかかっており、入出庫と配送計画を改善する提案を募集しています。","DX推進組織の新設","在庫差異と配送負担を減らしたい","在庫状況の把握に時間がかかっており、入出庫と配送計画を改善する提案を募集しています。","物流・在庫","中","true","施設運営部","企画担当","93","false","情報収集中","2026-08-30","true","本データはデモ用途の架空企業です。実在の企業・団体とは関係ありません。"
"FC-01295","合同会社アドバンスホスピタリティコーポレーション","合同会社 アドバンス ホスピタリティ コーポレーション","accommodation_food","宿泊・飲食サービス業","長崎県","丘陵市","1988","4915","大企業","68810","飲食店・給食事業","https://example.invalid/accommodation_food/095","エネルギー・運用費を削減したい","拠点運営費が増加しているため、効果を測定できる省エネ・コスト削減策を求めています。","安全管理方針の強化","エネルギー・運用費を削減したい","拠点運営費が増加しているため、効果を測定できる省エネ・コスト削減策を求めています。","コスト削減","高","true","施設運営部","部長","65","false","アプローチ準備中","2026-08-30","true","本データはデモ用途の架空企業です。実在の企業・団体とは関係ありません。"
"FC-01296","株式会社インテグラホスピタリティソリューションズ","株式会社 インテグラ ホスピタリティ ソリューションズ","accommodation_food","宿泊・飲食サービス業","青森県","未来市","1999","46","小規模","690","観光施設の運営","https://example.invalid/accommodation_food/096","設備の老朽化と保守負担を減らしたい","既存設備の故障と保守工数が増えており、更新計画と運用改善を一緒に提案できる企業を探しています。","業務提携の締結","設備の老朽化と保守負担を減らしたい","既存設備の故障と保守工数が増えており、更新計画と運用改善を一緒に提案できる企業を探しています。","設備・施設","低","true","施設運営部","課長","82","false","未対応","2026-08-30","true","本データはデモ用途の架空企業です。実在の企業・団体とは関係ありません。"
"FC-01297","合同会社インテグラホスピタリティパートナーズ","合同会社 インテグラ ホスピタリティ パートナーズ","accommodation_food","宿泊・飲食サービス業","栃木県","中央市","2010","289","中小企業","4624","ホテル・宿泊施設運営","https://example.invalid/accommodation_food/097","問い合わせと顧客対応を効率化したい","問い合わせ情報が複数部署に分散しており、対応状況を一元管理できる仕組みを探しています。","設備更新予算の増額","問い合わせと顧客対応を効率化したい","問い合わせ情報が複数部署に分散しており、対応状況を一元管理できる仕組みを探しています。","営業・顧客管理","中","true","施設運営部","責任者","99","false","情報収集中","2026-08-30","true","本データはデモ用途の架空企業です。実在の企業・団体とは関係ありません。"
"FC-01298","株式会社インテグラホスピタリティワークス","株式会社 インテグラ ホスピタリティ ワークス","accommodation_food","宿泊・飲食サービス業","富山県","緑市","2021","726","中堅企業","12342","飲食店・給食事業","https://example.invalid/accommodation_food/098","採用後の教育と定着を改善したい","人員拡大に対して教育担当者が不足しており、研修の標準化と定着支援を相談したいです。","省エネ投資の開始","採用後の教育と定着を改善したい","人員拡大に対して教育担当者が不足しており、研修の標準化と定着支援を相談したいです。","人材・労務","高","true","施設運営部","企画担当","71","false","アプローチ準備中","2026-08-30","true","本データはデモ用途の架空企業です。実在の企業・団体とは関係ありません。"
"FC-01299","合同会社インテグラホスピタリティグループ","合同会社 インテグラ ホスピタリティ グループ","accommodation_food","宿泊・飲食サービス業","愛知県","さくら市","1964","1063","大企業","19134","観光施設の運営","https://example.invalid/accommodation_food/099","新サービスの販売パートナーを探したい","新サービスの提供地域を広げるため、共同提案や販売連携が可能な企業を探しています。","新サービスの発表","新サービスの販売パートナーを探したい","新サービスの提供地域を広げるため、共同提案や販売連携が可能な企業を探しています。","事業開発","低","true","施設運営部","部長","88","false","未対応","2026-08-30","true","本データはデモ用途の架空企業です。実在の企業・団体とは関係ありません。"
"FC-01300","株式会社インテグラホスピタリティコーポレーション","株式会社 インテグラ ホスピタリティ コーポレーション","accommodation_food","宿泊・飲食サービス業","和歌山県","ひかり市","1975","42","小規模","798","ホテル・宿泊施設運営","https://example.invalid/accommodation_food/100","現場の安全管理と品質記録を強化したい","点検記録と事故予防の仕組みを見直しており、導入負担の小さい安全管理提案を受け付けています。","新拠点の開設計画","現場の安全管理と品質記録を強化したい","点検記録と事故予防の仕組みを見直しており、導入負担の小さい安全管理提案を受け付けています。","安全・品質","中","true","施設運営部","課長","60","false","情報収集中","2026-08-30","true","本データはデモ用途の架空企業です。実在の企業・団体とは関係ありません。"
"FC-01301","合同会社アークライフソリューションズ","合同会社 アーク ライフ ソリューションズ","lifestyle_entertainment","生活関連サービス・娯楽業","香川県","あおば市","1986","187","中小企業","3740","生活支援サービス","https://example.invalid/lifestyle_entertainment/001","手作業と紙中心の業務をデジタル化したい","部門間の情報共有が手作業になっているため、現場へ定着しやすい業務システムの提案を募集しています。","人員採用の拡大","手作業と紙中心の業務をデジタル化したい","部門間の情報共有が手作業になっているため、現場へ定着しやすい業務システムの提案を募集しています。","DX・IT","高","true","事業運営部","責任者","77","false","アプローチ準備中","2026-08-30","true","本データはデモ用途の架空企業です。実在の企業・団体とは関係ありません。"
"FC-01302","株式会社アークライフパートナーズ","株式会社 アーク ライフ パートナーズ","lifestyle_entertainment","生活関連サービス・娯楽業","大分県","若葉市","1997","874","中堅企業","18354","スポーツ・娯楽施設運営","https://example.invalid/lifestyle_entertainment/002","在庫差異と配送負担を減らしたい","在庫状況の把握に時間がかかっており、入出庫と配送計画を改善する提案を募集しています。","既存施設の改修","在庫差異と配送負担を減らしたい","在庫状況の把握に時間がかかっており、入出庫と配送計画を改善する提案を募集しています。","物流・在庫","低","true","事業運営部","企画担当","94","false","未対応","2026-08-30","true","本データはデモ用途の架空企業です。実在の企業・団体とは関係ありません。"
"FC-01303","合同会社アークライフワークス","合同会社 アーク ライフ ワークス","lifestyle_entertainment","生活関連サービス・娯楽業","宮城県","豊栄市","2008","1211","大企業","26642","美容・ウェルネス事業","https://example.invalid/lifestyle_entertainment/003","エネルギー・運用費を削減したい","拠点運営費が増加しているため、効果を測定できる省エネ・コスト削減策を求めています。","事業エリアの拡大","エネルギー・運用費を削減したい","拠点運営費が増加しているため、効果を測定できる省エネ・コスト削減策を求めています。","コスト削減","中","true","事業運営部","部長","66","false","情報収集中","2026-08-30","true","本データはデモ用途の架空企業です。実在の企業・団体とは関係ありません。"
"FC-01304","株式会社アークライフグループ","株式会社 アーク ライフ グループ","lifestyle_entertainment","生活関連サービス・娯楽業","埼玉県","清流市","2019","38","小規模","874","生活支援サービス","https://example.invalid/lifestyle_entertainment/004","設備の老朽化と保守負担を減らしたい","既存設備の故障と保守工数が増えており、更新計画と運用改善を一緒に提案できる企業を探しています。","DX推進組織の新設","設備の老朽化と保守負担を減らしたい","既存設備の故障と保守工数が増えており、更新計画と運用改善を一緒に提案できる企業を探しています。","設備・施設","高","true","事業運営部","課長","83","false","アプローチ準備中","2026-08-30","true","本データはデモ用途の架空企業です。実在の企業・団体とは関係ありません。"
"FC-01305","合同会社アークライフコーポレーション","合同会社 アーク ライフ コーポレーション","lifestyle_entertainment","生活関連サービス・娯楽業","福井県","旭市","1962","85","中小企業","2040","スポーツ・娯楽施設運営","https://example.invalid/lifestyle_entertainment/005","問い合わせと顧客対応を効率化したい","問い合わせ情報が複数部署に分散しており、対応状況を一元管理できる仕組みを探しています。","安全管理方針の強化","問い合わせと顧客対応を効率化したい","問い合わせ情報が複数部署に分散しており、対応状況を一元管理できる仕組みを探しています。","営業・顧客管理","低","true","事業運営部","責任者","55","false","未対応","2026-08-30","true","本データはデモ用途の架空企業です。実在の企業・団体とは関係ありません。"
"FC-01306","株式会社ネクサスライフソリューションズ","株式会社 ネクサス ライフ ソリューションズ","lifestyle_entertainment","生活関連サービス・娯楽業","滋賀県","みなと市","1973","322","中堅企業","8050","美容・ウェルネス事業","https://example.invalid/lifestyle_entertainment/006","採用後の教育と定着を改善したい","人員拡大に対して教育担当者が不足しており、研修の標準化と定着支援を相談したいです。","業務提携の締結","採用後の教育と定着を改善したい","人員拡大に対して教育担当者が不足しており、研修の標準化と定着支援を相談したいです。","人材・労務","中","true","事業運営部","企画担当","72","false","情報収集中","2026-08-30","true","本データはデモ用途の架空企業です。実在の企業・団体とは関係ありません。"
"FC-01307","合同会社ネクサスライフパートナーズ","合同会社 ネクサス ライフ パートナーズ","lifestyle_entertainment","生活関連サービス・娯楽業","島根県","高台市","1984","1359","大企業","35334","生活支援サービス","https://example.invalid/lifestyle_entertainment/007","新サービスの販売パートナーを探したい","新サービスの提供地域を広げるため、共同提案や販売連携が可能な企業を探しています。","設備更新予算の増額","新サービスの販売パートナーを探したい","新サービスの提供地域を広げるため、共同提案や販売連携が可能な企業を探しています。","事業開発","高","true","事業運営部","部長","89","false","アプローチ準備中","2026-08-30","true","本データはデモ用途の架空企業です。実在の企業・団体とは関係ありません。"
"FC-01308","株式会社ネクサスライフワークス","株式会社 ネクサス ライフ ワークス","lifestyle_entertainment","生活関連サービス・娯楽業","高知県","新生市","1995","34","小規模","918","スポーツ・娯楽施設運営","https://example.invalid/lifestyle_entertainment/008","現場の安全管理と品質記録を強化したい","点検記録と事故予防の仕組みを見直しており、導入負担の小さい安全管理提案を受け付けています。","省エネ投資の開始","現場の安全管理と品質記録を強化したい","点検記録と事故予防の仕組みを見直しており、導入負担の小さい安全管理提案を受け付けています。","安全・品質","低","true","事業運営部","課長","61","false","未対応","2026-08-30","true","本データはデモ用途の架空企業です。実在の企業・団体とは関係ありません。"
"FC-01309","合同会社ネクサスライフグループ","合同会社 ネクサス ライフ グループ","lifestyle_entertainment","生活関連サービス・娯楽業","鹿児島県","平和市","2006","233","中小企業","6524","美容・ウェルネス事業","https://example.invalid/lifestyle_entertainment/009","手作業と紙中心の業務をデジタル化したい","部門間の情報共有が手作業になっているため、現場へ定着しやすい業務システムの提案を募集しています。","新サービスの発表","手作業と紙中心の業務をデジタル化したい","部門間の情報共有が手作業になっているため、現場へ定着しやすい業務システムの提案を募集しています。","DX・IT","中","true","事業運営部","責任者","78","true","情報収集中","2026-08-30","true","本データはデモ用途の架空企業です。実在の企業・団体とは関係ありません。"
"FC-01310","株式会社ネクサスライフコーポレーション","株式会社 ネクサス ライフ コーポレーション","lifestyle_entertainment","生活関連サービス・娯楽業","山形県","希望市","2017","470","中堅企業","13630","生活支援サービス","https://example.invalid/lifestyle_entertainment/010","在庫差異と配送負担を減らしたい","在庫状況の把握に時間がかかっており、入出庫と配送計画を改善する提案を募集しています。","新拠点の開設計画","在庫差異と配送負担を減らしたい","在庫状況の把握に時間がかかっており、入出庫と配送計画を改善する提案を募集しています。","物流・在庫","高","true","事業運営部","企画担当","95","false","アプローチ準備中","2026-08-30","true","本データはデモ用途の架空企業です。実在の企業・団体とは関係ありません。"
"FC-01311","合同会社プライムライフソリューションズ","合同会社 プライム ライフ ソリューションズ","lifestyle_entertainment","生活関連サービス・娯楽業","東京都","文化市","1960","1507","大企業","16577","スポーツ・娯楽施設運営","https://example.invalid/lifestyle_entertainment/011","エネルギー・運用費を削減したい","拠点運営費が増加しているため、効果を測定できる省エネ・コスト削減策を求めています。","人員採用の拡大","エネルギー・運用費を削減したい","拠点運営費が増加しているため、効果を測定できる省エネ・コスト削減策を求めています。","コスト削減","低","true","事業運営部","部長","67","false","未対応","2026-08-30","true","本データはデモ用途の架空企業です。実在の企業・団体とは関係ありません。"
"FC-01312","株式会社プライムライフパートナーズ","株式会社 プライム ライフ パートナーズ","lifestyle_entertainment","生活関連サービス・娯楽業","長野県","産業市","1971","30","小規模","360","美容・ウェルネス事業","https://example.invalid/lifestyle_entertainment/012","設備の老朽化と保守負担を減らしたい","既存設備の故障と保守工数が増えており、更新計画と運用改善を一緒に提案できる企業を探しています。","既存施設の改修","設備の老朽化と保守負担を減らしたい","既存設備の故障と保守工数が増えており、更新計画と運用改善を一緒に提案できる企業を探しています。","設備・施設","中","true","事業運営部","課長","84","false","情報収集中","2026-08-30","true","本データはデモ用途の架空企業です。実在の企業・団体とは関係ありません。"
"FC-01313","合同会社プライムライフワークス","合同会社 プライム ライフ ワークス","lifestyle_entertainment","生活関連サービス・娯楽業","大阪府","学園市","1982","131","中小企業","1703","生活支援サービス","https://example.invalid/lifestyle_entertainment/013","問い合わせと顧客対応を効率化したい","問い合わせ情報が複数部署に分散しており、対応状況を一元管理できる仕組みを探しています。","事業エリアの拡大","問い合わせと顧客対応を効率化したい","問い合わせ情報が複数部署に分散しており、対応状況を一元管理できる仕組みを探しています。","営業・顧客管理","高","true","事業運営部","責任者","56","false","アプローチ準備中","2026-08-30","true","本データはデモ用途の架空企業です。実在の企業・団体とは関係ありません。"
"FC-01314","株式会社プライムライフグループ","株式会社 プライム ライフ グループ","lifestyle_entertainment","生活関連サービス・娯楽業","広島県","泉市","1993","618","中堅企業","8652","スポーツ・娯楽施設運営","https://example.invalid/lifestyle_entertainment/014","採用後の教育と定着を改善したい","人員拡大に対して教育担当者が不足しており、研修の標準化と定着支援を相談したいです。","DX推進組織の新設","採用後の教育と定着を改善したい","人員拡大に対して教育担当者が不足しており、研修の標準化と定着支援を相談したいです。","人材・労務","低","true","事業運営部","企画担当","73","false","未対応","2026-08-30","true","本データはデモ用途の架空企業です。実在の企業・団体とは関係ありません。"
"FC-01315","合同会社プライムライフコーポレーション","合同会社 プライム ライフ コーポレーション","lifestyle_entertainment","生活関連サービス・娯楽業","佐賀県","丘陵市","2004","1655","大企業","24825","美容・ウェルネス事業","https://example.invalid/lifestyle_entertainment/015","新サービスの販売パートナーを探したい","新サービスの提供地域を広げるため、共同提案や販売連携が可能な企業を探しています。","安全管理方針の強化","新サービスの販売パートナーを探したい","新サービスの提供地域を広げるため、共同提案や販売連携が可能な企業を探しています。","事業開発","中","true","事業運営部","部長","90","false","情報収集中","2026-08-30","true","本データはデモ用途の架空企業です。実在の企業・団体とは関係ありません。"
"FC-01316","株式会社オルビスライフソリューションズ","株式会社 オルビス ライフ ソリューションズ","lifestyle_entertainment","生活関連サービス・娯楽業","北海道","未来市","2015","26","小規模","416","生活支援サービス","https://example.invalid/lifestyle_entertainment/016","現場の安全管理と品質記録を強化したい","点検記録と事故予防の仕組みを見直しており、導入負担の小さい安全管理提案を受け付けています。","業務提携の締結","現場の安全管理と品質記録を強化したい","点検記録と事故予防の仕組みを見直しており、導入負担の小さい安全管理提案を受け付けています。","安全・品質","高","true","事業運営部","課長","62","false","アプローチ準備中","2026-08-30","true","本データはデモ用途の架空企業です。実在の企業・団体とは関係ありません。"
"FC-01317","合同会社オルビスライフパートナーズ","合同会社 オルビス ライフ パートナーズ","lifestyle_entertainment","生活関連サービス・娯楽業","茨城県","中央市","1958","279","中小企業","4743","スポーツ・娯楽施設運営","https://example.invalid/lifestyle_entertainment/017","手作業と紙中心の業務をデジタル化したい","部門間の情報共有が手作業になっているため、現場へ定着しやすい業務システムの提案を募集しています。","設備更新予算の増額","手作業と紙中心の業務をデジタル化したい","部門間の情報共有が手作業になっているため、現場へ定着しやすい業務システムの提案を募集しています。","DX・IT","低","true","事業運営部","責任者","79","false","未対応","2026-08-30","true","本データはデモ用途の架空企業です。実在の企業・団体とは関係ありません。"
"FC-01318","株式会社オルビスライフワークス","株式会社 オルビス ライフ ワークス","lifestyle_entertainment","生活関連サービス・娯楽業","新潟県","緑市","1969","766","中堅企業","13788","美容・ウェルネス事業","https://example.invalid/lifestyle_entertainment/018","在庫差異と配送負担を減らしたい","在庫状況の把握に時間がかかっており、入出庫と配送計画を改善する提案を募集しています。","省エネ投資の開始","在庫差異と配送負担を減らしたい","在庫状況の把握に時間がかかっており、入出庫と配送計画を改善する提案を募集しています。","物流・在庫","中","true","事業運営部","企画担当","96","false","情報収集中","2026-08-30","true","本データはデモ用途の架空企業です。実在の企業・団体とは関係ありません。"
"FC-01319","合同会社オルビスライフグループ","合同会社 オルビス ライフ グループ","lifestyle_entertainment","生活関連サービス・娯楽業","静岡県","さくら市","1980","1803","大企業","34257","生活支援サービス","https://example.invalid/lifestyle_entertainment/019","エネルギー・運用費を削減したい","拠点運営費が増加しているため、効果を測定できる省エネ・コスト削減策を求めています。","新サービスの発表","エネルギー・運用費を削減したい","拠点運営費が増加しているため、効果を測定できる省エネ・コスト削減策を求めています。","コスト削減","高","true","事業運営部","部長","68","false","アプローチ準備中","2026-08-30","true","本データはデモ用途の架空企業です。実在の企業・団体とは関係ありません。"
"FC-01320","株式会社オルビスライフコーポレーション","株式会社 オルビス ライフ コーポレーション","lifestyle_entertainment","生活関連サービス・娯楽業","奈良県","ひかり市","1991","22","小規模","440","スポーツ・娯楽施設運営","https://example.invalid/lifestyle_entertainment/020","設備の老朽化と保守負担を減らしたい","既存設備の故障と保守工数が増えており、更新計画と運用改善を一緒に提案できる企業を探しています。","新拠点の開設計画","設備の老朽化と保守負担を減らしたい","既存設備の故障と保守工数が増えており、更新計画と運用改善を一緒に提案できる企業を探しています。","設備・施設","低","true","事業運営部","課長","85","false","未対応","2026-08-30","true","本データはデモ用途の架空企業です。実在の企業・団体とは関係ありません。"
"FC-01321","合同会社ノヴァライフソリューションズ","合同会社 ノヴァ ライフ ソリューションズ","lifestyle_entertainment","生活関連サービス・娯楽業","徳島県","あおば市","2002","177","中小企業","3717","美容・ウェルネス事業","https://example.invalid/lifestyle_entertainment/021","問い合わせと顧客対応を効率化したい","問い合わせ情報が複数部署に分散しており、対応状況を一元管理できる仕組みを探しています。","人員採用の拡大","問い合わせと顧客対応を効率化したい","問い合わせ情報が複数部署に分散しており、対応状況を一元管理できる仕組みを探しています。","営業・顧客管理","中","true","事業運営部","責任者","57","false","情報収集中","2026-08-30","true","本データはデモ用途の架空企業です。実在の企業・団体とは関係ありません。"
"FC-01322","株式会社ノヴァライフパートナーズ","株式会社 ノヴァ ライフ パートナーズ","lifestyle_entertainment","生活関連サービス・娯楽業","熊本県","若葉市","2013","914","中堅企業","20108","生活支援サービス","https://example.invalid/lifestyle_entertainment/022","採用後の教育と定着を改善したい","人員拡大に対して教育担当者が不足しており、研修の標準化と定着支援を相談したいです。","既存施設の改修","採用後の教育と定着を改善したい","人員拡大に対して教育担当者が不足しており、研修の標準化と定着支援を相談したいです。","人材・労務","高","true","事業運営部","企画担当","74","false","アプローチ準備中","2026-08-30","true","本データはデモ用途の架空企業です。実在の企業・団体とは関係ありません。"
"FC-01323","合同会社ノヴァライフワークス","合同会社 ノヴァ ライフ ワークス","lifestyle_entertainment","生活関連サービス・娯楽業","岩手県","豊栄市","1956","1951","大企業","44873","スポーツ・娯楽施設運営","https://example.invalid/lifestyle_entertainment/023","新サービスの販売パートナーを探したい","新サービスの提供地域を広げるため、共同提案や販売連携が可能な企業を探しています。","事業エリアの拡大","新サービスの販売パートナーを探したい","新サービスの提供地域を広げるため、共同提案や販売連携が可能な企業を探しています。","事業開発","低","true","事業運営部","部長","91","false","未対応","2026-08-30","true","本データはデモ用途の架空企業です。実在の企業・団体とは関係ありません。"
"FC-01324","株式会社ノヴァライフグループ","株式会社 ノヴァ ライフ グループ","lifestyle_entertainment","生活関連サービス・娯楽業","群馬県","清流市","1967","18","小規模","432","美容・ウェルネス事業","https://example.invalid/lifestyle_entertainment/024","現場の安全管理と品質記録を強化したい","点検記録と事故予防の仕組みを見直しており、導入負担の小さい安全管理提案を受け付けています。","DX推進組織の新設","現場の安全管理と品質記録を強化したい","点検記録と事故予防の仕組みを見直しており、導入負担の小さい安全管理提案を受け付けています。","安全・品質","中","true","事業運営部","課長","63","false","情報収集中","2026-08-30","true","本データはデモ用途の架空企業です。実在の企業・団体とは関係ありません。"
"FC-01325","合同会社ノヴァライフコーポレーション","合同会社 ノヴァ ライフ コーポレーション","lifestyle_entertainment","生活関連サービス・娯楽業","石川県","旭市","1978","75","中小企業","1875","生活支援サービス","https://example.invalid/lifestyle_entertainment/025","手作業と紙中心の業務をデジタル化したい","部門間の情報共有が手作業になっているため、現場へ定着しやすい業務システムの提案を募集しています。","安全管理方針の強化","手作業と紙中心の業務をデジタル化したい","部門間の情報共有が手作業になっているため、現場へ定着しやすい業務システムの提案を募集しています。","DX・IT","高","true","事業運営部","責任者","80","false","アプローチ準備中","2026-08-30","true","本データはデモ用途の架空企業です。実在の企業・団体とは関係ありません。"
"FC-01326","株式会社ユニゾンライフソリューションズ","株式会社 ユニゾン ライフ ソリューションズ","lifestyle_entertainment","生活関連サービス・娯楽業","三重県","みなと市","1989","362","中堅企業","9412","スポーツ・娯楽施設運営","https://example.invalid/lifestyle_entertainment/026","在庫差異と配送負担を減らしたい","在庫状況の把握に時間がかかっており、入出庫と配送計画を改善する提案を募集しています。","業務提携の締結","在庫差異と配送負担を減らしたい","在庫状況の把握に時間がかかっており、入出庫と配送計画を改善する提案を募集しています。","物流・在庫","低","true","事業運営部","企画担当","97","true","未対応","2026-08-30","true","本データはデモ用途の架空企業です。実在の企業・団体とは関係ありません。"
"FC-01327","合同会社ユニゾンライフパートナーズ","合同会社 ユニゾン ライフ パートナーズ","lifestyle_entertainment","生活関連サービス・娯楽業","鳥取県","高台市","2000","2099","大企業","56673","美容・ウェルネス事業","https://example.invalid/lifestyle_entertainment/027","エネルギー・運用費を削減したい","拠点運営費が増加しているため、効果を測定できる省エネ・コスト削減策を求めています。","設備更新予算の増額","エネルギー・運用費を削減したい","拠点運営費が増加しているため、効果を測定できる省エネ・コスト削減策を求めています。","コスト削減","中","true","事業運営部","部長","69","false","情報収集中","2026-08-30","true","本データはデモ用途の架空企業です。実在の企業・団体とは関係ありません。"
"FC-01328","株式会社ユニゾンライフワークス","株式会社 ユニゾン ライフ ワークス","lifestyle_entertainment","生活関連サービス・娯楽業","愛媛県","新生市","2011","14","小規模","392","生活支援サービス","https://example.invalid/lifestyle_entertainment/028","設備の老朽化と保守負担を減らしたい","既存設備の故障と保守工数が増えており、更新計画と運用改善を一緒に提案できる企業を探しています。","省エネ投資の開始","設備の老朽化と保守負担を減らしたい","既存設備の故障と保守工数が増えており、更新計画と運用改善を一緒に提案できる企業を探しています。","設備・施設","高","true","事業運営部","課長","86","false","アプローチ準備中","2026-08-30","true","本データはデモ用途の架空企業です。実在の企業・団体とは関係ありません。"
"FC-01329","合同会社ユニゾンライフグループ","合同会社 ユニゾン ライフ グループ","lifestyle_entertainment","生活関連サービス・娯楽業","宮崎県","平和市","2022","223","中小企業","6467","スポーツ・娯楽施設運営","https://example.invalid/lifestyle_entertainment/029","問い合わせと顧客対応を効率化したい","問い合わせ情報が複数部署に分散しており、対応状況を一元管理できる仕組みを探しています。","新サービスの発表","問い合わせと顧客対応を効率化したい","問い合わせ情報が複数部署に分散しており、対応状況を一元管理できる仕組みを探しています。","営業・顧客管理","低","true","事業運営部","責任者","58","false","未対応","2026-08-30","true","本データはデモ用途の架空企業です。実在の企業・団体とは関係ありません。"
"FC-01330","株式会社ユニゾンライフコーポレーション","株式会社 ユニゾン ライフ コーポレーション","lifestyle_entertainment","生活関連サービス・娯楽業","秋田県","希望市","1965","510","中堅企業","5610","美容・ウェルネス事業","https://example.invalid/lifestyle_entertainment/030","採用後の教育と定着を改善したい","人員拡大に対して教育担当者が不足しており、研修の標準化と定着支援を相談したいです。","新拠点の開設計画","採用後の教育と定着を改善したい","人員拡大に対して教育担当者が不足しており、研修の標準化と定着支援を相談したいです。","人材・労務","中","true","事業運営部","企画担当","75","false","情報収集中","2026-08-30","true","本データはデモ用途の架空企業です。実在の企業・団体とは関係ありません。"
"FC-01331","合同会社ヴェリタスライフソリューションズ","合同会社 ヴェリタス ライフ ソリューションズ","lifestyle_entertainment","生活関連サービス・娯楽業","千葉県","文化市","1976","2247","大企業","26964","生活支援サービス","https://example.invalid/lifestyle_entertainment/031","新サービスの販売パートナーを探したい","新サービスの提供地域を広げるため、共同提案や販売連携が可能な企業を探しています。","人員採用の拡大","新サービスの販売パートナーを探したい","新サービスの提供地域を広げるため、共同提案や販売連携が可能な企業を探しています。","事業開発","高","true","事業運営部","部長","92","false","アプローチ準備中","2026-08-30","true","本データはデモ用途の架空企業です。実在の企業・団体とは関係ありません。"
"FC-01332","株式会社ヴェリタスライフパートナーズ","株式会社 ヴェリタス ライフ パートナーズ","lifestyle_entertainment","生活関連サービス・娯楽業","山梨県","産業市","1987","48","小規模","624","スポーツ・娯楽施設運営","https://example.invalid/lifestyle_entertainment/032","現場の安全管理と品質記録を強化したい","点検記録と事故予防の仕組みを見直しており、導入負担の小さい安全管理提案を受け付けています。","既存施設の改修","現場の安全管理と品質記録を強化したい","点検記録と事故予防の仕組みを見直しており、導入負担の小さい安全管理提案を受け付けています。","安全・品質","低","true","事業運営部","課長","64","false","未対応","2026-08-30","true","本データはデモ用途の架空企業です。実在の企業・団体とは関係ありません。"
"FC-01333","合同会社ヴェリタスライフワークス","合同会社 ヴェリタス ライフ ワークス","lifestyle_entertainment","生活関連サービス・娯楽業","京都府","学園市","1998","121","中小企業","1694","美容・ウェルネス事業","https://example.invalid/lifestyle_entertainment/033","手作業と紙中心の業務をデジタル化したい","部門間の情報共有が手作業になっているため、現場へ定着しやすい業務システムの提案を募集しています。","事業エリアの拡大","手作業と紙中心の業務をデジタル化したい","部門間の情報共有が手作業になっているため、現場へ定着しやすい業務システムの提案を募集しています。","DX・IT","中","true","事業運営部","責任者","81","false","情報収集中","2026-08-30","true","本データはデモ用途の架空企業です。実在の企業・団体とは関係ありません。"
"FC-01334","株式会社ヴェリタスライフグループ","株式会社 ヴェリタス ライフ グループ","lifestyle_entertainment","生活関連サービス・娯楽業","岡山県","泉市","2009","658","中堅企業","9870","生活支援サービス","https://example.invalid/lifestyle_entertainment/034","在庫差異と配送負担を減らしたい","在庫状況の把握に時間がかかっており、入出庫と配送計画を改善する提案を募集しています。","DX推進組織の新設","在庫差異と配送負担を減らしたい","在庫状況の把握に時間がかかっており、入出庫と配送計画を改善する提案を募集しています。","物流・在庫","高","true","事業運営部","企画担当","98","false","アプローチ準備中","2026-08-30","true","本データはデモ用途の架空企業です。実在の企業・団体とは関係ありません。"
"FC-01335","合同会社ヴェリタスライフコーポレーション","合同会社 ヴェリタス ライフ コーポレーション","lifestyle_entertainment","生活関連サービス・娯楽業","福岡県","丘陵市","2020","2395","大企業","38320","スポーツ・娯楽施設運営","https://example.invalid/lifestyle_entertainment/035","エネルギー・運用費を削減したい","拠点運営費が増加しているため、効果を測定できる省エネ・コスト削減策を求めています。","安全管理方針の強化","エネルギー・運用費を削減したい","拠点運営費が増加しているため、効果を測定できる省エネ・コスト削減策を求めています。","コスト削減","低","true","事業運営部","部長","70","false","未対応","2026-08-30","true","本データはデモ用途の架空企業です。実在の企業・団体とは関係ありません。"
"FC-01336","株式会社セントラルライフソリューションズ","株式会社 セントラル ライフ ソリューションズ","lifestyle_entertainment","生活関連サービス・娯楽業","沖縄県","未来市","1963","44","小規模","748","美容・ウェルネス事業","https://example.invalid/lifestyle_entertainment/036","設備の老朽化と保守負担を減らしたい","既存設備の故障と保守工数が増えており、更新計画と運用改善を一緒に提案できる企業を探しています。","業務提携の締結","設備の老朽化と保守負担を減らしたい","既存設備の故障と保守工数が増えており、更新計画と運用改善を一緒に提案できる企業を探しています。","設備・施設","中","true","事業運営部","課長","87","false","情報収集中","2026-08-30","true","本データはデモ用途の架空企業です。実在の企業・団体とは関係ありません。"
"FC-01337","合同会社セントラルライフパートナーズ","合同会社 セントラル ライフ パートナーズ","lifestyle_entertainment","生活関連サービス・娯楽業","福島県","中央市","1974","269","中小企業","4842","生活支援サービス","https://example.invalid/lifestyle_entertainment/037","問い合わせと顧客対応を効率化したい","問い合わせ情報が複数部署に分散しており、対応状況を一元管理できる仕組みを探しています。","設備更新予算の増額","問い合わせと顧客対応を効率化したい","問い合わせ情報が複数部署に分散しており、対応状況を一元管理できる仕組みを探しています。","営業・顧客管理","高","true","事業運営部","責任者","59","false","アプローチ準備中","2026-08-30","true","本データはデモ用途の架空企業です。実在の企業・団体とは関係ありません。"
"FC-01338","株式会社セントラルライフワークス","株式会社 セントラル ライフ ワークス","lifestyle_entertainment","生活関連サービス・娯楽業","神奈川県","緑市","1985","806","中堅企業","15314","スポーツ・娯楽施設運営","https://example.invalid/lifestyle_entertainment/038","採用後の教育と定着を改善したい","人員拡大に対して教育担当者が不足しており、研修の標準化と定着支援を相談したいです。","省エネ投資の開始","採用後の教育と定着を改善したい","人員拡大に対して教育担当者が不足しており、研修の標準化と定着支援を相談したいです。","人材・労務","低","true","事業運営部","企画担当","76","false","未対応","2026-08-30","true","本データはデモ用途の架空企業です。実在の企業・団体とは関係ありません。"
"FC-01339","合同会社セントラルライフグループ","合同会社 セントラル ライフ グループ","lifestyle_entertainment","生活関連サービス・娯楽業","岐阜県","さくら市","1996","2543","大企業","50860","美容・ウェルネス事業","https://example.invalid/lifestyle_entertainment/039","新サービスの販売パートナーを探したい","新サービスの提供地域を広げるため、共同提案や販売連携が可能な企業を探しています。","新サービスの発表","新サービスの販売パートナーを探したい","新サービスの提供地域を広げるため、共同提案や販売連携が可能な企業を探しています。","事業開発","中","true","事業運営部","部長","93","false","情報収集中","2026-08-30","true","本データはデモ用途の架空企業です。実在の企業・団体とは関係ありません。"
"FC-01340","株式会社セントラルライフコーポレーション","株式会社 セントラル ライフ コーポレーション","lifestyle_entertainment","生活関連サービス・娯楽業","兵庫県","ひかり市","2007","40","小規模","840","生活支援サービス","https://example.invalid/lifestyle_entertainment/040","現場の安全管理と品質記録を強化したい","点検記録と事故予防の仕組みを見直しており、導入負担の小さい安全管理提案を受け付けています。","新拠点の開設計画","現場の安全管理と品質記録を強化したい","点検記録と事故予防の仕組みを見直しており、導入負担の小さい安全管理提案を受け付けています。","安全・品質","高","true","事業運営部","課長","65","false","アプローチ準備中","2026-08-30","true","本データはデモ用途の架空企業です。実在の企業・団体とは関係ありません。"
"FC-01341","合同会社エレメントライフソリューションズ","合同会社 エレメント ライフ ソリューションズ","lifestyle_entertainment","生活関連サービス・娯楽業","山口県","あおば市","2018","167","中小企業","3674","スポーツ・娯楽施設運営","https://example.invalid/lifestyle_entertainment/041","手作業と紙中心の業務をデジタル化したい","部門間の情報共有が手作業になっているため、現場へ定着しやすい業務システムの提案を募集しています。","人員採用の拡大","手作業と紙中心の業務をデジタル化したい","部門間の情報共有が手作業になっているため、現場へ定着しやすい業務システムの提案を募集しています。","DX・IT","低","true","事業運営部","責任者","82","false","未対応","2026-08-30","true","本データはデモ用途の架空企業です。実在の企業・団体とは関係ありません。"
"FC-01342","株式会社エレメントライフパートナーズ","株式会社 エレメント ライフ パートナーズ","lifestyle_entertainment","生活関連サービス・娯楽業","長崎県","若葉市","1961","954","中堅企業","21942","美容・ウェルネス事業","https://example.invalid/lifestyle_entertainment/042","在庫差異と配送負担を減らしたい","在庫状況の把握に時間がかかっており、入出庫と配送計画を改善する提案を募集しています。","既存施設の改修","在庫差異と配送負担を減らしたい","在庫状況の把握に時間がかかっており、入出庫と配送計画を改善する提案を募集しています。","物流・在庫","中","true","事業運営部","企画担当","99","false","情報収集中","2026-08-30","true","本データはデモ用途の架空企業です。実在の企業・団体とは関係ありません。"
"FC-01343","合同会社エレメントライフワークス","合同会社 エレメント ライフ ワークス","lifestyle_entertainment","生活関連サービス・娯楽業","青森県","豊栄市","1972","2691","大企業","64584","生活支援サービス","https://example.invalid/lifestyle_entertainment/043","エネルギー・運用費を削減したい","拠点運営費が増加しているため、効果を測定できる省エネ・コスト削減策を求めています。","事業エリアの拡大","エネルギー・運用費を削減したい","拠点運営費が増加しているため、効果を測定できる省エネ・コスト削減策を求めています。","コスト削減","高","true","事業運営部","部長","71","true","アプローチ準備中","2026-08-30","true","本データはデモ用途の架空企業です。実在の企業・団体とは関係ありません。"
"FC-01344","株式会社エレメントライフグループ","株式会社 エレメント ライフ グループ","lifestyle_entertainment","生活関連サービス・娯楽業","栃木県","清流市","1983","36","小規模","900","スポーツ・娯楽施設運営","https://example.invalid/lifestyle_entertainment/044","設備の老朽化と保守負担を減らしたい","既存設備の故障と保守工数が増えており、更新計画と運用改善を一緒に提案できる企業を探しています。","DX推進組織の新設","設備の老朽化と保守負担を減らしたい","既存設備の故障と保守工数が増えており、更新計画と運用改善を一緒に提案できる企業を探しています。","設備・施設","低","true","事業運営部","課長","88","false","未対応","2026-08-30","true","本データはデモ用途の架空企業です。実在の企業・団体とは関係ありません。"
"FC-01345","合同会社エレメントライフコーポレーション","合同会社 エレメント ライフ コーポレーション","lifestyle_entertainment","生活関連サービス・娯楽業","富山県","旭市","1994","65","中小企業","1690","美容・ウェルネス事業","https://example.invalid/lifestyle_entertainment/045","問い合わせと顧客対応を効率化したい","問い合わせ情報が複数部署に分散しており、対応状況を一元管理できる仕組みを探しています。","安全管理方針の強化","問い合わせと顧客対応を効率化したい","問い合わせ情報が複数部署に分散しており、対応状況を一元管理できる仕組みを探しています。","営業・顧客管理","中","true","事業運営部","責任者","60","false","情報収集中","2026-08-30","true","本データはデモ用途の架空企業です。実在の企業・団体とは関係ありません。"
"FC-01346","株式会社クレストライフソリューションズ","株式会社 クレスト ライフ ソリューションズ","lifestyle_entertainment","生活関連サービス・娯楽業","愛知県","みなと市","2005","402","中堅企業","10854","生活支援サービス","https://example.invalid/lifestyle_entertainment/046","採用後の教育と定着を改善したい","人員拡大に対して教育担当者が不足しており、研修の標準化と定着支援を相談したいです。","業務提携の締結","採用後の教育と定着を改善したい","人員拡大に対して教育担当者が不足しており、研修の標準化と定着支援を相談したいです。","人材・労務","高","true","事業運営部","企画担当","77","false","アプローチ準備中","2026-08-30","true","本データはデモ用途の架空企業です。実在の企業・団体とは関係ありません。"
"FC-01347","合同会社クレストライフパートナーズ","合同会社 クレスト ライフ パートナーズ","lifestyle_entertainment","生活関連サービス・娯楽業","和歌山県","高台市","2016","2839","大企業","79492","スポーツ・娯楽施設運営","https://example.invalid/lifestyle_entertainment/047","新サービスの販売パートナーを探したい","新サービスの提供地域を広げるため、共同提案や販売連携が可能な企業を探しています。","設備更新予算の増額","新サービスの販売パートナーを探したい","新サービスの提供地域を広げるため、共同提案や販売連携が可能な企業を探しています。","事業開発","低","true","事業運営部","部長","94","false","未対応","2026-08-30","true","本データはデモ用途の架空企業です。実在の企業・団体とは関係ありません。"
"FC-01348","株式会社クレストライフワークス","株式会社 クレスト ライフ ワークス","lifestyle_entertainment","生活関連サービス・娯楽業","香川県","新生市","1959","32","小規模","928","美容・ウェルネス事業","https://example.invalid/lifestyle_entertainment/048","現場の安全管理と品質記録を強化したい","点検記録と事故予防の仕組みを見直しており、導入負担の小さい安全管理提案を受け付けています。","省エネ投資の開始","現場の安全管理と品質記録を強化したい","点検記録と事故予防の仕組みを見直しており、導入負担の小さい安全管理提案を受け付けています。","安全・品質","中","true","事業運営部","課長","66","false","情報収集中","2026-08-30","true","本データはデモ用途の架空企業です。実在の企業・団体とは関係ありません。"
"FC-01349","合同会社クレストライフグループ","合同会社 クレスト ライフ グループ","lifestyle_entertainment","生活関連サービス・娯楽業","大分県","平和市","1970","213","中小企業","2343","生活支援サービス","https://example.invalid/lifestyle_entertainment/049","手作業と紙中心の業務をデジタル化したい","部門間の情報共有が手作業になっているため、現場へ定着しやすい業務システムの提案を募集しています。","新サービスの発表","手作業と紙中心の業務をデジタル化したい","部門間の情報共有が手作業になっているため、現場へ定着しやすい業務システムの提案を募集しています。","DX・IT","高","true","事業運営部","責任者","83","false","アプローチ準備中","2026-08-30","true","本データはデモ用途の架空企業です。実在の企業・団体とは関係ありません。"
"FC-01350","株式会社クレストライフコーポレーション","株式会社 クレスト ライフ コーポレーション","lifestyle_entertainment","生活関連サービス・娯楽業","宮城県","希望市","1981","550","中堅企業","6600","スポーツ・娯楽施設運営","https://example.invalid/lifestyle_entertainment/050","在庫差異と配送負担を減らしたい","在庫状況の把握に時間がかかっており、入出庫と配送計画を改善する提案を募集しています。","新拠点の開設計画","在庫差異と配送負担を減らしたい","在庫状況の把握に時間がかかっており、入出庫と配送計画を改善する提案を募集しています。","物流・在庫","低","true","事業運営部","企画担当","55","false","未対応","2026-08-30","true","本データはデモ用途の架空企業です。実在の企業・団体とは関係ありません。"
"FC-01351","合同会社シナジーライフソリューションズ","合同会社 シナジー ライフ ソリューションズ","lifestyle_entertainment","生活関連サービス・娯楽業","埼玉県","文化市","1992","2987","大企業","38831","美容・ウェルネス事業","https://example.invalid/lifestyle_entertainment/051","エネルギー・運用費を削減したい","拠点運営費が増加しているため、効果を測定できる省エネ・コスト削減策を求めています。","人員採用の拡大","エネルギー・運用費を削減したい","拠点運営費が増加しているため、効果を測定できる省エネ・コスト削減策を求めています。","コスト削減","中","true","事業運営部","部長","72","false","情報収集中","2026-08-30","true","本データはデモ用途の架空企業です。実在の企業・団体とは関係ありません。"
"FC-01352","株式会社シナジーライフパートナーズ","株式会社 シナジー ライフ パートナーズ","lifestyle_entertainment","生活関連サービス・娯楽業","福井県","産業市","2003","28","小規模","392","生活支援サービス","https://example.invalid/lifestyle_entertainment/052","設備の老朽化と保守負担を減らしたい","既存設備の故障と保守工数が増えており、更新計画と運用改善を一緒に提案できる企業を探しています。","既存施設の改修","設備の老朽化と保守負担を減らしたい","既存設備の故障と保守工数が増えており、更新計画と運用改善を一緒に提案できる企業を探しています。","設備・施設","高","true","事業運営部","課長","89","false","アプローチ準備中","2026-08-30","true","本データはデモ用途の架空企業です。実在の企業・団体とは関係ありません。"
"FC-01353","合同会社シナジーライフワークス","合同会社 シナジー ライフ ワークス","lifestyle_entertainment","生活関連サービス・娯楽業","滋賀県","学園市","2014","111","中小企業","1665","スポーツ・娯楽施設運営","https://example.invalid/lifestyle_entertainment/053","問い合わせと顧客対応を効率化したい","問い合わせ情報が複数部署に分散しており、対応状況を一元管理できる仕組みを探しています。","事業エリアの拡大","問い合わせと顧客対応を効率化したい","問い合わせ情報が複数部署に分散しており、対応状況を一元管理できる仕組みを探しています。","営業・顧客管理","低","true","事業運営部","責任者","61","false","未対応","2026-08-30","true","本データはデモ用途の架空企業です。実在の企業・団体とは関係ありません。"
"FC-01354","株式会社シナジーライフグループ","株式会社 シナジー ライフ グループ","lifestyle_entertainment","生活関連サービス・娯楽業","島根県","泉市","1957","698","中堅企業","11168","美容・ウェルネス事業","https://example.invalid/lifestyle_entertainment/054","採用後の教育と定着を改善したい","人員拡大に対して教育担当者が不足しており、研修の標準化と定着支援を相談したいです。","DX推進組織の新設","採用後の教育と定着を改善したい","人員拡大に対して教育担当者が不足しており、研修の標準化と定着支援を相談したいです。","人材・労務","中","true","事業運営部","企画担当","78","false","情報収集中","2026-08-30","true","本データはデモ用途の架空企業です。実在の企業・団体とは関係ありません。"
"FC-01355","合同会社シナジーライフコーポレーション","合同会社 シナジー ライフ コーポレーション","lifestyle_entertainment","生活関連サービス・娯楽業","高知県","丘陵市","1968","3135","大企業","53295","生活支援サービス","https://example.invalid/lifestyle_entertainment/055","新サービスの販売パートナーを探したい","新サービスの提供地域を広げるため、共同提案や販売連携が可能な企業を探しています。","安全管理方針の強化","新サービスの販売パートナーを探したい","新サービスの提供地域を広げるため、共同提案や販売連携が可能な企業を探しています。","事業開発","高","true","事業運営部","部長","95","false","アプローチ準備中","2026-08-30","true","本データはデモ用途の架空企業です。実在の企業・団体とは関係ありません。"
"FC-01356","株式会社アクセルライフソリューションズ","株式会社 アクセル ライフ ソリューションズ","lifestyle_entertainment","生活関連サービス・娯楽業","鹿児島県","未来市","1979","24","小規模","432","スポーツ・娯楽施設運営","https://example.invalid/lifestyle_entertainment/056","現場の安全管理と品質記録を強化したい","点検記録と事故予防の仕組みを見直しており、導入負担の小さい安全管理提案を受け付けています。","業務提携の締結","現場の安全管理と品質記録を強化したい","点検記録と事故予防の仕組みを見直しており、導入負担の小さい安全管理提案を受け付けています。","安全・品質","低","true","事業運営部","課長","67","false","未対応","2026-08-30","true","本データはデモ用途の架空企業です。実在の企業・団体とは関係ありません。"
"FC-01357","合同会社アクセルライフパートナーズ","合同会社 アクセル ライフ パートナーズ","lifestyle_entertainment","生活関連サービス・娯楽業","山形県","中央市","1990","259","中小企業","4921","美容・ウェルネス事業","https://example.invalid/lifestyle_entertainment/057","手作業と紙中心の業務をデジタル化したい","部門間の情報共有が手作業になっているため、現場へ定着しやすい業務システムの提案を募集しています。","設備更新予算の増額","手作業と紙中心の業務をデジタル化したい","部門間の情報共有が手作業になっているため、現場へ定着しやすい業務システムの提案を募集しています。","DX・IT","中","true","事業運営部","責任者","84","false","情報収集中","2026-08-30","true","本データはデモ用途の架空企業です。実在の企業・団体とは関係ありません。"
"FC-01358","株式会社アクセルライフワークス","株式会社 アクセル ライフ ワークス","lifestyle_entertainment","生活関連サービス・娯楽業","東京都","緑市","2001","846","中堅企業","16920","生活支援サービス","https://example.invalid/lifestyle_entertainment/058","在庫差異と配送負担を減らしたい","在庫状況の把握に時間がかかっており、入出庫と配送計画を改善する提案を募集しています。","省エネ投資の開始","在庫差異と配送負担を減らしたい","在庫状況の把握に時間がかかっており、入出庫と配送計画を改善する提案を募集しています。","物流・在庫","高","true","事業運営部","企画担当","56","false","アプローチ準備中","2026-08-30","true","本データはデモ用途の架空企業です。実在の企業・団体とは関係ありません。"
"FC-01359","合同会社アクセルライフグループ","合同会社 アクセル ライフ グループ","lifestyle_entertainment","生活関連サービス・娯楽業","長野県","さくら市","2012","3283","大企業","68943","スポーツ・娯楽施設運営","https://example.invalid/lifestyle_entertainment/059","エネルギー・運用費を削減したい","拠点運営費が増加しているため、効果を測定できる省エネ・コスト削減策を求めています。","新サービスの発表","エネルギー・運用費を削減したい","拠点運営費が増加しているため、効果を測定できる省エネ・コスト削減策を求めています。","コスト削減","低","true","事業運営部","部長","73","false","未対応","2026-08-30","true","本データはデモ用途の架空企業です。実在の企業・団体とは関係ありません。"
"FC-01360","株式会社アクセルライフコーポレーション","株式会社 アクセル ライフ コーポレーション","lifestyle_entertainment","生活関連サービス・娯楽業","大阪府","ひかり市","1955","20","小規模","440","美容・ウェルネス事業","https://example.invalid/lifestyle_entertainment/060","設備の老朽化と保守負担を減らしたい","既存設備の故障と保守工数が増えており、更新計画と運用改善を一緒に提案できる企業を探しています。","新拠点の開設計画","設備の老朽化と保守負担を減らしたい","既存設備の故障と保守工数が増えており、更新計画と運用改善を一緒に提案できる企業を探しています。","設備・施設","中","true","事業運営部","課長","90","true","情報収集中","2026-08-30","true","本データはデモ用途の架空企業です。実在の企業・団体とは関係ありません。"
"FC-01361","合同会社リードライフソリューションズ","合同会社 リード ライフ ソリューションズ","lifestyle_entertainment","生活関連サービス・娯楽業","広島県","あおば市","1966","157","中小企業","3611","生活支援サービス","https://example.invalid/lifestyle_entertainment/061","問い合わせと顧客対応を効率化したい","問い合わせ情報が複数部署に分散しており、対応状況を一元管理できる仕組みを探しています。","人員採用の拡大","問い合わせと顧客対応を効率化したい","問い合わせ情報が複数部署に分散しており、対応状況を一元管理できる仕組みを探しています。","営業・顧客管理","高","true","事業運営部","責任者","62","false","アプローチ準備中","2026-08-30","true","本データはデモ用途の架空企業です。実在の企業・団体とは関係ありません。"
"FC-01362","株式会社リードライフパートナーズ","株式会社 リード ライフ パートナーズ","lifestyle_entertainment","生活関連サービス・娯楽業","佐賀県","若葉市","1977","994","中堅企業","23856","スポーツ・娯楽施設運営","https://example.invalid/lifestyle_entertainment/062","採用後の教育と定着を改善したい","人員拡大に対して教育担当者が不足しており、研修の標準化と定着支援を相談したいです。","既存施設の改修","採用後の教育と定着を改善したい","人員拡大に対して教育担当者が不足しており、研修の標準化と定着支援を相談したいです。","人材・労務","低","true","事業運営部","企画担当","79","false","未対応","2026-08-30","true","本データはデモ用途の架空企業です。実在の企業・団体とは関係ありません。"
"FC-01363","合同会社リードライフワークス","合同会社 リード ライフ ワークス","lifestyle_entertainment","生活関連サービス・娯楽業","北海道","豊栄市","1988","3431","大企業","85775","美容・ウェルネス事業","https://example.invalid/lifestyle_entertainment/063","新サービスの販売パートナーを探したい","新サービスの提供地域を広げるため、共同提案や販売連携が可能な企業を探しています。","事業エリアの拡大","新サービスの販売パートナーを探したい","新サービスの提供地域を広げるため、共同提案や販売連携が可能な企業を探しています。","事業開発","中","true","事業運営部","部長","96","false","情報収集中","2026-08-30","true","本データはデモ用途の架空企業です。実在の企業・団体とは関係ありません。"
"FC-01364","株式会社リードライフグループ","株式会社 リード ライフ グループ","lifestyle_entertainment","生活関連サービス・娯楽業","茨城県","清流市","1999","16","小規模","416","生活支援サービス","https://example.invalid/lifestyle_entertainment/064","現場の安全管理と品質記録を強化したい","点検記録と事故予防の仕組みを見直しており、導入負担の小さい安全管理提案を受け付けています。","DX推進組織の新設","現場の安全管理と品質記録を強化したい","点検記録と事故予防の仕組みを見直しており、導入負担の小さい安全管理提案を受け付けています。","安全・品質","高","true","事業運営部","課長","68","false","アプローチ準備中","2026-08-30","true","本データはデモ用途の架空企業です。実在の企業・団体とは関係ありません。"
"FC-01365","合同会社リードライフコーポレーション","合同会社 リード ライフ コーポレーション","lifestyle_entertainment","生活関連サービス・娯楽業","新潟県","旭市","2010","55","中小企業","1485","スポーツ・娯楽施設運営","https://example.invalid/lifestyle_entertainment/065","手作業と紙中心の業務をデジタル化したい","部門間の情報共有が手作業になっているため、現場へ定着しやすい業務システムの提案を募集しています。","安全管理方針の強化","手作業と紙中心の業務をデジタル化したい","部門間の情報共有が手作業になっているため、現場へ定着しやすい業務システムの提案を募集しています。","DX・IT","低","true","事業運営部","責任者","85","false","未対応","2026-08-30","true","本データはデモ用途の架空企業です。実在の企業・団体とは関係ありません。"
"FC-01366","株式会社ハーモニーライフソリューションズ","株式会社 ハーモニー ライフ ソリューションズ","lifestyle_entertainment","生活関連サービス・娯楽業","静岡県","みなと市","2021","442","中堅企業","12376","美容・ウェルネス事業","https://example.invalid/lifestyle_entertainment/066","在庫差異と配送負担を減らしたい","在庫状況の把握に時間がかかっており、入出庫と配送計画を改善する提案を募集しています。","業務提携の締結","在庫差異と配送負担を減らしたい","在庫状況の把握に時間がかかっており、入出庫と配送計画を改善する提案を募集しています。","物流・在庫","中","true","事業運営部","企画担当","57","false","情報収集中","2026-08-30","true","本データはデモ用途の架空企業です。実在の企業・団体とは関係ありません。"
"FC-01367","合同会社ハーモニーライフパートナーズ","合同会社 ハーモニー ライフ パートナーズ","lifestyle_entertainment","生活関連サービス・娯楽業","奈良県","高台市","1964","3579","大企業","103791","生活支援サービス","https://example.invalid/lifestyle_entertainment/067","エネルギー・運用費を削減したい","拠点運営費が増加しているため、効果を測定できる省エネ・コスト削減策を求めています。","設備更新予算の増額","エネルギー・運用費を削減したい","拠点運営費が増加しているため、効果を測定できる省エネ・コスト削減策を求めています。","コスト削減","高","true","事業運営部","部長","74","false","アプローチ準備中","2026-08-30","true","本データはデモ用途の架空企業です。実在の企業・団体とは関係ありません。"
"FC-01368","株式会社ハーモニーライフワークス","株式会社 ハーモニー ライフ ワークス","lifestyle_entertainment","生活関連サービス・娯楽業","徳島県","新生市","1975","12","小規模","132","スポーツ・娯楽施設運営","https://example.invalid/lifestyle_entertainment/068","設備の老朽化と保守負担を減らしたい","既存設備の故障と保守工数が増えており、更新計画と運用改善を一緒に提案できる企業を探しています。","省エネ投資の開始","設備の老朽化と保守負担を減らしたい","既存設備の故障と保守工数が増えており、更新計画と運用改善を一緒に提案できる企業を探しています。","設備・施設","低","true","事業運営部","課長","91","false","未対応","2026-08-30","true","本データはデモ用途の架空企業です。実在の企業・団体とは関係ありません。"
"FC-01369","合同会社ハーモニーライフグループ","合同会社 ハーモニー ライフ グループ","lifestyle_entertainment","生活関連サービス・娯楽業","熊本県","平和市","1986","203","中小企業","2436","美容・ウェルネス事業","https://example.invalid/lifestyle_entertainment/069","問い合わせと顧客対応を効率化したい","問い合わせ情報が複数部署に分散しており、対応状況を一元管理できる仕組みを探しています。","新サービスの発表","問い合わせと顧客対応を効率化したい","問い合わせ情報が複数部署に分散しており、対応状況を一元管理できる仕組みを探しています。","営業・顧客管理","中","true","事業運営部","責任者","63","false","情報収集中","2026-08-30","true","本データはデモ用途の架空企業です。実在の企業・団体とは関係ありません。"
"FC-01370","株式会社ハーモニーライフコーポレーション","株式会社 ハーモニー ライフ コーポレーション","lifestyle_entertainment","生活関連サービス・娯楽業","岩手県","希望市","1997","590","中堅企業","7670","生活支援サービス","https://example.invalid/lifestyle_entertainment/070","採用後の教育と定着を改善したい","人員拡大に対して教育担当者が不足しており、研修の標準化と定着支援を相談したいです。","新拠点の開設計画","採用後の教育と定着を改善したい","人員拡大に対して教育担当者が不足しており、研修の標準化と定着支援を相談したいです。","人材・労務","高","true","事業運営部","企画担当","80","false","アプローチ準備中","2026-08-30","true","本データはデモ用途の架空企業です。実在の企業・団体とは関係ありません。"
"FC-01371","合同会社ブリッジライフソリューションズ","合同会社 ブリッジ ライフ ソリューションズ","lifestyle_entertainment","生活関連サービス・娯楽業","群馬県","文化市","2008","3727","大企業","52178","スポーツ・娯楽施設運営","https://example.invalid/lifestyle_entertainment/071","新サービスの販売パートナーを探したい","新サービスの提供地域を広げるため、共同提案や販売連携が可能な企業を探しています。","人員採用の拡大","新サービスの販売パートナーを探したい","新サービスの提供地域を広げるため、共同提案や販売連携が可能な企業を探しています。","事業開発","低","true","事業運営部","部長","97","false","未対応","2026-08-30","true","本データはデモ用途の架空企業です。実在の企業・団体とは関係ありません。"
"FC-01372","株式会社ブリッジライフパートナーズ","株式会社 ブリッジ ライフ パートナーズ","lifestyle_entertainment","生活関連サービス・娯楽業","石川県","産業市","2019","46","小規模","690","美容・ウェルネス事業","https://example.invalid/lifestyle_entertainment/072","現場の安全管理と品質記録を強化したい","点検記録と事故予防の仕組みを見直しており、導入負担の小さい安全管理提案を受け付けています。","既存施設の改修","現場の安全管理と品質記録を強化したい","点検記録と事故予防の仕組みを見直しており、導入負担の小さい安全管理提案を受け付けています。","安全・品質","中","true","事業運営部","課長","69","false","情報収集中","2026-08-30","true","本データはデモ用途の架空企業です。実在の企業・団体とは関係ありません。"
"FC-01373","合同会社ブリッジライフワークス","合同会社 ブリッジ ライフ ワークス","lifestyle_entertainment","生活関連サービス・娯楽業","三重県","学園市","1962","101","中小企業","1616","生活支援サービス","https://example.invalid/lifestyle_entertainment/073","手作業と紙中心の業務をデジタル化したい","部門間の情報共有が手作業になっているため、現場へ定着しやすい業務システムの提案を募集しています。","事業エリアの拡大","手作業と紙中心の業務をデジタル化したい","部門間の情報共有が手作業になっているため、現場へ定着しやすい業務システムの提案を募集しています。","DX・IT","高","true","事業運営部","責任者","86","false","アプローチ準備中","2026-08-30","true","本データはデモ用途の架空企業です。実在の企業・団体とは関係ありません。"
"FC-01374","株式会社ブリッジライフグループ","株式会社 ブリッジ ライフ グループ","lifestyle_entertainment","生活関連サービス・娯楽業","鳥取県","泉市","1973","738","中堅企業","12546","スポーツ・娯楽施設運営","https://example.invalid/lifestyle_entertainment/074","在庫差異と配送負担を減らしたい","在庫状況の把握に時間がかかっており、入出庫と配送計画を改善する提案を募集しています。","DX推進組織の新設","在庫差異と配送負担を減らしたい","在庫状況の把握に時間がかかっており、入出庫と配送計画を改善する提案を募集しています。","物流・在庫","低","true","事業運営部","企画担当","58","false","未対応","2026-08-30","true","本データはデモ用途の架空企業です。実在の企業・団体とは関係ありません。"
"FC-01375","合同会社ブリッジライフコーポレーション","合同会社 ブリッジ ライフ コーポレーション","lifestyle_entertainment","生活関連サービス・娯楽業","愛媛県","丘陵市","1984","3875","大企業","69750","美容・ウェルネス事業","https://example.invalid/lifestyle_entertainment/075","エネルギー・運用費を削減したい","拠点運営費が増加しているため、効果を測定できる省エネ・コスト削減策を求めています。","安全管理方針の強化","エネルギー・運用費を削減したい","拠点運営費が増加しているため、効果を測定できる省エネ・コスト削減策を求めています。","コスト削減","中","true","事業運営部","部長","75","false","情報収集中","2026-08-30","true","本データはデモ用途の架空企業です。実在の企業・団体とは関係ありません。"
"FC-01376","株式会社フォーカスライフソリューションズ","株式会社 フォーカス ライフ ソリューションズ","lifestyle_entertainment","生活関連サービス・娯楽業","宮崎県","未来市","1995","42","小規模","798","生活支援サービス","https://example.invalid/lifestyle_entertainment/076","設備の老朽化と保守負担を減らしたい","既存設備の故障と保守工数が増えており、更新計画と運用改善を一緒に提案できる企業を探しています。","業務提携の締結","設備の老朽化と保守負担を減らしたい","既存設備の故障と保守工数が増えており、更新計画と運用改善を一緒に提案できる企業を探しています。","設備・施設","高","true","事業運営部","課長","92","false","アプローチ準備中","2026-08-30","true","本データはデモ用途の架空企業です。実在の企業・団体とは関係ありません。"
"FC-01377","合同会社フォーカスライフパートナーズ","合同会社 フォーカス ライフ パートナーズ","lifestyle_entertainment","生活関連サービス・娯楽業","秋田県","中央市","2006","249","中小企業","4980","スポーツ・娯楽施設運営","https://example.invalid/lifestyle_entertainment/077","問い合わせと顧客対応を効率化したい","問い合わせ情報が複数部署に分散しており、対応状況を一元管理できる仕組みを探しています。","設備更新予算の増額","問い合わせと顧客対応を効率化したい","問い合わせ情報が複数部署に分散しており、対応状況を一元管理できる仕組みを探しています。","営業・顧客管理","低","true","事業運営部","責任者","64","true","未対応","2026-08-30","true","本データはデモ用途の架空企業です。実在の企業・団体とは関係ありません。"
"FC-01378","株式会社フォーカスライフワークス","株式会社 フォーカス ライフ ワークス","lifestyle_entertainment","生活関連サービス・娯楽業","千葉県","緑市","2017","886","中堅企業","18606","美容・ウェルネス事業","https://example.invalid/lifestyle_entertainment/078","採用後の教育と定着を改善したい","人員拡大に対して教育担当者が不足しており、研修の標準化と定着支援を相談したいです。","省エネ投資の開始","採用後の教育と定着を改善したい","人員拡大に対して教育担当者が不足しており、研修の標準化と定着支援を相談したいです。","人材・労務","中","true","事業運営部","企画担当","81","false","情報収集中","2026-08-30","true","本データはデモ用途の架空企業です。実在の企業・団体とは関係ありません。"
"FC-01379","合同会社フォーカスライフグループ","合同会社 フォーカス ライフ グループ","lifestyle_entertainment","生活関連サービス・娯楽業","山梨県","さくら市","1960","4023","大企業","88506","生活支援サービス","https://example.invalid/lifestyle_entertainment/079","新サービスの販売パートナーを探したい","新サービスの提供地域を広げるため、共同提案や販売連携が可能な企業を探しています。","新サービスの発表","新サービスの販売パートナーを探したい","新サービスの提供地域を広げるため、共同提案や販売連携が可能な企業を探しています。","事業開発","高","true","事業運営部","部長","98","false","アプローチ準備中","2026-08-30","true","本データはデモ用途の架空企業です。実在の企業・団体とは関係ありません。"
"FC-01380","株式会社フォーカスライフコーポレーション","株式会社 フォーカス ライフ コーポレーション","lifestyle_entertainment","生活関連サービス・娯楽業","京都府","ひかり市","1971","38","小規模","874","スポーツ・娯楽施設運営","https://example.invalid/lifestyle_entertainment/080","現場の安全管理と品質記録を強化したい","点検記録と事故予防の仕組みを見直しており、導入負担の小さい安全管理提案を受け付けています。","新拠点の開設計画","現場の安全管理と品質記録を強化したい","点検記録と事故予防の仕組みを見直しており、導入負担の小さい安全管理提案を受け付けています。","安全・品質","低","true","事業運営部","課長","70","false","未対応","2026-08-30","true","本データはデモ用途の架空企業です。実在の企業・団体とは関係ありません。"
"FC-01381","合同会社ビジョンライフソリューションズ","合同会社 ビジョン ライフ ソリューションズ","lifestyle_entertainment","生活関連サービス・娯楽業","岡山県","あおば市","1982","147","中小企業","3528","美容・ウェルネス事業","https://example.invalid/lifestyle_entertainment/081","手作業と紙中心の業務をデジタル化したい","部門間の情報共有が手作業になっているため、現場へ定着しやすい業務システムの提案を募集しています。","人員採用の拡大","手作業と紙中心の業務をデジタル化したい","部門間の情報共有が手作業になっているため、現場へ定着しやすい業務システムの提案を募集しています。","DX・IT","中","true","事業運営部","責任者","87","false","情報収集中","2026-08-30","true","本データはデモ用途の架空企業です。実在の企業・団体とは関係ありません。"
"FC-01382","株式会社ビジョンライフパートナーズ","株式会社 ビジョン ライフ パートナーズ","lifestyle_entertainment","生活関連サービス・娯楽業","福岡県","若葉市","1993","334","中堅企業","8350","生活支援サービス","https://example.invalid/lifestyle_entertainment/082","在庫差異と配送負担を減らしたい","在庫状況の把握に時間がかかっており、入出庫と配送計画を改善する提案を募集しています。","既存施設の改修","在庫差異と配送負担を減らしたい","在庫状況の把握に時間がかかっており、入出庫と配送計画を改善する提案を募集しています。","物流・在庫","高","true","事業運営部","企画担当","59","false","アプローチ準備中","2026-08-30","true","本データはデモ用途の架空企業です。実在の企業・団体とは関係ありません。"
"FC-01383","合同会社ビジョンライフワークス","合同会社 ビジョン ライフ ワークス","lifestyle_entertainment","生活関連サービス・娯楽業","沖縄県","豊栄市","2004","4171","大企業","108446","スポーツ・娯楽施設運営","https://example.invalid/lifestyle_entertainment/083","エネルギー・運用費を削減したい","拠点運営費が増加しているため、効果を測定できる省エネ・コスト削減策を求めています。","事業エリアの拡大","エネルギー・運用費を削減したい","拠点運営費が増加しているため、効果を測定できる省エネ・コスト削減策を求めています。","コスト削減","低","true","事業運営部","部長","76","false","未対応","2026-08-30","true","本データはデモ用途の架空企業です。実在の企業・団体とは関係ありません。"
"FC-01384","株式会社ビジョンライフグループ","株式会社 ビジョン ライフ グループ","lifestyle_entertainment","生活関連サービス・娯楽業","福島県","清流市","2015","34","小規模","918","美容・ウェルネス事業","https://example.invalid/lifestyle_entertainment/084","設備の老朽化と保守負担を減らしたい","既存設備の故障と保守工数が増えており、更新計画と運用改善を一緒に提案できる企業を探しています。","DX推進組織の新設","設備の老朽化と保守負担を減らしたい","既存設備の故障と保守工数が増えており、更新計画と運用改善を一緒に提案できる企業を探しています。","設備・施設","中","true","事業運営部","課長","93","false","情報収集中","2026-08-30","true","本データはデモ用途の架空企業です。実在の企業・団体とは関係ありません。"
"FC-01385","合同会社ビジョンライフコーポレーション","合同会社 ビジョン ライフ コーポレーション","lifestyle_entertainment","生活関連サービス・娯楽業","神奈川県","旭市","1958","295","中小企業","8260","生活支援サービス","https://example.invalid/lifestyle_entertainment/085","問い合わせと顧客対応を効率化したい","問い合わせ情報が複数部署に分散しており、対応状況を一元管理できる仕組みを探しています。","安全管理方針の強化","問い合わせと顧客対応を効率化したい","問い合わせ情報が複数部署に分散しており、対応状況を一元管理できる仕組みを探しています。","営業・顧客管理","高","true","事業運営部","責任者","65","false","アプローチ準備中","2026-08-30","true","本データはデモ用途の架空企業です。実在の企業・団体とは関係ありません。"
"FC-01386","株式会社コアライフソリューションズ","株式会社 コア ライフ ソリューションズ","lifestyle_entertainment","生活関連サービス・娯楽業","岐阜県","みなと市","1969","482","中堅企業","13978","スポーツ・娯楽施設運営","https://example.invalid/lifestyle_entertainment/086","採用後の教育と定着を改善したい","人員拡大に対して教育担当者が不足しており、研修の標準化と定着支援を相談したいです。","業務提携の締結","採用後の教育と定着を改善したい","人員拡大に対して教育担当者が不足しており、研修の標準化と定着支援を相談したいです。","人材・労務","低","true","事業運営部","企画担当","82","false","未対応","2026-08-30","true","本データはデモ用途の架空企業です。実在の企業・団体とは関係ありません。"
"FC-01387","合同会社コアライフパートナーズ","合同会社 コア ライフ パートナーズ","lifestyle_entertainment","生活関連サービス・娯楽業","兵庫県","高台市","1980","4319","大企業","47509","美容・ウェルネス事業","https://example.invalid/lifestyle_entertainment/087","新サービスの販売パートナーを探したい","新サービスの提供地域を広げるため、共同提案や販売連携が可能な企業を探しています。","設備更新予算の増額","新サービスの販売パートナーを探したい","新サービスの提供地域を広げるため、共同提案や販売連携が可能な企業を探しています。","事業開発","中","true","事業運営部","部長","99","false","情報収集中","2026-08-30","true","本データはデモ用途の架空企業です。実在の企業・団体とは関係ありません。"
"FC-01388","株式会社コアライフワークス","株式会社 コア ライフ ワークス","lifestyle_entertainment","生活関連サービス・娯楽業","山口県","新生市","1991","30","小規模","360","生活支援サービス","https://example.invalid/lifestyle_entertainment/088","現場の安全管理と品質記録を強化したい","点検記録と事故予防の仕組みを見直しており、導入負担の小さい安全管理提案を受け付けています。","省エネ投資の開始","現場の安全管理と品質記録を強化したい","点検記録と事故予防の仕組みを見直しており、導入負担の小さい安全管理提案を受け付けています。","安全・品質","高","true","事業運営部","課長","71","false","アプローチ準備中","2026-08-30","true","本データはデモ用途の架空企業です。実在の企業・団体とは関係ありません。"
"FC-01389","合同会社コアライフグループ","合同会社 コア ライフ グループ","lifestyle_entertainment","生活関連サービス・娯楽業","長崎県","平和市","2002","193","中小企業","2509","スポーツ・娯楽施設運営","https://example.invalid/lifestyle_entertainment/089","手作業と紙中心の業務をデジタル化したい","部門間の情報共有が手作業になっているため、現場へ定着しやすい業務システムの提案を募集しています。","新サービスの発表","手作業と紙中心の業務をデジタル化したい","部門間の情報共有が手作業になっているため、現場へ定着しやすい業務システムの提案を募集しています。","DX・IT","低","true","事業運営部","責任者","88","false","未対応","2026-08-30","true","本データはデモ用途の架空企業です。実在の企業・団体とは関係ありません。"
"FC-01390","株式会社コアライフコーポレーション","株式会社 コア ライフ コーポレーション","lifestyle_entertainment","生活関連サービス・娯楽業","青森県","希望市","2013","630","中堅企業","8820","美容・ウェルネス事業","https://example.invalid/lifestyle_entertainment/090","在庫差異と配送負担を減らしたい","在庫状況の把握に時間がかかっており、入出庫と配送計画を改善する提案を募集しています。","新拠点の開設計画","在庫差異と配送負担を減らしたい","在庫状況の把握に時間がかかっており、入出庫と配送計画を改善する提案を募集しています。","物流・在庫","中","true","事業運営部","企画担当","60","false","情報収集中","2026-08-30","true","本データはデモ用途の架空企業です。実在の企業・団体とは関係ありません。"
"FC-01391","合同会社アドバンスライフソリューションズ","合同会社 アドバンス ライフ ソリューションズ","lifestyle_entertainment","生活関連サービス・娯楽業","栃木県","文化市","1956","4467","大企業","67005","生活支援サービス","https://example.invalid/lifestyle_entertainment/091","エネルギー・運用費を削減したい","拠点運営費が増加しているため、効果を測定できる省エネ・コスト削減策を求めています。","人員採用の拡大","エネルギー・運用費を削減したい","拠点運営費が増加しているため、効果を測定できる省エネ・コスト削減策を求めています。","コスト削減","高","true","事業運営部","部長","77","false","アプローチ準備中","2026-08-30","true","本データはデモ用途の架空企業です。実在の企業・団体とは関係ありません。"
"FC-01392","株式会社アドバンスライフパートナーズ","株式会社 アドバンス ライフ パートナーズ","lifestyle_entertainment","生活関連サービス・娯楽業","富山県","産業市","1967","26","小規模","416","スポーツ・娯楽施設運営","https://example.invalid/lifestyle_entertainment/092","設備の老朽化と保守負担を減らしたい","既存設備の故障と保守工数が増えており、更新計画と運用改善を一緒に提案できる企業を探しています。","既存施設の改修","設備の老朽化と保守負担を減らしたい","既存設備の故障と保守工数が増えており、更新計画と運用改善を一緒に提案できる企業を探しています。","設備・施設","低","true","事業運営部","課長","94","false","未対応","2026-08-30","true","本データはデモ用途の架空企業です。実在の企業・団体とは関係ありません。"
"FC-01393","合同会社アドバンスライフワークス","合同会社 アドバンス ライフ ワークス","lifestyle_entertainment","生活関連サービス・娯楽業","愛知県","学園市","1978","91","中小企業","1547","美容・ウェルネス事業","https://example.invalid/lifestyle_entertainment/093","問い合わせと顧客対応を効率化したい","問い合わせ情報が複数部署に分散しており、対応状況を一元管理できる仕組みを探しています。","事業エリアの拡大","問い合わせと顧客対応を効率化したい","問い合わせ情報が複数部署に分散しており、対応状況を一元管理できる仕組みを探しています。","営業・顧客管理","中","true","事業運営部","責任者","66","false","情報収集中","2026-08-30","true","本データはデモ用途の架空企業です。実在の企業・団体とは関係ありません。"
"FC-01394","株式会社アドバンスライフグループ","株式会社 アドバンス ライフ グループ","lifestyle_entertainment","生活関連サービス・娯楽業","和歌山県","泉市","1989","778","中堅企業","14004","生活支援サービス","https://example.invalid/lifestyle_entertainment/094","採用後の教育と定着を改善したい","人員拡大に対して教育担当者が不足しており、研修の標準化と定着支援を相談したいです。","DX推進組織の新設","採用後の教育と定着を改善したい","人員拡大に対して教育担当者が不足しており、研修の標準化と定着支援を相談したいです。","人材・労務","高","true","事業運営部","企画担当","83","true","アプローチ準備中","2026-08-30","true","本データはデモ用途の架空企業です。実在の企業・団体とは関係ありません。"
"FC-01395","合同会社アドバンスライフコーポレーション","合同会社 アドバンス ライフ コーポレーション","lifestyle_entertainment","生活関連サービス・娯楽業","香川県","丘陵市","2000","4615","大企業","87685","スポーツ・娯楽施設運営","https://example.invalid/lifestyle_entertainment/095","新サービスの販売パートナーを探したい","新サービスの提供地域を広げるため、共同提案や販売連携が可能な企業を探しています。","安全管理方針の強化","新サービスの販売パートナーを探したい","新サービスの提供地域を広げるため、共同提案や販売連携が可能な企業を探しています。","事業開発","低","true","事業運営部","部長","55","false","未対応","2026-08-30","true","本データはデモ用途の架空企業です。実在の企業・団体とは関係ありません。"
"FC-01396","株式会社インテグラライフソリューションズ","株式会社 インテグラ ライフ ソリューションズ","lifestyle_entertainment","生活関連サービス・娯楽業","大分県","未来市","2011","22","小規模","440","美容・ウェルネス事業","https://example.invalid/lifestyle_entertainment/096","現場の安全管理と品質記録を強化したい","点検記録と事故予防の仕組みを見直しており、導入負担の小さい安全管理提案を受け付けています。","業務提携の締結","現場の安全管理と品質記録を強化したい","点検記録と事故予防の仕組みを見直しており、導入負担の小さい安全管理提案を受け付けています。","安全・品質","中","true","事業運営部","課長","72","false","情報収集中","2026-08-30","true","本データはデモ用途の架空企業です。実在の企業・団体とは関係ありません。"
"FC-01397","合同会社インテグラライフパートナーズ","合同会社 インテグラ ライフ パートナーズ","lifestyle_entertainment","生活関連サービス・娯楽業","宮城県","中央市","2022","239","中小企業","5019","生活支援サービス","https://example.invalid/lifestyle_entertainment/097","手作業と紙中心の業務をデジタル化したい","部門間の情報共有が手作業になっているため、現場へ定着しやすい業務システムの提案を募集しています。","設備更新予算の増額","手作業と紙中心の業務をデジタル化したい","部門間の情報共有が手作業になっているため、現場へ定着しやすい業務システムの提案を募集しています。","DX・IT","高","true","事業運営部","責任者","89","false","アプローチ準備中","2026-08-30","true","本データはデモ用途の架空企業です。実在の企業・団体とは関係ありません。"
"FC-01398","株式会社インテグラライフワークス","株式会社 インテグラ ライフ ワークス","lifestyle_entertainment","生活関連サービス・娯楽業","埼玉県","緑市","1965","926","中堅企業","20372","スポーツ・娯楽施設運営","https://example.invalid/lifestyle_entertainment/098","在庫差異と配送負担を減らしたい","在庫状況の把握に時間がかかっており、入出庫と配送計画を改善する提案を募集しています。","省エネ投資の開始","在庫差異と配送負担を減らしたい","在庫状況の把握に時間がかかっており、入出庫と配送計画を改善する提案を募集しています。","物流・在庫","低","true","事業運営部","企画担当","61","false","未対応","2026-08-30","true","本データはデモ用途の架空企業です。実在の企業・団体とは関係ありません。"
"FC-01399","合同会社インテグラライフグループ","合同会社 インテグラ ライフ グループ","lifestyle_entertainment","生活関連サービス・娯楽業","福井県","さくら市","1976","4763","大企業","109549","美容・ウェルネス事業","https://example.invalid/lifestyle_entertainment/099","エネルギー・運用費を削減したい","拠点運営費が増加しているため、効果を測定できる省エネ・コスト削減策を求めています。","新サービスの発表","エネルギー・運用費を削減したい","拠点運営費が増加しているため、効果を測定できる省エネ・コスト削減策を求めています。","コスト削減","中","true","事業運営部","部長","78","false","情報収集中","2026-08-30","true","本データはデモ用途の架空企業です。実在の企業・団体とは関係ありません。"
"FC-01400","株式会社インテグラライフコーポレーション","株式会社 インテグラ ライフ コーポレーション","lifestyle_entertainment","生活関連サービス・娯楽業","滋賀県","ひかり市","1987","18","小規模","432","生活支援サービス","https://example.invalid/lifestyle_entertainment/100","設備の老朽化と保守負担を減らしたい","既存設備の故障と保守工数が増えており、更新計画と運用改善を一緒に提案できる企業を探しています。","新拠点の開設計画","設備の老朽化と保守負担を減らしたい","既存設備の故障と保守工数が増えており、更新計画と運用改善を一緒に提案できる企業を探しています。","設備・施設","高","true","事業運営部","課長","95","false","アプローチ準備中","2026-08-30","true","本データはデモ用途の架空企業です。実在の企業・団体とは関係ありません。"
"FC-01401","合同会社アークラーニングソリューションズ","合同会社 アーク ラーニング ソリューションズ","education","教育・学習支援業","島根県","あおば市","1998","137","中小企業","3425","教育施設の運営","https://example.invalid/education/001","問い合わせと顧客対応を効率化したい","問い合わせ情報が複数部署に分散しており、対応状況を一元管理できる仕組みを探しています。","人員採用の拡大","問い合わせと顧客対応を効率化したい","問い合わせ情報が複数部署に分散しており、対応状況を一元管理できる仕組みを探しています。","営業・顧客管理","低","true","学校運営部","責任者","67","false","未対応","2026-08-30","true","本データはデモ用途の架空企業です。実在の企業・団体とは関係ありません。"
"FC-01402","株式会社アークラーニングパートナーズ","株式会社 アーク ラーニング パートナーズ","education","教育・学習支援業","高知県","若葉市","2009","374","中堅企業","9724","企業研修・学習支援","https://example.invalid/education/002","採用後の教育と定着を改善したい","人員拡大に対して教育担当者が不足しており、研修の標準化と定着支援を相談したいです。","既存施設の改修","採用後の教育と定着を改善したい","人員拡大に対して教育担当者が不足しており、研修の標準化と定着支援を相談したいです。","人材・労務","中","true","学校運営部","企画担当","84","false","情報収集中","2026-08-30","true","本データはデモ用途の架空企業です。実在の企業・団体とは関係ありません。"
"FC-01403","合同会社アークラーニングワークス","合同会社 アーク ラーニング ワークス","education","教育・学習支援業","鹿児島県","豊栄市","2020","4911","大企業","132597","デジタル教材開発","https://example.invalid/education/003","新サービスの販売パートナーを探したい","新サービスの提供地域を広げるため、共同提案や販売連携が可能な企業を探しています。","事業エリアの拡大","新サービスの販売パートナーを探したい","新サービスの提供地域を広げるため、共同提案や販売連携が可能な企業を探しています。","事業開発","高","true","学校運営部","部長","56","false","アプローチ準備中","2026-08-30","true","本データはデモ用途の架空企業です。実在の企業・団体とは関係ありません。"
"FC-01404","株式会社アークラーニンググループ","株式会社 アーク ラーニング グループ","education","教育・学習支援業","山形県","清流市","1963","14","小規模","392","教育施設の運営","https://example.invalid/education/004","現場の安全管理と品質記録を強化したい","点検記録と事故予防の仕組みを見直しており、導入負担の小さい安全管理提案を受け付けています。","DX推進組織の新設","現場の安全管理と品質記録を強化したい","点検記録と事故予防の仕組みを見直しており、導入負担の小さい安全管理提案を受け付けています。","安全・品質","低","true","学校運営部","課長","73","false","未対応","2026-08-30","true","本データはデモ用途の架空企業です。実在の企業・団体とは関係ありません。"
"FC-01405","合同会社アークラーニングコーポレーション","合同会社 アーク ラーニング コーポレーション","education","教育・学習支援業","東京都","旭市","1974","285","中小企業","8265","企業研修・学習支援","https://example.invalid/education/005","手作業と紙中心の業務をデジタル化したい","部門間の情報共有が手作業になっているため、現場へ定着しやすい業務システムの提案を募集しています。","安全管理方針の強化","手作業と紙中心の業務をデジタル化したい","部門間の情報共有が手作業になっているため、現場へ定着しやすい業務システムの提案を募集しています。","DX・IT","中","true","学校運営部","責任者","90","false","情報収集中","2026-08-30","true","本データはデモ用途の架空企業です。実在の企業・団体とは関係ありません。"
"FC-01406","株式会社ネクサスラーニングソリューションズ","株式会社 ネクサス ラーニング ソリューションズ","education","教育・学習支援業","長野県","みなと市","1985","522","中堅企業","5742","デジタル教材開発","https://example.invalid/education/006","在庫差異と配送負担を減らしたい","在庫状況の把握に時間がかかっており、入出庫と配送計画を改善する提案を募集しています。","業務提携の締結","在庫差異と配送負担を減らしたい","在庫状況の把握に時間がかかっており、入出庫と配送計画を改善する提案を募集しています。","物流・在庫","高","true","学校運営部","企画担当","62","false","アプローチ準備中","2026-08-30","true","本データはデモ用途の架空企業です。実在の企業・団体とは関係ありません。"
"FC-01407","合同会社ネクサスラーニングパートナーズ","合同会社 ネクサス ラーニング パートナーズ","education","教育・学習支援業","大阪府","高台市","1996","1059","大企業","12708","教育施設の運営","https://example.invalid/education/007","エネルギー・運用費を削減したい","拠点運営費が増加しているため、効果を測定できる省エネ・コスト削減策を求めています。","設備更新予算の増額","エネルギー・運用費を削減したい","拠点運営費が増加しているため、効果を測定できる省エネ・コスト削減策を求めています。","コスト削減","低","true","学校運営部","部長","79","false","未対応","2026-08-30","true","本データはデモ用途の架空企業です。実在の企業・団体とは関係ありません。"
"FC-01408","株式会社ネクサスラーニングワークス","株式会社 ネクサス ラーニング ワークス","education","教育・学習支援業","広島県","新生市","2007","48","小規模","624","企業研修・学習支援","https://example.invalid/education/008","設備の老朽化と保守負担を減らしたい","既存設備の故障と保守工数が増えており、更新計画と運用改善を一緒に提案できる企業を探しています。","省エネ投資の開始","設備の老朽化と保守負担を減らしたい","既存設備の故障と保守工数が増えており、更新計画と運用改善を一緒に提案できる企業を探しています。","設備・施設","中","true","学校運営部","課長","96","false","情報収集中","2026-08-30","true","本データはデモ用途の架空企業です。実在の企業・団体とは関係ありません。"
"FC-01409","合同会社ネクサスラーニンググループ","合同会社 ネクサス ラーニング グループ","education","教育・学習支援業","佐賀県","平和市","2018","183","中小企業","2562","デジタル教材開発","https://example.invalid/education/009","問い合わせと顧客対応を効率化したい","問い合わせ情報が複数部署に分散しており、対応状況を一元管理できる仕組みを探しています。","新サービスの発表","問い合わせと顧客対応を効率化したい","問い合わせ情報が複数部署に分散しており、対応状況を一元管理できる仕組みを探しています。","営業・顧客管理","高","true","学校運営部","責任者","68","false","アプローチ準備中","2026-08-30","true","本データはデモ用途の架空企業です。実在の企業・団体とは関係ありません。"
"FC-01410","株式会社ネクサスラーニングコーポレーション","株式会社 ネクサス ラーニング コーポレーション","education","教育・学習支援業","北海道","希望市","1961","670","中堅企業","10050","教育施設の運営","https://example.invalid/education/010","採用後の教育と定着を改善したい","人員拡大に対して教育担当者が不足しており、研修の標準化と定着支援を相談したいです。","新拠点の開設計画","採用後の教育と定着を改善したい","人員拡大に対して教育担当者が不足しており、研修の標準化と定着支援を相談したいです。","人材・労務","低","true","学校運営部","企画担当","85","false","未対応","2026-08-30","true","本データはデモ用途の架空企業です。実在の企業・団体とは関係ありません。"
"FC-01411","合同会社プライムラーニングソリューションズ","合同会社 プライム ラーニング ソリューションズ","education","教育・学習支援業","茨城県","文化市","1972","1207","大企業","19312","企業研修・学習支援","https://example.invalid/education/011","新サービスの販売パートナーを探したい","新サービスの提供地域を広げるため、共同提案や販売連携が可能な企業を探しています。","人員採用の拡大","新サービスの販売パートナーを探したい","新サービスの提供地域を広げるため、共同提案や販売連携が可能な企業を探しています。","事業開発","中","true","学校運営部","部長","57","true","情報収集中","2026-08-30","true","本データはデモ用途の架空企業です。実在の企業・団体とは関係ありません。"
"FC-01412","株式会社プライムラーニングパートナーズ","株式会社 プライム ラーニング パートナーズ","education","教育・学習支援業","新潟県","産業市","1983","44","小規模","748","デジタル教材開発","https://example.invalid/education/012","現場の安全管理と品質記録を強化したい","点検記録と事故予防の仕組みを見直しており、導入負担の小さい安全管理提案を受け付けています。","既存施設の改修","現場の安全管理と品質記録を強化したい","点検記録と事故予防の仕組みを見直しており、導入負担の小さい安全管理提案を受け付けています。","安全・品質","高","true","学校運営部","課長","74","false","アプローチ準備中","2026-08-30","true","本データはデモ用途の架空企業です。実在の企業・団体とは関係ありません。"
"FC-01413","合同会社プライムラーニングワークス","合同会社 プライム ラーニング ワークス","education","教育・学習支援業","静岡県","学園市","1994","81","中小企業","1458","教育施設の運営","https://example.invalid/education/013","手作業と紙中心の業務をデジタル化したい","部門間の情報共有が手作業になっているため、現場へ定着しやすい業務システムの提案を募集しています。","事業エリアの拡大","手作業と紙中心の業務をデジタル化したい","部門間の情報共有が手作業になっているため、現場へ定着しやすい業務システムの提案を募集しています。","DX・IT","低","true","学校運営部","責任者","91","false","未対応","2026-08-30","true","本データはデモ用途の架空企業です。実在の企業・団体とは関係ありません。"
"FC-01414","株式会社プライムラーニンググループ","株式会社 プライム ラーニング グループ","education","教育・学習支援業","奈良県","泉市","2005","818","中堅企業","15542","企業研修・学習支援","https://example.invalid/education/014","在庫差異と配送負担を減らしたい","在庫状況の把握に時間がかかっており、入出庫と配送計画を改善する提案を募集しています。","DX推進組織の新設","在庫差異と配送負担を減らしたい","在庫状況の把握に時間がかかっており、入出庫と配送計画を改善する提案を募集しています。","物流・在庫","中","true","学校運営部","企画担当","63","false","情報収集中","2026-08-30","true","本データはデモ用途の架空企業です。実在の企業・団体とは関係ありません。"
"FC-01415","合同会社プライムラーニングコーポレーション","合同会社 プライム ラーニング コーポレーション","education","教育・学習支援業","徳島県","丘陵市","2016","1355","大企業","27100","デジタル教材開発","https://example.invalid/education/015","エネルギー・運用費を削減したい","拠点運営費が増加しているため、効果を測定できる省エネ・コスト削減策を求めています。","安全管理方針の強化","エネルギー・運用費を削減したい","拠点運営費が増加しているため、効果を測定できる省エネ・コスト削減策を求めています。","コスト削減","高","true","学校運営部","部長","80","false","アプローチ準備中","2026-08-30","true","本データはデモ用途の架空企業です。実在の企業・団体とは関係ありません。"
"FC-01416","株式会社オルビスラーニングソリューションズ","株式会社 オルビス ラーニング ソリューションズ","education","教育・学習支援業","熊本県","未来市","1959","40","小規模","840","教育施設の運営","https://example.invalid/education/016","設備の老朽化と保守負担を減らしたい","既存設備の故障と保守工数が増えており、更新計画と運用改善を一緒に提案できる企業を探しています。","業務提携の締結","設備の老朽化と保守負担を減らしたい","既存設備の故障と保守工数が増えており、更新計画と運用改善を一緒に提案できる企業を探しています。","設備・施設","低","true","学校運営部","課長","97","false","未対応","2026-08-30","true","本データはデモ用途の架空企業です。実在の企業・団体とは関係ありません。"
"FC-01417","合同会社オルビスラーニングパートナーズ","合同会社 オルビス ラーニング パートナーズ","education","教育・学習支援業","岩手県","中央市","1970","229","中小企業","5038","企業研修・学習支援","https://example.invalid/education/017","問い合わせと顧客対応を効率化したい","問い合わせ情報が複数部署に分散しており、対応状況を一元管理できる仕組みを探しています。","設備更新予算の増額","問い合わせと顧客対応を効率化したい","問い合わせ情報が複数部署に分散しており、対応状況を一元管理できる仕組みを探しています。","営業・顧客管理","中","true","学校運営部","責任者","69","false","情報収集中","2026-08-30","true","本データはデモ用途の架空企業です。実在の企業・団体とは関係ありません。"
"FC-01418","株式会社オルビスラーニングワークス","株式会社 オルビス ラーニング ワークス","education","教育・学習支援業","群馬県","緑市","1981","966","中堅企業","22218","デジタル教材開発","https://example.invalid/education/018","採用後の教育と定着を改善したい","人員拡大に対して教育担当者が不足しており、研修の標準化と定着支援を相談したいです。","省エネ投資の開始","採用後の教育と定着を改善したい","人員拡大に対して教育担当者が不足しており、研修の標準化と定着支援を相談したいです。","人材・労務","高","true","学校運営部","企画担当","86","false","アプローチ準備中","2026-08-30","true","本データはデモ用途の架空企業です。実在の企業・団体とは関係ありません。"
"FC-01419","合同会社オルビスラーニンググループ","合同会社 オルビス ラーニング グループ","education","教育・学習支援業","石川県","さくら市","1992","1503","大企業","36072","教育施設の運営","https://example.invalid/education/019","新サービスの販売パートナーを探したい","新サービスの提供地域を広げるため、共同提案や販売連携が可能な企業を探しています。","新サービスの発表","新サービスの販売パートナーを探したい","新サービスの提供地域を広げるため、共同提案や販売連携が可能な企業を探しています。","事業開発","低","true","学校運営部","部長","58","false","未対応","2026-08-30","true","本データはデモ用途の架空企業です。実在の企業・団体とは関係ありません。"
"FC-01420","株式会社オルビスラーニングコーポレーション","株式会社 オルビス ラーニング コーポレーション","education","教育・学習支援業","三重県","ひかり市","2003","36","小規模","900","企業研修・学習支援","https://example.invalid/education/020","現場の安全管理と品質記録を強化したい","点検記録と事故予防の仕組みを見直しており、導入負担の小さい安全管理提案を受け付けています。","新拠点の開設計画","現場の安全管理と品質記録を強化したい","点検記録と事故予防の仕組みを見直しており、導入負担の小さい安全管理提案を受け付けています。","安全・品質","中","true","学校運営部","課長","75","false","情報収集中","2026-08-30","true","本データはデモ用途の架空企業です。実在の企業・団体とは関係ありません。"
"FC-01421","合同会社ノヴァラーニングソリューションズ","合同会社 ノヴァ ラーニング ソリューションズ","education","教育・学習支援業","鳥取県","あおば市","2014","127","中小企業","3302","デジタル教材開発","https://example.invalid/education/021","手作業と紙中心の業務をデジタル化したい","部門間の情報共有が手作業になっているため、現場へ定着しやすい業務システムの提案を募集しています。","人員採用の拡大","手作業と紙中心の業務をデジタル化したい","部門間の情報共有が手作業になっているため、現場へ定着しやすい業務システムの提案を募集しています。","DX・IT","高","true","学校運営部","責任者","92","false","アプローチ準備中","2026-08-30","true","本データはデモ用途の架空企業です。実在の企業・団体とは関係ありません。"
"FC-01422","株式会社ノヴァラーニングパートナーズ","株式会社 ノヴァ ラーニング パートナーズ","education","教育・学習支援業","愛媛県","若葉市","1957","414","中堅企業","11178","教育施設の運営","https://example.invalid/education/022","在庫差異と配送負担を減らしたい","在庫状況の把握に時間がかかっており、入出庫と配送計画を改善する提案を募集しています。","既存施設の改修","在庫差異と配送負担を減らしたい","在庫状況の把握に時間がかかっており、入出庫と配送計画を改善する提案を募集しています。","物流・在庫","低","true","学校運営部","企画担当","64","false","未対応","2026-08-30","true","本データはデモ用途の架空企業です。実在の企業・団体とは関係ありません。"
"FC-01423","合同会社ノヴァラーニングワークス","合同会社 ノヴァ ラーニング ワークス","education","教育・学習支援業","宮崎県","豊栄市","1968","1651","大企業","46228","企業研修・学習支援","https://example.invalid/education/023","エネルギー・運用費を削減したい","拠点運営費が増加しているため、効果を測定できる省エネ・コスト削減策を求めています。","事業エリアの拡大","エネルギー・運用費を削減したい","拠点運営費が増加しているため、効果を測定できる省エネ・コスト削減策を求めています。","コスト削減","中","true","学校運営部","部長","81","false","情報収集中","2026-08-30","true","本データはデモ用途の架空企業です。実在の企業・団体とは関係ありません。"
"FC-01424","株式会社ノヴァラーニンググループ","株式会社 ノヴァ ラーニング グループ","education","教育・学習支援業","秋田県","清流市","1979","32","小規模","928","デジタル教材開発","https://example.invalid/education/024","設備の老朽化と保守負担を減らしたい","既存設備の故障と保守工数が増えており、更新計画と運用改善を一緒に提案できる企業を探しています。","DX推進組織の新設","設備の老朽化と保守負担を減らしたい","既存設備の故障と保守工数が増えており、更新計画と運用改善を一緒に提案できる企業を探しています。","設備・施設","高","true","学校運営部","課長","98","false","アプローチ準備中","2026-08-30","true","本データはデモ用途の架空企業です。実在の企業・団体とは関係ありません。"
"FC-01425","合同会社ノヴァラーニングコーポレーション","合同会社 ノヴァ ラーニング コーポレーション","education","教育・学習支援業","千葉県","旭市","1990","275","中小企業","3025","教育施設の運営","https://example.invalid/education/025","問い合わせと顧客対応を効率化したい","問い合わせ情報が複数部署に分散しており、対応状況を一元管理できる仕組みを探しています。","安全管理方針の強化","問い合わせと顧客対応を効率化したい","問い合わせ情報が複数部署に分散しており、対応状況を一元管理できる仕組みを探しています。","営業・顧客管理","低","true","学校運営部","責任者","70","false","未対応","2026-08-30","true","本データはデモ用途の架空企業です。実在の企業・団体とは関係ありません。"
"FC-01426","株式会社ユニゾンラーニングソリューションズ","株式会社 ユニゾン ラーニング ソリューションズ","education","教育・学習支援業","山梨県","みなと市","2001","562","中堅企業","6744","企業研修・学習支援","https://example.invalid/education/026","採用後の教育と定着を改善したい","人員拡大に対して教育担当者が不足しており、研修の標準化と定着支援を相談したいです。","業務提携の締結","採用後の教育と定着を改善したい","人員拡大に対して教育担当者が不足しており、研修の標準化と定着支援を相談したいです。","人材・労務","中","true","学校運営部","企画担当","87","false","情報収集中","2026-08-30","true","本データはデモ用途の架空企業です。実在の企業・団体とは関係ありません。"
"FC-01427","合同会社ユニゾンラーニングパートナーズ","合同会社 ユニゾン ラーニング パートナーズ","education","教育・学習支援業","京都府","高台市","2012","1799","大企業","23387","デジタル教材開発","https://example.invalid/education/027","新サービスの販売パートナーを探したい","新サービスの提供地域を広げるため、共同提案や販売連携が可能な企業を探しています。","設備更新予算の増額","新サービスの販売パートナーを探したい","新サービスの提供地域を広げるため、共同提案や販売連携が可能な企業を探しています。","事業開発","高","true","学校運営部","部長","59","false","アプローチ準備中","2026-08-30","true","本データはデモ用途の架空企業です。実在の企業・団体とは関係ありません。"
"FC-01428","株式会社ユニゾンラーニングワークス","株式会社 ユニゾン ラーニング ワークス","education","教育・学習支援業","岡山県","新生市","1955","28","小規模","392","教育施設の運営","https://example.invalid/education/028","現場の安全管理と品質記録を強化したい","点検記録と事故予防の仕組みを見直しており、導入負担の小さい安全管理提案を受け付けています。","省エネ投資の開始","現場の安全管理と品質記録を強化したい","点検記録と事故予防の仕組みを見直しており、導入負担の小さい安全管理提案を受け付けています。","安全・品質","低","true","学校運営部","課長","76","true","未対応","2026-08-30","true","本データはデモ用途の架空企業です。実在の企業・団体とは関係ありません。"
"FC-01429","合同会社ユニゾンラーニンググループ","合同会社 ユニゾン ラーニング グループ","education","教育・学習支援業","福岡県","平和市","1966","173","中小企業","2595","企業研修・学習支援","https://example.invalid/education/029","手作業と紙中心の業務をデジタル化したい","部門間の情報共有が手作業になっているため、現場へ定着しやすい業務システムの提案を募集しています。","新サービスの発表","手作業と紙中心の業務をデジタル化したい","部門間の情報共有が手作業になっているため、現場へ定着しやすい業務システムの提案を募集しています。","DX・IT","中","true","学校運営部","責任者","93","false","情報収集中","2026-08-30","true","本データはデモ用途の架空企業です。実在の企業・団体とは関係ありません。"
"FC-01430","株式会社ユニゾンラーニングコーポレーション","株式会社 ユニゾン ラーニング コーポレーション","education","教育・学習支援業","沖縄県","希望市","1977","710","中堅企業","11360","デジタル教材開発","https://example.invalid/education/030","在庫差異と配送負担を減らしたい","在庫状況の把握に時間がかかっており、入出庫と配送計画を改善する提案を募集しています。","新拠点の開設計画","在庫差異と配送負担を減らしたい","在庫状況の把握に時間がかかっており、入出庫と配送計画を改善する提案を募集しています。","物流・在庫","高","true","学校運営部","企画担当","65","false","アプローチ準備中","2026-08-30","true","本データはデモ用途の架空企業です。実在の企業・団体とは関係ありません。"
"FC-01431","合同会社ヴェリタスラーニングソリューションズ","合同会社 ヴェリタス ラーニング ソリューションズ","education","教育・学習支援業","福島県","文化市","1988","1947","大企業","33099","教育施設の運営","https://example.invalid/education/031","エネルギー・運用費を削減したい","拠点運営費が増加しているため、効果を測定できる省エネ・コスト削減策を求めています。","人員採用の拡大","エネルギー・運用費を削減したい","拠点運営費が増加しているため、効果を測定できる省エネ・コスト削減策を求めています。","コスト削減","低","true","学校運営部","部長","82","false","未対応","2026-08-30","true","本データはデモ用途の架空企業です。実在の企業・団体とは関係ありません。"
"FC-01432","株式会社ヴェリタスラーニングパートナーズ","株式会社 ヴェリタス ラーニング パートナーズ","education","教育・学習支援業","神奈川県","産業市","1999","24","小規模","432","企業研修・学習支援","https://example.invalid/education/032","設備の老朽化と保守負担を減らしたい","既存設備の故障と保守工数が増えており、更新計画と運用改善を一緒に提案できる企業を探しています。","既存施設の改修","設備の老朽化と保守負担を減らしたい","既存設備の故障と保守工数が増えており、更新計画と運用改善を一緒に提案できる企業を探しています。","設備・施設","中","true","学校運営部","課長","99","false","情報収集中","2026-08-30","true","本データはデモ用途の架空企業です。実在の企業・団体とは関係ありません。"
"FC-01433","合同会社ヴェリタスラーニングワークス","合同会社 ヴェリタス ラーニング ワークス","education","教育・学習支援業","岐阜県","学園市","2010","71","中小企業","1349","デジタル教材開発","https://example.invalid/education/033","問い合わせと顧客対応を効率化したい","問い合わせ情報が複数部署に分散しており、対応状況を一元管理できる仕組みを探しています。","事業エリアの拡大","問い合わせと顧客対応を効率化したい","問い合わせ情報が複数部署に分散しており、対応状況を一元管理できる仕組みを探しています。","営業・顧客管理","高","true","学校運営部","責任者","71","false","アプローチ準備中","2026-08-30","true","本データはデモ用途の架空企業です。実在の企業・団体とは関係ありません。"
"FC-01434","株式会社ヴェリタスラーニンググループ","株式会社 ヴェリタス ラーニング グループ","education","教育・学習支援業","兵庫県","泉市","2021","858","中堅企業","17160","教育施設の運営","https://example.invalid/education/034","採用後の教育と定着を改善したい","人員拡大に対して教育担当者が不足しており、研修の標準化と定着支援を相談したいです。","DX推進組織の新設","採用後の教育と定着を改善したい","人員拡大に対して教育担当者が不足しており、研修の標準化と定着支援を相談したいです。","人材・労務","低","true","学校運営部","企画担当","88","false","未対応","2026-08-30","true","本データはデモ用途の架空企業です。実在の企業・団体とは関係ありません。"
"FC-01435","合同会社ヴェリタスラーニングコーポレーション","合同会社 ヴェリタス ラーニング コーポレーション","education","教育・学習支援業","山口県","丘陵市","1964","2095","大企業","43995","企業研修・学習支援","https://example.invalid/education/035","新サービスの販売パートナーを探したい","新サービスの提供地域を広げるため、共同提案や販売連携が可能な企業を探しています。","安全管理方針の強化","新サービスの販売パートナーを探したい","新サービスの提供地域を広げるため、共同提案や販売連携が可能な企業を探しています。","事業開発","中","true","学校運営部","部長","60","false","情報収集中","2026-08-30","true","本データはデモ用途の架空企業です。実在の企業・団体とは関係ありません。"
"FC-01436","株式会社セントラルラーニングソリューションズ","株式会社 セントラル ラーニング ソリューションズ","education","教育・学習支援業","長崎県","未来市","1975","20","小規模","440","デジタル教材開発","https://example.invalid/education/036","現場の安全管理と品質記録を強化したい","点検記録と事故予防の仕組みを見直しており、導入負担の小さい安全管理提案を受け付けています。","業務提携の締結","現場の安全管理と品質記録を強化したい","点検記録と事故予防の仕組みを見直しており、導入負担の小さい安全管理提案を受け付けています。","安全・品質","高","true","学校運営部","課長","77","false","アプローチ準備中","2026-08-30","true","本データはデモ用途の架空企業です。実在の企業・団体とは関係ありません。"
"FC-01437","合同会社セントラルラーニングパートナーズ","合同会社 セントラル ラーニング パートナーズ","education","教育・学習支援業","青森県","中央市","1986","219","中小企業","5037","教育施設の運営","https://example.invalid/education/037","手作業と紙中心の業務をデジタル化したい","部門間の情報共有が手作業になっているため、現場へ定着しやすい業務システムの提案を募集しています。","設備更新予算の増額","手作業と紙中心の業務をデジタル化したい","部門間の情報共有が手作業になっているため、現場へ定着しやすい業務システムの提案を募集しています。","DX・IT","低","true","学校運営部","責任者","94","false","未対応","2026-08-30","true","本データはデモ用途の架空企業です。実在の企業・団体とは関係ありません。"
"FC-01438","株式会社セントラルラーニングワークス","株式会社 セントラル ラーニング ワークス","education","教育・学習支援業","栃木県","緑市","1997","306","中堅企業","7344","企業研修・学習支援","https://example.invalid/education/038","在庫差異と配送負担を減らしたい","在庫状況の把握に時間がかかっており、入出庫と配送計画を改善する提案を募集しています。","省エネ投資の開始","在庫差異と配送負担を減らしたい","在庫状況の把握に時間がかかっており、入出庫と配送計画を改善する提案を募集しています。","物流・在庫","中","true","学校運営部","企画担当","66","false","情報収集中","2026-08-30","true","本データはデモ用途の架空企業です。実在の企業・団体とは関係ありません。"
"FC-01439","合同会社セントラルラーニンググループ","合同会社 セントラル ラーニング グループ","education","教育・学習支援業","富山県","さくら市","2008","2243","大企業","56075","デジタル教材開発","https://example.invalid/education/039","エネルギー・運用費を削減したい","拠点運営費が増加しているため、効果を測定できる省エネ・コスト削減策を求めています。","新サービスの発表","エネルギー・運用費を削減したい","拠点運営費が増加しているため、効果を測定できる省エネ・コスト削減策を求めています。","コスト削減","高","true","学校運営部","部長","83","false","アプローチ準備中","2026-08-30","true","本データはデモ用途の架空企業です。実在の企業・団体とは関係ありません。"
"FC-01440","株式会社セントラルラーニングコーポレーション","株式会社 セントラル ラーニング コーポレーション","education","教育・学習支援業","愛知県","ひかり市","2019","16","小規模","416","教育施設の運営","https://example.invalid/education/040","設備の老朽化と保守負担を減らしたい","既存設備の故障と保守工数が増えており、更新計画と運用改善を一緒に提案できる企業を探しています。","新拠点の開設計画","設備の老朽化と保守負担を減らしたい","既存設備の故障と保守工数が増えており、更新計画と運用改善を一緒に提案できる企業を探しています。","設備・施設","低","true","学校運営部","課長","55","false","未対応","2026-08-30","true","本データはデモ用途の架空企業です。実在の企業・団体とは関係ありません。"
"FC-01441","合同会社エレメントラーニングソリューションズ","合同会社 エレメント ラーニング ソリューションズ","education","教育・学習支援業","和歌山県","あおば市","1962","117","中小企業","3159","企業研修・学習支援","https://example.invalid/education/041","問い合わせと顧客対応を効率化したい","問い合わせ情報が複数部署に分散しており、対応状況を一元管理できる仕組みを探しています。","人員採用の拡大","問い合わせと顧客対応を効率化したい","問い合わせ情報が複数部署に分散しており、対応状況を一元管理できる仕組みを探しています。","営業・顧客管理","中","true","学校運営部","責任者","72","false","情報収集中","2026-08-30","true","本データはデモ用途の架空企業です。実在の企業・団体とは関係ありません。"
"FC-01442","株式会社エレメントラーニングパートナーズ","株式会社 エレメント ラーニング パートナーズ","education","教育・学習支援業","香川県","若葉市","1973","454","中堅企業","12712","デジタル教材開発","https://example.invalid/education/042","採用後の教育と定着を改善したい","人員拡大に対して教育担当者が不足しており、研修の標準化と定着支援を相談したいです。","既存施設の改修","採用後の教育と定着を改善したい","人員拡大に対して教育担当者が不足しており、研修の標準化と定着支援を相談したいです。","人材・労務","高","true","学校運営部","企画担当","89","false","アプローチ準備中","2026-08-30","true","本データはデモ用途の架空企業です。実在の企業・団体とは関係ありません。"
"FC-01443","合同会社エレメントラーニングワークス","合同会社 エレメント ラーニング ワークス","education","教育・学習支援業","大分県","豊栄市","1984","2391","大企業","69339","教育施設の運営","https://example.invalid/education/043","新サービスの販売パートナーを探したい","新サービスの提供地域を広げるため、共同提案や販売連携が可能な企業を探しています。","事業エリアの拡大","新サービスの販売パートナーを探したい","新サービスの提供地域を広げるため、共同提案や販売連携が可能な企業を探しています。","事業開発","低","true","学校運営部","部長","61","false","未対応","2026-08-30","true","本データはデモ用途の架空企業です。実在の企業・団体とは関係ありません。"
"FC-01444","株式会社エレメントラーニンググループ","株式会社 エレメント ラーニング グループ","education","教育・学習支援業","宮城県","清流市","1995","12","小規模","132","企業研修・学習支援","https://example.invalid/education/044","現場の安全管理と品質記録を強化したい","点検記録と事故予防の仕組みを見直しており、導入負担の小さい安全管理提案を受け付けています。","DX推進組織の新設","現場の安全管理と品質記録を強化したい","点検記録と事故予防の仕組みを見直しており、導入負担の小さい安全管理提案を受け付けています。","安全・品質","中","true","学校運営部","課長","78","false","情報収集中","2026-08-30","true","本データはデモ用途の架空企業です。実在の企業・団体とは関係ありません。"
"FC-01445","合同会社エレメントラーニングコーポレーション","合同会社 エレメント ラーニング コーポレーション","education","教育・学習支援業","埼玉県","旭市","2006","265","中小企業","3180","デジタル教材開発","https://example.invalid/education/045","手作業と紙中心の業務をデジタル化したい","部門間の情報共有が手作業になっているため、現場へ定着しやすい業務システムの提案を募集しています。","安全管理方針の強化","手作業と紙中心の業務をデジタル化したい","部門間の情報共有が手作業になっているため、現場へ定着しやすい業務システムの提案を募集しています。","DX・IT","高","true","学校運営部","責任者","95","true","アプローチ準備中","2026-08-30","true","本データはデモ用途の架空企業です。実在の企業・団体とは関係ありません。"
"FC-01446","株式会社クレストラーニングソリューションズ","株式会社 クレスト ラーニング ソリューションズ","education","教育・学習支援業","福井県","みなと市","2017","602","中堅企業","7826","教育施設の運営","https://example.invalid/education/046","在庫差異と配送負担を減らしたい","在庫状況の把握に時間がかかっており、入出庫と配送計画を改善する提案を募集しています。","業務提携の締結","在庫差異と配送負担を減らしたい","在庫状況の把握に時間がかかっており、入出庫と配送計画を改善する提案を募集しています。","物流・在庫","低","true","学校運営部","企画担当","67","false","未対応","2026-08-30","true","本データはデモ用途の架空企業です。実在の企業・団体とは関係ありません。"
"FC-01447","合同会社クレストラーニングパートナーズ","合同会社 クレスト ラーニング パートナーズ","education","教育・学習支援業","滋賀県","高台市","1960","2539","大企業","35546","企業研修・学習支援","https://example.invalid/education/047","エネルギー・運用費を削減したい","拠点運営費が増加しているため、効果を測定できる省エネ・コスト削減策を求めています。","設備更新予算の増額","エネルギー・運用費を削減したい","拠点運営費が増加しているため、効果を測定できる省エネ・コスト削減策を求めています。","コスト削減","中","true","学校運営部","部長","84","false","情報収集中","2026-08-30","true","本データはデモ用途の架空企業です。実在の企業・団体とは関係ありません。"
"FC-01448","株式会社クレストラーニングワークス","株式会社 クレスト ラーニング ワークス","education","教育・学習支援業","島根県","新生市","1971","46","小規模","690","デジタル教材開発","https://example.invalid/education/048","設備の老朽化と保守負担を減らしたい","既存設備の故障と保守工数が増えており、更新計画と運用改善を一緒に提案できる企業を探しています。","省エネ投資の開始","設備の老朽化と保守負担を減らしたい","既存設備の故障と保守工数が増えており、更新計画と運用改善を一緒に提案できる企業を探しています。","設備・施設","高","true","学校運営部","課長","56","false","アプローチ準備中","2026-08-30","true","本データはデモ用途の架空企業です。実在の企業・団体とは関係ありません。"
"FC-01449","合同会社クレストラーニンググループ","合同会社 クレスト ラーニング グループ","education","教育・学習支援業","高知県","平和市","1982","163","中小企業","2608","教育施設の運営","https://example.invalid/education/049","問い合わせと顧客対応を効率化したい","問い合わせ情報が複数部署に分散しており、対応状況を一元管理できる仕組みを探しています。","新サービスの発表","問い合わせと顧客対応を効率化したい","問い合わせ情報が複数部署に分散しており、対応状況を一元管理できる仕組みを探しています。","営業・顧客管理","低","true","学校運営部","責任者","73","false","未対応","2026-08-30","true","本データはデモ用途の架空企業です。実在の企業・団体とは関係ありません。"
"FC-01450","株式会社クレストラーニングコーポレーション","株式会社 クレスト ラーニング コーポレーション","education","教育・学習支援業","鹿児島県","希望市","1993","750","中堅企業","12750","企業研修・学習支援","https://example.invalid/education/050","採用後の教育と定着を改善したい","人員拡大に対して教育担当者が不足しており、研修の標準化と定着支援を相談したいです。","新拠点の開設計画","採用後の教育と定着を改善したい","人員拡大に対して教育担当者が不足しており、研修の標準化と定着支援を相談したいです。","人材・労務","中","true","学校運営部","企画担当","90","false","情報収集中","2026-08-30","true","本データはデモ用途の架空企業です。実在の企業・団体とは関係ありません。"
"FC-01451","合同会社シナジーラーニングソリューションズ","合同会社 シナジー ラーニング ソリューションズ","education","教育・学習支援業","山形県","文化市","2004","2687","大企業","48366","デジタル教材開発","https://example.invalid/education/051","新サービスの販売パートナーを探したい","新サービスの提供地域を広げるため、共同提案や販売連携が可能な企業を探しています。","人員採用の拡大","新サービスの販売パートナーを探したい","新サービスの提供地域を広げるため、共同提案や販売連携が可能な企業を探しています。","事業開発","高","true","学校運営部","部長","62","false","アプローチ準備中","2026-08-30","true","本データはデモ用途の架空企業です。実在の企業・団体とは関係ありません。"
"FC-01452","株式会社シナジーラーニングパートナーズ","株式会社 シナジー ラーニング パートナーズ","education","教育・学習支援業","東京都","産業市","2015","42","小規模","798","教育施設の運営","https://example.invalid/education/052","現場の安全管理と品質記録を強化したい","点検記録と事故予防の仕組みを見直しており、導入負担の小さい安全管理提案を受け付けています。","既存施設の改修","現場の安全管理と品質記録を強化したい","点検記録と事故予防の仕組みを見直しており、導入負担の小さい安全管理提案を受け付けています。","安全・品質","低","true","学校運営部","課長","79","false","未対応","2026-08-30","true","本データはデモ用途の架空企業です。実在の企業・団体とは関係ありません。"
"FC-01453","合同会社シナジーラーニングワークス","合同会社 シナジー ラーニング ワークス","education","教育・学習支援業","長野県","学園市","1958","61","中小企業","1220","企業研修・学習支援","https://example.invalid/education/053","手作業と紙中心の業務をデジタル化したい","部門間の情報共有が手作業になっているため、現場へ定着しやすい業務システムの提案を募集しています。","事業エリアの拡大","手作業と紙中心の業務をデジタル化したい","部門間の情報共有が手作業になっているため、現場へ定着しやすい業務システムの提案を募集しています。","DX・IT","中","true","学校運営部","責任者","96","false","情報収集中","2026-08-30","true","本データはデモ用途の架空企業です。実在の企業・団体とは関係ありません。"
"FC-01454","株式会社シナジーラーニンググループ","株式会社 シナジー ラーニング グループ","education","教育・学習支援業","大阪府","泉市","1969","898","中堅企業","18858","デジタル教材開発","https://example.invalid/education/054","在庫差異と配送負担を減らしたい","在庫状況の把握に時間がかかっており、入出庫と配送計画を改善する提案を募集しています。","DX推進組織の新設","在庫差異と配送負担を減らしたい","在庫状況の把握に時間がかかっており、入出庫と配送計画を改善する提案を募集しています。","物流・在庫","高","true","学校運営部","企画担当","68","false","アプローチ準備中","2026-08-30","true","本データはデモ用途の架空企業です。実在の企業・団体とは関係ありません。"
"FC-01455","合同会社シナジーラーニングコーポレーション","合同会社 シナジー ラーニング コーポレーション","education","教育・学習支援業","広島県","丘陵市","1980","2835","大企業","62370","教育施設の運営","https://example.invalid/education/055","エネルギー・運用費を削減したい","拠点運営費が増加しているため、効果を測定できる省エネ・コスト削減策を求めています。","安全管理方針の強化","エネルギー・運用費を削減したい","拠点運営費が増加しているため、効果を測定できる省エネ・コスト削減策を求めています。","コスト削減","低","true","学校運営部","部長","85","false","未対応","2026-08-30","true","本データはデモ用途の架空企業です。実在の企業・団体とは関係ありません。"
"FC-01456","株式会社アクセルラーニングソリューションズ","株式会社 アクセル ラーニング ソリューションズ","education","教育・学習支援業","佐賀県","未来市","1991","38","小規模","874","企業研修・学習支援","https://example.invalid/education/056","設備の老朽化と保守負担を減らしたい","既存設備の故障と保守工数が増えており、更新計画と運用改善を一緒に提案できる企業を探しています。","業務提携の締結","設備の老朽化と保守負担を減らしたい","既存設備の故障と保守工数が増えており、更新計画と運用改善を一緒に提案できる企業を探しています。","設備・施設","中","true","学校運営部","課長","57","false","情報収集中","2026-08-30","true","本データはデモ用途の架空企業です。実在の企業・団体とは関係ありません。"
"FC-01457","合同会社アクセルラーニングパートナーズ","合同会社 アクセル ラーニング パートナーズ","education","教育・学習支援業","北海道","中央市","2002","209","中小企業","5016","デジタル教材開発","https://example.invalid/education/057","問い合わせと顧客対応を効率化したい","問い合わせ情報が複数部署に分散しており、対応状況を一元管理できる仕組みを探しています。","設備更新予算の増額","問い合わせと顧客対応を効率化したい","問い合わせ情報が複数部署に分散しており、対応状況を一元管理できる仕組みを探しています。","営業・顧客管理","高","true","学校運営部","責任者","74","false","アプローチ準備中","2026-08-30","true","本データはデモ用途の架空企業です。実在の企業・団体とは関係ありません。"
"FC-01458","株式会社アクセルラーニングワークス","株式会社 アクセル ラーニング ワークス","education","教育・学習支援業","茨城県","緑市","2013","346","中堅企業","8650","教育施設の運営","https://example.invalid/education/058","採用後の教育と定着を改善したい","人員拡大に対して教育担当者が不足しており、研修の標準化と定着支援を相談したいです。","省エネ投資の開始","採用後の教育と定着を改善したい","人員拡大に対して教育担当者が不足しており、研修の標準化と定着支援を相談したいです。","人材・労務","低","true","学校運営部","企画担当","91","false","未対応","2026-08-30","true","本データはデモ用途の架空企業です。実在の企業・団体とは関係ありません。"
"FC-01459","合同会社アクセルラーニンググループ","合同会社 アクセル ラーニング グループ","education","教育・学習支援業","新潟県","さくら市","1956","2983","大企業","77558","企業研修・学習支援","https://example.invalid/education/059","新サービスの販売パートナーを探したい","新サービスの提供地域を広げるため、共同提案や販売連携が可能な企業を探しています。","新サービスの発表","新サービスの販売パートナーを探したい","新サービスの提供地域を広げるため、共同提案や販売連携が可能な企業を探しています。","事業開発","中","true","学校運営部","部長","63","false","情報収集中","2026-08-30","true","本データはデモ用途の架空企業です。実在の企業・団体とは関係ありません。"
"FC-01460","株式会社アクセルラーニングコーポレーション","株式会社 アクセル ラーニング コーポレーション","education","教育・学習支援業","静岡県","ひかり市","1967","34","小規模","918","デジタル教材開発","https://example.invalid/education/060","現場の安全管理と品質記録を強化したい","点検記録と事故予防の仕組みを見直しており、導入負担の小さい安全管理提案を受け付けています。","新拠点の開設計画","現場の安全管理と品質記録を強化したい","点検記録と事故予防の仕組みを見直しており、導入負担の小さい安全管理提案を受け付けています。","安全・品質","高","true","学校運営部","課長","80","false","アプローチ準備中","2026-08-30","true","本データはデモ用途の架空企業です。実在の企業・団体とは関係ありません。"
"FC-01461","合同会社リードラーニングソリューションズ","合同会社 リード ラーニング ソリューションズ","education","教育・学習支援業","奈良県","あおば市","1978","107","中小企業","2996","教育施設の運営","https://example.invalid/education/061","手作業と紙中心の業務をデジタル化したい","部門間の情報共有が手作業になっているため、現場へ定着しやすい業務システムの提案を募集しています。","人員採用の拡大","手作業と紙中心の業務をデジタル化したい","部門間の情報共有が手作業になっているため、現場へ定着しやすい業務システムの提案を募集しています。","DX・IT","低","true","学校運営部","責任者","97","false","未対応","2026-08-30","true","本データはデモ用途の架空企業です。実在の企業・団体とは関係ありません。"
"FC-01462","株式会社リードラーニングパートナーズ","株式会社 リード ラーニング パートナーズ","education","教育・学習支援業","徳島県","若葉市","1989","494","中堅企業","14326","企業研修・学習支援","https://example.invalid/education/062","在庫差異と配送負担を減らしたい","在庫状況の把握に時間がかかっており、入出庫と配送計画を改善する提案を募集しています。","既存施設の改修","在庫差異と配送負担を減らしたい","在庫状況の把握に時間がかかっており、入出庫と配送計画を改善する提案を募集しています。","物流・在庫","中","true","学校運営部","企画担当","69","true","情報収集中","2026-08-30","true","本データはデモ用途の架空企業です。実在の企業・団体とは関係ありません。"
"FC-01463","合同会社リードラーニングワークス","合同会社 リード ラーニング ワークス","education","教育・学習支援業","熊本県","豊栄市","2000","3131","大企業","34441","デジタル教材開発","https://example.invalid/education/063","エネルギー・運用費を削減したい","拠点運営費が増加しているため、効果を測定できる省エネ・コスト削減策を求めています。","事業エリアの拡大","エネルギー・運用費を削減したい","拠点運営費が増加しているため、効果を測定できる省エネ・コスト削減策を求めています。","コスト削減","高","true","学校運営部","部長","86","false","アプローチ準備中","2026-08-30","true","本データはデモ用途の架空企業です。実在の企業・団体とは関係ありません。"
"FC-01464","株式会社リードラーニンググループ","株式会社 リード ラーニング グループ","education","教育・学習支援業","岩手県","清流市","2011","30","小規模","360","教育施設の運営","https://example.invalid/education/064","設備の老朽化と保守負担を減らしたい","既存設備の故障と保守工数が増えており、更新計画と運用改善を一緒に提案できる企業を探しています。","DX推進組織の新設","設備の老朽化と保守負担を減らしたい","既存設備の故障と保守工数が増えており、更新計画と運用改善を一緒に提案できる企業を探しています。","設備・施設","低","true","学校運営部","課長","58","false","未対応","2026-08-30","true","本データはデモ用途の架空企業です。実在の企業・団体とは関係ありません。"
"FC-01465","合同会社リードラーニングコーポレーション","合同会社 リード ラーニング コーポレーション","education","教育・学習支援業","群馬県","旭市","2022","255","中小企業","3315","企業研修・学習支援","https://example.invalid/education/065","問い合わせと顧客対応を効率化したい","問い合わせ情報が複数部署に分散しており、対応状況を一元管理できる仕組みを探しています。","安全管理方針の強化","問い合わせと顧客対応を効率化したい","問い合わせ情報が複数部署に分散しており、対応状況を一元管理できる仕組みを探しています。","営業・顧客管理","中","true","学校運営部","責任者","75","false","情報収集中","2026-08-30","true","本データはデモ用途の架空企業です。実在の企業・団体とは関係ありません。"
"FC-01466","株式会社ハーモニーラーニングソリューションズ","株式会社 ハーモニー ラーニング ソリューションズ","education","教育・学習支援業","石川県","みなと市","1965","642","中堅企業","8988","デジタル教材開発","https://example.invalid/education/066","採用後の教育と定着を改善したい","人員拡大に対して教育担当者が不足しており、研修の標準化と定着支援を相談したいです。","業務提携の締結","採用後の教育と定着を改善したい","人員拡大に対して教育担当者が不足しており、研修の標準化と定着支援を相談したいです。","人材・労務","高","true","学校運営部","企画担当","92","false","アプローチ準備中","2026-08-30","true","本データはデモ用途の架空企業です。実在の企業・団体とは関係ありません。"
"FC-01467","合同会社ハーモニーラーニングパートナーズ","合同会社 ハーモニー ラーニング パートナーズ","education","教育・学習支援業","三重県","高台市","1976","3279","大企業","49185","教育施設の運営","https://example.invalid/education/067","新サービスの販売パートナーを探したい","新サービスの提供地域を広げるため、共同提案や販売連携が可能な企業を探しています。","設備更新予算の増額","新サービスの販売パートナーを探したい","新サービスの提供地域を広げるため、共同提案や販売連携が可能な企業を探しています。","事業開発","低","true","学校運営部","部長","64","false","未対応","2026-08-30","true","本データはデモ用途の架空企業です。実在の企業・団体とは関係ありません。"
"FC-01468","株式会社ハーモニーラーニングワークス","株式会社 ハーモニー ラーニング ワークス","education","教育・学習支援業","鳥取県","新生市","1987","26","小規模","416","企業研修・学習支援","https://example.invalid/education/068","現場の安全管理と品質記録を強化したい","点検記録と事故予防の仕組みを見直しており、導入負担の小さい安全管理提案を受け付けています。","省エネ投資の開始","現場の安全管理と品質記録を強化したい","点検記録と事故予防の仕組みを見直しており、導入負担の小さい安全管理提案を受け付けています。","安全・品質","中","true","学校運営部","課長","81","false","情報収集中","2026-08-30","true","本データはデモ用途の架空企業です。実在の企業・団体とは関係ありません。"
"FC-01469","合同会社ハーモニーラーニンググループ","合同会社 ハーモニー ラーニング グループ","education","教育・学習支援業","愛媛県","平和市","1998","153","中小企業","2601","デジタル教材開発","https://example.invalid/education/069","手作業と紙中心の業務をデジタル化したい","部門間の情報共有が手作業になっているため、現場へ定着しやすい業務システムの提案を募集しています。","新サービスの発表","手作業と紙中心の業務をデジタル化したい","部門間の情報共有が手作業になっているため、現場へ定着しやすい業務システムの提案を募集しています。","DX・IT","高","true","学校運営部","責任者","98","false","アプローチ準備中","2026-08-30","true","本データはデモ用途の架空企業です。実在の企業・団体とは関係ありません。"
"FC-01470","株式会社ハーモニーラーニングコーポレーション","株式会社 ハーモニー ラーニング コーポレーション","education","教育・学習支援業","宮崎県","希望市","2009","790","中堅企業","14220","教育施設の運営","https://example.invalid/education/070","在庫差異と配送負担を減らしたい","在庫状況の把握に時間がかかっており、入出庫と配送計画を改善する提案を募集しています。","新拠点の開設計画","在庫差異と配送負担を減らしたい","在庫状況の把握に時間がかかっており、入出庫と配送計画を改善する提案を募集しています。","物流・在庫","低","true","学校運営部","企画担当","70","false","未対応","2026-08-30","true","本データはデモ用途の架空企業です。実在の企業・団体とは関係ありません。"
"FC-01471","合同会社ブリッジラーニングソリューションズ","合同会社 ブリッジ ラーニング ソリューションズ","education","教育・学習支援業","秋田県","文化市","2020","3427","大企業","65113","企業研修・学習支援","https://example.invalid/education/071","エネルギー・運用費を削減したい","拠点運営費が増加しているため、効果を測定できる省エネ・コスト削減策を求めています。","人員採用の拡大","エネルギー・運用費を削減したい","拠点運営費が増加しているため、効果を測定できる省エネ・コスト削減策を求めています。","コスト削減","中","true","学校運営部","部長","87","false","情報収集中","2026-08-30","true","本データはデモ用途の架空企業です。実在の企業・団体とは関係ありません。"
"FC-01472","株式会社ブリッジラーニングパートナーズ","株式会社 ブリッジ ラーニング パートナーズ","education","教育・学習支援業","千葉県","産業市","1963","22","小規模","440","デジタル教材開発","https://example.invalid/education/072","設備の老朽化と保守負担を減らしたい","既存設備の故障と保守工数が増えており、更新計画と運用改善を一緒に提案できる企業を探しています。","既存施設の改修","設備の老朽化と保守負担を減らしたい","既存設備の故障と保守工数が増えており、更新計画と運用改善を一緒に提案できる企業を探しています。","設備・施設","高","true","学校運営部","課長","59","false","アプローチ準備中","2026-08-30","true","本データはデモ用途の架空企業です。実在の企業・団体とは関係ありません。"
"FC-01473","合同会社ブリッジラーニングワークス","合同会社 ブリッジ ラーニング ワークス","education","教育・学習支援業","山梨県","学園市","1974","51","中小企業","1071","教育施設の運営","https://example.invalid/education/073","問い合わせと顧客対応を効率化したい","問い合わせ情報が複数部署に分散しており、対応状況を一元管理できる仕組みを探しています。","事業エリアの拡大","問い合わせと顧客対応を効率化したい","問い合わせ情報が複数部署に分散しており、対応状況を一元管理できる仕組みを探しています。","営業・顧客管理","低","true","学校運営部","責任者","76","false","未対応","2026-08-30","true","本データはデモ用途の架空企業です。実在の企業・団体とは関係ありません。"
"FC-01474","株式会社ブリッジラーニンググループ","株式会社 ブリッジ ラーニング グループ","education","教育・学習支援業","京都府","泉市","1985","938","中堅企業","20636","企業研修・学習支援","https://example.invalid/education/074","採用後の教育と定着を改善したい","人員拡大に対して教育担当者が不足しており、研修の標準化と定着支援を相談したいです。","DX推進組織の新設","採用後の教育と定着を改善したい","人員拡大に対して教育担当者が不足しており、研修の標準化と定着支援を相談したいです。","人材・労務","中","true","学校運営部","企画担当","93","false","情報収集中","2026-08-30","true","本データはデモ用途の架空企業です。実在の企業・団体とは関係ありません。"
"FC-01475","合同会社ブリッジラーニングコーポレーション","合同会社 ブリッジ ラーニング コーポレーション","education","教育・学習支援業","岡山県","丘陵市","1996","3575","大企業","82225","デジタル教材開発","https://example.invalid/education/075","新サービスの販売パートナーを探したい","新サービスの提供地域を広げるため、共同提案や販売連携が可能な企業を探しています。","安全管理方針の強化","新サービスの販売パートナーを探したい","新サービスの提供地域を広げるため、共同提案や販売連携が可能な企業を探しています。","事業開発","高","true","学校運営部","部長","65","false","アプローチ準備中","2026-08-30","true","本データはデモ用途の架空企業です。実在の企業・団体とは関係ありません。"
"FC-01476","株式会社フォーカスラーニングソリューションズ","株式会社 フォーカス ラーニング ソリューションズ","education","教育・学習支援業","福岡県","未来市","2007","18","小規模","432","教育施設の運営","https://example.invalid/education/076","現場の安全管理と品質記録を強化したい","点検記録と事故予防の仕組みを見直しており、導入負担の小さい安全管理提案を受け付けています。","業務提携の締結","現場の安全管理と品質記録を強化したい","点検記録と事故予防の仕組みを見直しており、導入負担の小さい安全管理提案を受け付けています。","安全・品質","低","true","学校運営部","課長","82","false","未対応","2026-08-30","true","本データはデモ用途の架空企業です。実在の企業・団体とは関係ありません。"
"FC-01477","合同会社フォーカスラーニングパートナーズ","合同会社 フォーカス ラーニング パートナーズ","education","教育・学習支援業","沖縄県","中央市","2018","199","中小企業","4975","企業研修・学習支援","https://example.invalid/education/077","手作業と紙中心の業務をデジタル化したい","部門間の情報共有が手作業になっているため、現場へ定着しやすい業務システムの提案を募集しています。","設備更新予算の増額","手作業と紙中心の業務をデジタル化したい","部門間の情報共有が手作業になっているため、現場へ定着しやすい業務システムの提案を募集しています。","DX・IT","中","true","学校運営部","責任者","99","false","情報収集中","2026-08-30","true","本データはデモ用途の架空企業です。実在の企業・団体とは関係ありません。"
"FC-01478","株式会社フォーカスラーニングワークス","株式会社 フォーカス ラーニング ワークス","education","教育・学習支援業","福島県","緑市","1961","386","中堅企業","10036","デジタル教材開発","https://example.invalid/education/078","在庫差異と配送負担を減らしたい","在庫状況の把握に時間がかかっており、入出庫と配送計画を改善する提案を募集しています。","省エネ投資の開始","在庫差異と配送負担を減らしたい","在庫状況の把握に時間がかかっており、入出庫と配送計画を改善する提案を募集しています。","物流・在庫","高","true","学校運営部","企画担当","71","false","アプローチ準備中","2026-08-30","true","本データはデモ用途の架空企業です。実在の企業・団体とは関係ありません。"
"FC-01479","合同会社フォーカスラーニンググループ","合同会社 フォーカス ラーニング グループ","education","教育・学習支援業","神奈川県","さくら市","1972","3723","大企業","100521","教育施設の運営","https://example.invalid/education/079","エネルギー・運用費を削減したい","拠点運営費が増加しているため、効果を測定できる省エネ・コスト削減策を求めています。","新サービスの発表","エネルギー・運用費を削減したい","拠点運営費が増加しているため、効果を測定できる省エネ・コスト削減策を求めています。","コスト削減","低","true","学校運営部","部長","88","true","未対応","2026-08-30","true","本データはデモ用途の架空企業です。実在の企業・団体とは関係ありません。"
"FC-01480","株式会社フォーカスラーニングコーポレーション","株式会社 フォーカス ラーニング コーポレーション","education","教育・学習支援業","岐阜県","ひかり市","1983","14","小規模","392","企業研修・学習支援","https://example.invalid/education/080","設備の老朽化と保守負担を減らしたい","既存設備の故障と保守工数が増えており、更新計画と運用改善を一緒に提案できる企業を探しています。","新拠点の開設計画","設備の老朽化と保守負担を減らしたい","既存設備の故障と保守工数が増えており、更新計画と運用改善を一緒に提案できる企業を探しています。","設備・施設","中","true","学校運営部","課長","60","false","情報収集中","2026-08-30","true","本データはデモ用途の架空企業です。実在の企業・団体とは関係ありません。"
"FC-01481","合同会社ビジョンラーニングソリューションズ","合同会社 ビジョン ラーニング ソリューションズ","education","教育・学習支援業","兵庫県","あおば市","1994","97","中小企業","2813","デジタル教材開発","https://example.invalid/education/081","問い合わせと顧客対応を効率化したい","問い合わせ情報が複数部署に分散しており、対応状況を一元管理できる仕組みを探しています。","人員採用の拡大","問い合わせと顧客対応を効率化したい","問い合わせ情報が複数部署に分散しており、対応状況を一元管理できる仕組みを探しています。","営業・顧客管理","高","true","学校運営部","責任者","77","false","アプローチ準備中","2026-08-30","true","本データはデモ用途の架空企業です。実在の企業・団体とは関係ありません。"
"FC-01482","株式会社ビジョンラーニングパートナーズ","株式会社 ビジョン ラーニング パートナーズ","education","教育・学習支援業","山口県","若葉市","2005","534","中堅企業","5874","教育施設の運営","https://example.invalid/education/082","採用後の教育と定着を改善したい","人員拡大に対して教育担当者が不足しており、研修の標準化と定着支援を相談したいです。","既存施設の改修","採用後の教育と定着を改善したい","人員拡大に対して教育担当者が不足しており、研修の標準化と定着支援を相談したいです。","人材・労務","低","true","学校運営部","企画担当","94","false","未対応","2026-08-30","true","本データはデモ用途の架空企業です。実在の企業・団体とは関係ありません。"
"FC-01483","合同会社ビジョンラーニングワークス","合同会社 ビジョン ラーニング ワークス","education","教育・学習支援業","長崎県","豊栄市","2016","3871","大企業","46452","企業研修・学習支援","https://example.invalid/education/083","新サービスの販売パートナーを探したい","新サービスの提供地域を広げるため、共同提案や販売連携が可能な企業を探しています。","事業エリアの拡大","新サービスの販売パートナーを探したい","新サービスの提供地域を広げるため、共同提案や販売連携が可能な企業を探しています。","事業開発","中","true","学校運営部","部長","66","false","情報収集中","2026-08-30","true","本データはデモ用途の架空企業です。実在の企業・団体とは関係ありません。"
"FC-01484","株式会社ビジョンラーニンググループ","株式会社 ビジョン ラーニング グループ","education","教育・学習支援業","青森県","清流市","1959","48","小規模","624","デジタル教材開発","https://example.invalid/education/084","現場の安全管理と品質記録を強化したい","点検記録と事故予防の仕組みを見直しており、導入負担の小さい安全管理提案を受け付けています。","DX推進組織の新設","現場の安全管理と品質記録を強化したい","点検記録と事故予防の仕組みを見直しており、導入負担の小さい安全管理提案を受け付けています。","安全・品質","高","true","学校運営部","課長","83","false","アプローチ準備中","2026-08-30","true","本データはデモ用途の架空企業です。実在の企業・団体とは関係ありません。"
"FC-01485","合同会社ビジョンラーニングコーポレーション","合同会社 ビジョン ラーニング コーポレーション","education","教育・学習支援業","栃木県","旭市","1970","245","中小企業","3430","教育施設の運営","https://example.invalid/education/085","手作業と紙中心の業務をデジタル化したい","部門間の情報共有が手作業になっているため、現場へ定着しやすい業務システムの提案を募集しています。","安全管理方針の強化","手作業と紙中心の業務をデジタル化したい","部門間の情報共有が手作業になっているため、現場へ定着しやすい業務システムの提案を募集しています。","DX・IT","低","true","学校運営部","責任者","55","false","未対応","2026-08-30","true","本データはデモ用途の架空企業です。実在の企業・団体とは関係ありません。"
"FC-01486","株式会社コアラーニングソリューションズ","株式会社 コア ラーニング ソリューションズ","education","教育・学習支援業","富山県","みなと市","1981","682","中堅企業","10230","企業研修・学習支援","https://example.invalid/education/086","在庫差異と配送負担を減らしたい","在庫状況の把握に時間がかかっており、入出庫と配送計画を改善する提案を募集しています。","業務提携の締結","在庫差異と配送負担を減らしたい","在庫状況の把握に時間がかかっており、入出庫と配送計画を改善する提案を募集しています。","物流・在庫","中","true","学校運営部","企画担当","72","false","情報収集中","2026-08-30","true","本データはデモ用途の架空企業です。実在の企業・団体とは関係ありません。"
"FC-01487","合同会社コアラーニングパートナーズ","合同会社 コア ラーニング パートナーズ","education","教育・学習支援業","愛知県","高台市","1992","4019","大企業","64304","デジタル教材開発","https://example.invalid/education/087","エネルギー・運用費を削減したい","拠点運営費が増加しているため、効果を測定できる省エネ・コスト削減策を求めています。","設備更新予算の増額","エネルギー・運用費を削減したい","拠点運営費が増加しているため、効果を測定できる省エネ・コスト削減策を求めています。","コスト削減","高","true","学校運営部","部長","89","false","アプローチ準備中","2026-08-30","true","本データはデモ用途の架空企業です。実在の企業・団体とは関係ありません。"
"FC-01488","株式会社コアラーニングワークス","株式会社 コア ラーニング ワークス","education","教育・学習支援業","和歌山県","新生市","2003","44","小規模","748","教育施設の運営","https://example.invalid/education/088","設備の老朽化と保守負担を減らしたい","既存設備の故障と保守工数が増えており、更新計画と運用改善を一緒に提案できる企業を探しています。","省エネ投資の開始","設備の老朽化と保守負担を減らしたい","既存設備の故障と保守工数が増えており、更新計画と運用改善を一緒に提案できる企業を探しています。","設備・施設","低","true","学校運営部","課長","61","false","未対応","2026-08-30","true","本データはデモ用途の架空企業です。実在の企業・団体とは関係ありません。"
"FC-01489","合同会社コアラーニンググループ","合同会社 コア ラーニング グループ","education","教育・学習支援業","香川県","平和市","2014","143","中小企業","2574","企業研修・学習支援","https://example.invalid/education/089","問い合わせと顧客対応を効率化したい","問い合わせ情報が複数部署に分散しており、対応状況を一元管理できる仕組みを探しています。","新サービスの発表","問い合わせと顧客対応を効率化したい","問い合わせ情報が複数部署に分散しており、対応状況を一元管理できる仕組みを探しています。","営業・顧客管理","中","true","学校運営部","責任者","78","false","情報収集中","2026-08-30","true","本データはデモ用途の架空企業です。実在の企業・団体とは関係ありません。"
"FC-01490","株式会社コアラーニングコーポレーション","株式会社 コア ラーニング コーポレーション","education","教育・学習支援業","大分県","希望市","1957","830","中堅企業","15770","デジタル教材開発","https://example.invalid/education/090","採用後の教育と定着を改善したい","人員拡大に対して教育担当者が不足しており、研修の標準化と定着支援を相談したいです。","新拠点の開設計画","採用後の教育と定着を改善したい","人員拡大に対して教育担当者が不足しており、研修の標準化と定着支援を相談したいです。","人材・労務","高","true","学校運営部","企画担当","95","false","アプローチ準備中","2026-08-30","true","本データはデモ用途の架空企業です。実在の企業・団体とは関係ありません。"
"FC-01491","合同会社アドバンスラーニングソリューションズ","合同会社 アドバンス ラーニング ソリューションズ","education","教育・学習支援業","宮城県","文化市","1968","4167","大企業","83340","教育施設の運営","https://example.invalid/education/091","新サービスの販売パートナーを探したい","新サービスの提供地域を広げるため、共同提案や販売連携が可能な企業を探しています。","人員採用の拡大","新サービスの販売パートナーを探したい","新サービスの提供地域を広げるため、共同提案や販売連携が可能な企業を探しています。","事業開発","低","true","学校運営部","部長","67","false","未対応","2026-08-30","true","本データはデモ用途の架空企業です。実在の企業・団体とは関係ありません。"
"FC-01492","株式会社アドバンスラーニングパートナーズ","株式会社 アドバンス ラーニング パートナーズ","education","教育・学習支援業","埼玉県","産業市","1979","40","小規模","840","企業研修・学習支援","https://example.invalid/education/092","現場の安全管理と品質記録を強化したい","点検記録と事故予防の仕組みを見直しており、導入負担の小さい安全管理提案を受け付けています。","既存施設の改修","現場の安全管理と品質記録を強化したい","点検記録と事故予防の仕組みを見直しており、導入負担の小さい安全管理提案を受け付けています。","安全・品質","中","true","学校運営部","課長","84","false","情報収集中","2026-08-30","true","本データはデモ用途の架空企業です。実在の企業・団体とは関係ありません。"
"FC-01493","合同会社アドバンスラーニングワークス","合同会社 アドバンス ラーニング ワークス","education","教育・学習支援業","福井県","学園市","1990","291","中小企業","6402","デジタル教材開発","https://example.invalid/education/093","手作業と紙中心の業務をデジタル化したい","部門間の情報共有が手作業になっているため、現場へ定着しやすい業務システムの提案を募集しています。","事業エリアの拡大","手作業と紙中心の業務をデジタル化したい","部門間の情報共有が手作業になっているため、現場へ定着しやすい業務システムの提案を募集しています。","DX・IT","高","true","学校運営部","責任者","56","false","アプローチ準備中","2026-08-30","true","本データはデモ用途の架空企業です。実在の企業・団体とは関係ありません。"
"FC-01494","株式会社アドバンスラーニンググループ","株式会社 アドバンス ラーニング グループ","education","教育・学習支援業","滋賀県","泉市","2001","978","中堅企業","22494","教育施設の運営","https://example.invalid/education/094","在庫差異と配送負担を減らしたい","在庫状況の把握に時間がかかっており、入出庫と配送計画を改善する提案を募集しています。","DX推進組織の新設","在庫差異と配送負担を減らしたい","在庫状況の把握に時間がかかっており、入出庫と配送計画を改善する提案を募集しています。","物流・在庫","低","true","学校運営部","企画担当","73","false","未対応","2026-08-30","true","本データはデモ用途の架空企業です。実在の企業・団体とは関係ありません。"
"FC-01495","合同会社アドバンスラーニングコーポレーション","合同会社 アドバンス ラーニング コーポレーション","education","教育・学習支援業","島根県","丘陵市","2012","4315","大企業","103560","企業研修・学習支援","https://example.invalid/education/095","エネルギー・運用費を削減したい","拠点運営費が増加しているため、効果を測定できる省エネ・コスト削減策を求めています。","安全管理方針の強化","エネルギー・運用費を削減したい","拠点運営費が増加しているため、効果を測定できる省エネ・コスト削減策を求めています。","コスト削減","中","true","学校運営部","部長","90","false","情報収集中","2026-08-30","true","本データはデモ用途の架空企業です。実在の企業・団体とは関係ありません。"
"FC-01496","株式会社インテグララーニングソリューションズ","株式会社 インテグラ ラーニング ソリューションズ","education","教育・学習支援業","高知県","未来市","1955","36","小規模","900","デジタル教材開発","https://example.invalid/education/096","設備の老朽化と保守負担を減らしたい","既存設備の故障と保守工数が増えており、更新計画と運用改善を一緒に提案できる企業を探しています。","業務提携の締結","設備の老朽化と保守負担を減らしたい","既存設備の故障と保守工数が増えており、更新計画と運用改善を一緒に提案できる企業を探しています。","設備・施設","高","true","学校運営部","課長","62","true","アプローチ準備中","2026-08-30","true","本データはデモ用途の架空企業です。実在の企業・団体とは関係ありません。"
"FC-01497","合同会社インテグララーニングパートナーズ","合同会社 インテグラ ラーニング パートナーズ","education","教育・学習支援業","鹿児島県","中央市","1966","189","中小企業","4914","教育施設の運営","https://example.invalid/education/097","問い合わせと顧客対応を効率化したい","問い合わせ情報が複数部署に分散しており、対応状況を一元管理できる仕組みを探しています。","設備更新予算の増額","問い合わせと顧客対応を効率化したい","問い合わせ情報が複数部署に分散しており、対応状況を一元管理できる仕組みを探しています。","営業・顧客管理","低","true","学校運営部","責任者","79","false","未対応","2026-08-30","true","本データはデモ用途の架空企業です。実在の企業・団体とは関係ありません。"
"FC-01498","株式会社インテグララーニングワークス","株式会社 インテグラ ラーニング ワークス","education","教育・学習支援業","山形県","緑市","1977","426","中堅企業","11502","企業研修・学習支援","https://example.invalid/education/098","採用後の教育と定着を改善したい","人員拡大に対して教育担当者が不足しており、研修の標準化と定着支援を相談したいです。","省エネ投資の開始","採用後の教育と定着を改善したい","人員拡大に対して教育担当者が不足しており、研修の標準化と定着支援を相談したいです。","人材・労務","中","true","学校運営部","企画担当","96","false","情報収集中","2026-08-30","true","本データはデモ用途の架空企業です。実在の企業・団体とは関係ありません。"
"FC-01499","合同会社インテグララーニンググループ","合同会社 インテグラ ラーニング グループ","education","教育・学習支援業","東京都","さくら市","1988","4463","大企業","124964","デジタル教材開発","https://example.invalid/education/099","新サービスの販売パートナーを探したい","新サービスの提供地域を広げるため、共同提案や販売連携が可能な企業を探しています。","新サービスの発表","新サービスの販売パートナーを探したい","新サービスの提供地域を広げるため、共同提案や販売連携が可能な企業を探しています。","事業開発","高","true","学校運営部","部長","68","false","アプローチ準備中","2026-08-30","true","本データはデモ用途の架空企業です。実在の企業・団体とは関係ありません。"
"FC-01500","株式会社インテグララーニングコーポレーション","株式会社 インテグラ ラーニング コーポレーション","education","教育・学習支援業","長野県","ひかり市","1999","32","小規模","928","教育施設の運営","https://example.invalid/education/100","現場の安全管理と品質記録を強化したい","点検記録と事故予防の仕組みを見直しており、導入負担の小さい安全管理提案を受け付けています。","新拠点の開設計画","現場の安全管理と品質記録を強化したい","点検記録と事故予防の仕組みを見直しており、導入負担の小さい安全管理提案を受け付けています。","安全・品質","低","true","学校運営部","課長","85","false","未対応","2026-08-30","true","本データはデモ用途の架空企業です。実在の企業・団体とは関係ありません。"
"FC-01501","合同会社アークヘルスケアソリューションズ","合同会社 アーク ヘルスケア ソリューションズ","medical_welfare","医療・福祉","大阪府","あおば市","2010","87","中小企業","957","医療・介護施設運営","https://example.invalid/medical_welfare/001","手作業と紙中心の業務をデジタル化したい","部門間の情報共有が手作業になっているため、現場へ定着しやすい業務システムの提案を募集しています。","人員採用の拡大","手作業と紙中心の業務をデジタル化したい","部門間の情報共有が手作業になっているため、現場へ定着しやすい業務システムの提案を募集しています。","DX・IT","中","true","法人本部施設課","責任者","57","false","情報収集中","2026-08-30","true","本データはデモ用途の架空企業です。実在の企業・団体とは関係ありません。"
"FC-01502","株式会社アークヘルスケアパートナーズ","株式会社 アーク ヘルスケア パートナーズ","medical_welfare","医療・福祉","広島県","若葉市","2021","574","中堅企業","6888","福祉サービス提供","https://example.invalid/medical_welfare/002","在庫差異と配送負担を減らしたい","在庫状況の把握に時間がかかっており、入出庫と配送計画を改善する提案を募集しています。","既存施設の改修","在庫差異と配送負担を減らしたい","在庫状況の把握に時間がかかっており、入出庫と配送計画を改善する提案を募集しています。","物流・在庫","高","true","法人本部施設課","企画担当","74","false","アプローチ準備中","2026-08-30","true","本データはデモ用途の架空企業です。実在の企業・団体とは関係ありません。"
"FC-01503","合同会社アークヘルスケアワークス","合同会社 アーク ヘルスケア ワークス","medical_welfare","医療・福祉","佐賀県","豊栄市","1964","4611","大企業","59943","健康支援事業","https://example.invalid/medical_welfare/003","エネルギー・運用費を削減したい","拠点運営費が増加しているため、効果を測定できる省エネ・コスト削減策を求めています。","事業エリアの拡大","エネルギー・運用費を削減したい","拠点運営費が増加しているため、効果を測定できる省エネ・コスト削減策を求めています。","コスト削減","低","true","法人本部施設課","部長","91","false","未対応","2026-08-30","true","本データはデモ用途の架空企業です。実在の企業・団体とは関係ありません。"
"FC-01504","株式会社アークヘルスケアグループ","株式会社 アーク ヘルスケア グループ","medical_welfare","医療・福祉","北海道","清流市","1975","28","小規模","392","医療・介護施設運営","https://example.invalid/medical_welfare/004","設備の老朽化と保守負担を減らしたい","既存設備の故障と保守工数が増えており、更新計画と運用改善を一緒に提案できる企業を探しています。","DX推進組織の新設","設備の老朽化と保守負担を減らしたい","既存設備の故障と保守工数が増えており、更新計画と運用改善を一緒に提案できる企業を探しています。","設備・施設","中","true","法人本部施設課","課長","63","false","情報収集中","2026-08-30","true","本データはデモ用途の架空企業です。実在の企業・団体とは関係ありません。"
"FC-01505","合同会社アークヘルスケアコーポレーション","合同会社 アーク ヘルスケア コーポレーション","medical_welfare","医療・福祉","茨城県","旭市","1986","235","中小企業","3525","福祉サービス提供","https://example.invalid/medical_welfare/005","問い合わせと顧客対応を効率化したい","問い合わせ情報が複数部署に分散しており、対応状況を一元管理できる仕組みを探しています。","安全管理方針の強化","問い合わせと顧客対応を効率化したい","問い合わせ情報が複数部署に分散しており、対応状況を一元管理できる仕組みを探しています。","営業・顧客管理","高","true","法人本部施設課","責任者","80","false","アプローチ準備中","2026-08-30","true","本データはデモ用途の架空企業です。実在の企業・団体とは関係ありません。"
"FC-01506","株式会社ネクサスヘルスケアソリューションズ","株式会社 ネクサス ヘルスケア ソリューションズ","medical_welfare","医療・福祉","新潟県","みなと市","1997","722","中堅企業","11552","健康支援事業","https://example.invalid/medical_welfare/006","採用後の教育と定着を改善したい","人員拡大に対して教育担当者が不足しており、研修の標準化と定着支援を相談したいです。","業務提携の締結","採用後の教育と定着を改善したい","人員拡大に対して教育担当者が不足しており、研修の標準化と定着支援を相談したいです。","人材・労務","低","true","法人本部施設課","企画担当","97","false","未対応","2026-08-30","true","本データはデモ用途の架空企業です。実在の企業・団体とは関係ありません。"
"FC-01507","合同会社ネクサスヘルスケアパートナーズ","合同会社 ネクサス ヘルスケア パートナーズ","medical_welfare","医療・福祉","静岡県","高台市","2008","4759","大企業","80903","医療・介護施設運営","https://example.invalid/medical_welfare/007","新サービスの販売パートナーを探したい","新サービスの提供地域を広げるため、共同提案や販売連携が可能な企業を探しています。","設備更新予算の増額","新サービスの販売パートナーを探したい","新サービスの提供地域を広げるため、共同提案や販売連携が可能な企業を探しています。","事業開発","中","true","法人本部施設課","部長","69","false","情報収集中","2026-08-30","true","本データはデモ用途の架空企業です。実在の企業・団体とは関係ありません。"
"FC-01508","株式会社ネクサスヘルスケアワークス","株式会社 ネクサス ヘルスケア ワークス","medical_welfare","医療・福祉","奈良県","新生市","2019","24","小規模","432","福祉サービス提供","https://example.invalid/medical_welfare/008","現場の安全管理と品質記録を強化したい","点検記録と事故予防の仕組みを見直しており、導入負担の小さい安全管理提案を受け付けています。","省エネ投資の開始","現場の安全管理と品質記録を強化したい","点検記録と事故予防の仕組みを見直しており、導入負担の小さい安全管理提案を受け付けています。","安全・品質","高","true","法人本部施設課","課長","86","false","アプローチ準備中","2026-08-30","true","本データはデモ用途の架空企業です。実在の企業・団体とは関係ありません。"
"FC-01509","合同会社ネクサスヘルスケアグループ","合同会社 ネクサス ヘルスケア グループ","medical_welfare","医療・福祉","徳島県","平和市","1962","133","中小企業","2527","健康支援事業","https://example.invalid/medical_welfare/009","手作業と紙中心の業務をデジタル化したい","部門間の情報共有が手作業になっているため、現場へ定着しやすい業務システムの提案を募集しています。","新サービスの発表","手作業と紙中心の業務をデジタル化したい","部門間の情報共有が手作業になっているため、現場へ定着しやすい業務システムの提案を募集しています。","DX・IT","低","true","法人本部施設課","責任者","58","false","未対応","2026-08-30","true","本データはデモ用途の架空企業です。実在の企業・団体とは関係ありません。"
"FC-01510","株式会社ネクサスヘルスケアコーポレーション","株式会社 ネクサス ヘルスケア コーポレーション","medical_welfare","医療・福祉","熊本県","希望市","1973","870","中堅企業","17400","医療・介護施設運営","https://example.invalid/medical_welfare/010","在庫差異と配送負担を減らしたい","在庫状況の把握に時間がかかっており、入出庫と配送計画を改善する提案を募集しています。","新拠点の開設計画","在庫差異と配送負担を減らしたい","在庫状況の把握に時間がかかっており、入出庫と配送計画を改善する提案を募集しています。","物流・在庫","中","true","法人本部施設課","企画担当","75","false","情報収集中","2026-08-30","true","本データはデモ用途の架空企業です。実在の企業・団体とは関係ありません。"
"FC-01511","合同会社プライムヘルスケアソリューションズ","合同会社 プライム ヘルスケア ソリューションズ","medical_welfare","医療・福祉","岩手県","文化市","1984","4907","大企業","103047","福祉サービス提供","https://example.invalid/medical_welfare/011","エネルギー・運用費を削減したい","拠点運営費が増加しているため、効果を測定できる省エネ・コスト削減策を求めています。","人員採用の拡大","エネルギー・運用費を削減したい","拠点運営費が増加しているため、効果を測定できる省エネ・コスト削減策を求めています。","コスト削減","高","true","法人本部施設課","部長","92","false","アプローチ準備中","2026-08-30","true","本データはデモ用途の架空企業です。実在の企業・団体とは関係ありません。"
"FC-01512","株式会社プライムヘルスケアパートナーズ","株式会社 プライム ヘルスケア パートナーズ","medical_welfare","医療・福祉","群馬県","産業市","1995","20","小規模","440","健康支援事業","https://example.invalid/medical_welfare/012","設備の老朽化と保守負担を減らしたい","既存設備の故障と保守工数が増えており、更新計画と運用改善を一緒に提案できる企業を探しています。","既存施設の改修","設備の老朽化と保守負担を減らしたい","既存設備の故障と保守工数が増えており、更新計画と運用改善を一緒に提案できる企業を探しています。","設備・施設","低","true","法人本部施設課","課長","64","false","未対応","2026-08-30","true","本データはデモ用途の架空企業です。実在の企業・団体とは関係ありません。"
"FC-01513","合同会社プライムヘルスケアワークス","合同会社 プライム ヘルスケア ワークス","medical_welfare","医療・福祉","石川県","学園市","2006","281","中小企業","6463","医療・介護施設運営","https://example.invalid/medical_welfare/013","問い合わせと顧客対応を効率化したい","問い合わせ情報が複数部署に分散しており、対応状況を一元管理できる仕組みを探しています。","事業エリアの拡大","問い合わせと顧客対応を効率化したい","問い合わせ情報が複数部署に分散しており、対応状況を一元管理できる仕組みを探しています。","営業・顧客管理","中","true","法人本部施設課","責任者","81","true","情報収集中","2026-08-30","true","本データはデモ用途の架空企業です。実在の企業・団体とは関係ありません。"
"FC-01514","株式会社プライムヘルスケアグループ","株式会社 プライム ヘルスケア グループ","medical_welfare","医療・福祉","三重県","泉市","2017","318","中堅企業","7632","福祉サービス提供","https://example.invalid/medical_welfare/014","採用後の教育と定着を改善したい","人員拡大に対して教育担当者が不足しており、研修の標準化と定着支援を相談したいです。","DX推進組織の新設","採用後の教育と定着を改善したい","人員拡大に対して教育担当者が不足しており、研修の標準化と定着支援を相談したいです。","人材・労務","高","true","法人本部施設課","企画担当","98","false","アプローチ準備中","2026-08-30","true","本データはデモ用途の架空企業です。実在の企業・団体とは関係ありません。"
"FC-01515","合同会社プライムヘルスケアコーポレーション","合同会社 プライム ヘルスケア コーポレーション","medical_welfare","医療・福祉","鳥取県","丘陵市","1960","1055","大企業","26375","健康支援事業","https://example.invalid/medical_welfare/015","新サービスの販売パートナーを探したい","新サービスの提供地域を広げるため、共同提案や販売連携が可能な企業を探しています。","安全管理方針の強化","新サービスの販売パートナーを探したい","新サービスの提供地域を広げるため、共同提案や販売連携が可能な企業を探しています。","事業開発","低","true","法人本部施設課","部長","70","false","未対応","2026-08-30","true","本データはデモ用途の架空企業です。実在の企業・団体とは関係ありません。"
"FC-01516","株式会社オルビスヘルスケアソリューションズ","株式会社 オルビス ヘルスケア ソリューションズ","medical_welfare","医療・福祉","愛媛県","未来市","1971","16","小規模","416","医療・介護施設運営","https://example.invalid/medical_welfare/016","現場の安全管理と品質記録を強化したい","点検記録と事故予防の仕組みを見直しており、導入負担の小さい安全管理提案を受け付けています。","業務提携の締結","現場の安全管理と品質記録を強化したい","点検記録と事故予防の仕組みを見直しており、導入負担の小さい安全管理提案を受け付けています。","安全・品質","中","true","法人本部施設課","課長","87","false","情報収集中","2026-08-30","true","本データはデモ用途の架空企業です。実在の企業・団体とは関係ありません。"
"FC-01517","合同会社オルビスヘルスケアパートナーズ","合同会社 オルビス ヘルスケア パートナーズ","medical_welfare","医療・福祉","宮崎県","中央市","1982","179","中小企業","4833","福祉サービス提供","https://example.invalid/medical_welfare/017","手作業と紙中心の業務をデジタル化したい","部門間の情報共有が手作業になっているため、現場へ定着しやすい業務システムの提案を募集しています。","設備更新予算の増額","手作業と紙中心の業務をデジタル化したい","部門間の情報共有が手作業になっているため、現場へ定着しやすい業務システムの提案を募集しています。","DX・IT","高","true","法人本部施設課","責任者","59","false","アプローチ準備中","2026-08-30","true","本データはデモ用途の架空企業です。実在の企業・団体とは関係ありません。"
"FC-01518","株式会社オルビスヘルスケアワークス","株式会社 オルビス ヘルスケア ワークス","medical_welfare","医療・福祉","秋田県","緑市","1993","466","中堅企業","13048","健康支援事業","https://example.invalid/medical_welfare/018","在庫差異と配送負担を減らしたい","在庫状況の把握に時間がかかっており、入出庫と配送計画を改善する提案を募集しています。","省エネ投資の開始","在庫差異と配送負担を減らしたい","在庫状況の把握に時間がかかっており、入出庫と配送計画を改善する提案を募集しています。","物流・在庫","低","true","法人本部施設課","企画担当","76","false","未対応","2026-08-30","true","本データはデモ用途の架空企業です。実在の企業・団体とは関係ありません。"
"FC-01519","合同会社オルビスヘルスケアグループ","合同会社 オルビス ヘルスケア グループ","medical_welfare","医療・福祉","千葉県","さくら市","2004","1203","大企業","34887","医療・介護施設運営","https://example.invalid/medical_welfare/019","エネルギー・運用費を削減したい","拠点運営費が増加しているため、効果を測定できる省エネ・コスト削減策を求めています。","新サービスの発表","エネルギー・運用費を削減したい","拠点運営費が増加しているため、効果を測定できる省エネ・コスト削減策を求めています。","コスト削減","中","true","法人本部施設課","部長","93","false","情報収集中","2026-08-30","true","本データはデモ用途の架空企業です。実在の企業・団体とは関係ありません。"
"FC-01520","株式会社オルビスヘルスケアコーポレーション","株式会社 オルビス ヘルスケア コーポレーション","medical_welfare","医療・福祉","山梨県","ひかり市","2015","12","小規模","132","福祉サービス提供","https://example.invalid/medical_welfare/020","設備の老朽化と保守負担を減らしたい","既存設備の故障と保守工数が増えており、更新計画と運用改善を一緒に提案できる企業を探しています。","新拠点の開設計画","設備の老朽化と保守負担を減らしたい","既存設備の故障と保守工数が増えており、更新計画と運用改善を一緒に提案できる企業を探しています。","設備・施設","高","true","法人本部施設課","課長","65","false","アプローチ準備中","2026-08-30","true","本データはデモ用途の架空企業です。実在の企業・団体とは関係ありません。"
"FC-01521","合同会社ノヴァヘルスケアソリューションズ","合同会社 ノヴァ ヘルスケア ソリューションズ","medical_welfare","医療・福祉","京都府","あおば市","1958","77","中小企業","924","健康支援事業","https://example.invalid/medical_welfare/021","問い合わせと顧客対応を効率化したい","問い合わせ情報が複数部署に分散しており、対応状況を一元管理できる仕組みを探しています。","人員採用の拡大","問い合わせと顧客対応を効率化したい","問い合わせ情報が複数部署に分散しており、対応状況を一元管理できる仕組みを探しています。","営業・顧客管理","低","true","法人本部施設課","責任者","82","false","未対応","2026-08-30","true","本データはデモ用途の架空企業です。実在の企業・団体とは関係ありません。"
"FC-01522","株式会社ノヴァヘルスケアパートナーズ","株式会社 ノヴァ ヘルスケア パートナーズ","medical_welfare","医療・福祉","岡山県","若葉市","1969","614","中堅企業","7982","医療・介護施設運営","https://example.invalid/medical_welfare/022","採用後の教育と定着を改善したい","人員拡大に対して教育担当者が不足しており、研修の標準化と定着支援を相談したいです。","既存施設の改修","採用後の教育と定着を改善したい","人員拡大に対して教育担当者が不足しており、研修の標準化と定着支援を相談したいです。","人材・労務","中","true","法人本部施設課","企画担当","99","false","情報収集中","2026-08-30","true","本データはデモ用途の架空企業です。実在の企業・団体とは関係ありません。"
"FC-01523","合同会社ノヴァヘルスケアワークス","合同会社 ノヴァ ヘルスケア ワークス","medical_welfare","医療・福祉","福岡県","豊栄市","1980","1351","大企業","18914","福祉サービス提供","https://example.invalid/medical_welfare/023","新サービスの販売パートナーを探したい","新サービスの提供地域を広げるため、共同提案や販売連携が可能な企業を探しています。","事業エリアの拡大","新サービスの販売パートナーを探したい","新サービスの提供地域を広げるため、共同提案や販売連携が可能な企業を探しています。","事業開発","高","true","法人本部施設課","部長","71","false","アプローチ準備中","2026-08-30","true","本データはデモ用途の架空企業です。実在の企業・団体とは関係ありません。"
"FC-01524","株式会社ノヴァヘルスケアグループ","株式会社 ノヴァ ヘルスケア グループ","medical_welfare","医療・福祉","沖縄県","清流市","1991","46","小規模","690","健康支援事業","https://example.invalid/medical_welfare/024","現場の安全管理と品質記録を強化したい","点検記録と事故予防の仕組みを見直しており、導入負担の小さい安全管理提案を受け付けています。","DX推進組織の新設","現場の安全管理と品質記録を強化したい","点検記録と事故予防の仕組みを見直しており、導入負担の小さい安全管理提案を受け付けています。","安全・品質","低","true","法人本部施設課","課長","88","false","未対応","2026-08-30","true","本データはデモ用途の架空企業です。実在の企業・団体とは関係ありません。"
"FC-01525","合同会社ノヴァヘルスケアコーポレーション","合同会社 ノヴァ ヘルスケア コーポレーション","medical_welfare","医療・福祉","福島県","旭市","2002","225","中小企業","3600","医療・介護施設運営","https://example.invalid/medical_welfare/025","手作業と紙中心の業務をデジタル化したい","部門間の情報共有が手作業になっているため、現場へ定着しやすい業務システムの提案を募集しています。","安全管理方針の強化","手作業と紙中心の業務をデジタル化したい","部門間の情報共有が手作業になっているため、現場へ定着しやすい業務システムの提案を募集しています。","DX・IT","中","true","法人本部施設課","責任者","60","false","情報収集中","2026-08-30","true","本データはデモ用途の架空企業です。実在の企業・団体とは関係ありません。"
"FC-01526","株式会社ユニゾンヘルスケアソリューションズ","株式会社 ユニゾン ヘルスケア ソリューションズ","medical_welfare","医療・福祉","神奈川県","みなと市","2013","762","中堅企業","12954","福祉サービス提供","https://example.invalid/medical_welfare/026","在庫差異と配送負担を減らしたい","在庫状況の把握に時間がかかっており、入出庫と配送計画を改善する提案を募集しています。","業務提携の締結","在庫差異と配送負担を減らしたい","在庫状況の把握に時間がかかっており、入出庫と配送計画を改善する提案を募集しています。","物流・在庫","高","true","法人本部施設課","企画担当","77","false","アプローチ準備中","2026-08-30","true","本データはデモ用途の架空企業です。実在の企業・団体とは関係ありません。"
"FC-01527","合同会社ユニゾンヘルスケアパートナーズ","合同会社 ユニゾン ヘルスケア パートナーズ","medical_welfare","医療・福祉","岐阜県","高台市","1956","1499","大企業","26982","健康支援事業","https://example.invalid/medical_welfare/027","エネルギー・運用費を削減したい","拠点運営費が増加しているため、効果を測定できる省エネ・コスト削減策を求めています。","設備更新予算の増額","エネルギー・運用費を削減したい","拠点運営費が増加しているため、効果を測定できる省エネ・コスト削減策を求めています。","コスト削減","低","true","法人本部施設課","部長","94","false","未対応","2026-08-30","true","本データはデモ用途の架空企業です。実在の企業・団体とは関係ありません。"
"FC-01528","株式会社ユニゾンヘルスケアワークス","株式会社 ユニゾン ヘルスケア ワークス","medical_welfare","医療・福祉","兵庫県","新生市","1967","42","小規模","798","医療・介護施設運営","https://example.invalid/medical_welfare/028","設備の老朽化と保守負担を減らしたい","既存設備の故障と保守工数が増えており、更新計画と運用改善を一緒に提案できる企業を探しています。","省エネ投資の開始","設備の老朽化と保守負担を減らしたい","既存設備の故障と保守工数が増えており、更新計画と運用改善を一緒に提案できる企業を探しています。","設備・施設","中","true","法人本部施設課","課長","66","false","情報収集中","2026-08-30","true","本データはデモ用途の架空企業です。実在の企業・団体とは関係ありません。"
"FC-01529","合同会社ユニゾンヘルスケアグループ","合同会社 ユニゾン ヘルスケア グループ","medical_welfare","医療・福祉","山口県","平和市","1978","123","中小企業","2460","福祉サービス提供","https://example.invalid/medical_welfare/029","問い合わせと顧客対応を効率化したい","問い合わせ情報が複数部署に分散しており、対応状況を一元管理できる仕組みを探しています。","新サービスの発表","問い合わせと顧客対応を効率化したい","問い合わせ情報が複数部署に分散しており、対応状況を一元管理できる仕組みを探しています。","営業・顧客管理","高","true","法人本部施設課","責任者","83","false","アプローチ準備中","2026-08-30","true","本データはデモ用途の架空企業です。実在の企業・団体とは関係ありません。"
"FC-01530","株式会社ユニゾンヘルスケアコーポレーション","株式会社 ユニゾン ヘルスケア コーポレーション","medical_welfare","医療・福祉","長崎県","希望市","1989","910","中堅企業","19110","健康支援事業","https://example.invalid/medical_welfare/030","採用後の教育と定着を改善したい","人員拡大に対して教育担当者が不足しており、研修の標準化と定着支援を相談したいです。","新拠点の開設計画","採用後の教育と定着を改善したい","人員拡大に対して教育担当者が不足しており、研修の標準化と定着支援を相談したいです。","人材・労務","低","true","法人本部施設課","企画担当","55","true","未対応","2026-08-30","true","本データはデモ用途の架空企業です。実在の企業・団体とは関係ありません。"
"FC-01531","合同会社ヴェリタスヘルスケアソリューションズ","合同会社 ヴェリタス ヘルスケア ソリューションズ","medical_welfare","医療・福祉","青森県","文化市","2000","1647","大企業","36234","医療・介護施設運営","https://example.invalid/medical_welfare/031","新サービスの販売パートナーを探したい","新サービスの提供地域を広げるため、共同提案や販売連携が可能な企業を探しています。","人員採用の拡大","新サービスの販売パートナーを探したい","新サービスの提供地域を広げるため、共同提案や販売連携が可能な企業を探しています。","事業開発","中","true","法人本部施設課","部長","72","false","情報収集中","2026-08-30","true","本データはデモ用途の架空企業です。実在の企業・団体とは関係ありません。"
"FC-01532","株式会社ヴェリタスヘルスケアパートナーズ","株式会社 ヴェリタス ヘルスケア パートナーズ","medical_welfare","医療・福祉","栃木県","産業市","2011","38","小規模","874","福祉サービス提供","https://example.invalid/medical_welfare/032","現場の安全管理と品質記録を強化したい","点検記録と事故予防の仕組みを見直しており、導入負担の小さい安全管理提案を受け付けています。","既存施設の改修","現場の安全管理と品質記録を強化したい","点検記録と事故予防の仕組みを見直しており、導入負担の小さい安全管理提案を受け付けています。","安全・品質","高","true","法人本部施設課","課長","89","false","アプローチ準備中","2026-08-30","true","本データはデモ用途の架空企業です。実在の企業・団体とは関係ありません。"
"FC-01533","合同会社ヴェリタスヘルスケアワークス","合同会社 ヴェリタス ヘルスケア ワークス","medical_welfare","医療・福祉","富山県","学園市","2022","271","中小企業","6504","健康支援事業","https://example.invalid/medical_welfare/033","手作業と紙中心の業務をデジタル化したい","部門間の情報共有が手作業になっているため、現場へ定着しやすい業務システムの提案を募集しています。","事業エリアの拡大","手作業と紙中心の業務をデジタル化したい","部門間の情報共有が手作業になっているため、現場へ定着しやすい業務システムの提案を募集しています。","DX・IT","低","true","法人本部施設課","責任者","61","false","未対応","2026-08-30","true","本データはデモ用途の架空企業です。実在の企業・団体とは関係ありません。"
"FC-01534","株式会社ヴェリタスヘルスケアグループ","株式会社 ヴェリタス ヘルスケア グループ","medical_welfare","医療・福祉","愛知県","泉市","1965","358","中堅企業","8950","医療・介護施設運営","https://example.invalid/medical_welfare/034","在庫差異と配送負担を減らしたい","在庫状況の把握に時間がかかっており、入出庫と配送計画を改善する提案を募集しています。","DX推進組織の新設","在庫差異と配送負担を減らしたい","在庫状況の把握に時間がかかっており、入出庫と配送計画を改善する提案を募集しています。","物流・在庫","中","true","法人本部施設課","企画担当","78","false","情報収集中","2026-08-30","true","本データはデモ用途の架空企業です。実在の企業・団体とは関係ありません。"
"FC-01535","合同会社ヴェリタスヘルスケアコーポレーション","合同会社 ヴェリタス ヘルスケア コーポレーション","medical_welfare","医療・福祉","和歌山県","丘陵市","1976","1795","大企業","46670","福祉サービス提供","https://example.invalid/medical_welfare/035","エネルギー・運用費を削減したい","拠点運営費が増加しているため、効果を測定できる省エネ・コスト削減策を求めています。","安全管理方針の強化","エネルギー・運用費を削減したい","拠点運営費が増加しているため、効果を測定できる省エネ・コスト削減策を求めています。","コスト削減","高","true","法人本部施設課","部長","95","false","アプローチ準備中","2026-08-30","true","本データはデモ用途の架空企業です。実在の企業・団体とは関係ありません。"
"FC-01536","株式会社セントラルヘルスケアソリューションズ","株式会社 セントラル ヘルスケア ソリューションズ","medical_welfare","医療・福祉","香川県","未来市","1987","34","小規模","918","健康支援事業","https://example.invalid/medical_welfare/036","設備の老朽化と保守負担を減らしたい","既存設備の故障と保守工数が増えており、更新計画と運用改善を一緒に提案できる企業を探しています。","業務提携の締結","設備の老朽化と保守負担を減らしたい","既存設備の故障と保守工数が増えており、更新計画と運用改善を一緒に提案できる企業を探しています。","設備・施設","低","true","法人本部施設課","課長","67","false","未対応","2026-08-30","true","本データはデモ用途の架空企業です。実在の企業・団体とは関係ありません。"
"FC-01537","合同会社セントラルヘルスケアパートナーズ","合同会社 セントラル ヘルスケア パートナーズ","medical_welfare","医療・福祉","大分県","中央市","1998","169","中小企業","4732","医療・介護施設運営","https://example.invalid/medical_welfare/037","問い合わせと顧客対応を効率化したい","問い合わせ情報が複数部署に分散しており、対応状況を一元管理できる仕組みを探しています。","設備更新予算の増額","問い合わせと顧客対応を効率化したい","問い合わせ情報が複数部署に分散しており、対応状況を一元管理できる仕組みを探しています。","営業・顧客管理","中","true","法人本部施設課","責任者","84","false","情報収集中","2026-08-30","true","本データはデモ用途の架空企業です。実在の企業・団体とは関係ありません。"
"FC-01538","株式会社セントラルヘルスケアワークス","株式会社 セントラル ヘルスケア ワークス","medical_welfare","医療・福祉","宮城県","緑市","2009","506","中堅企業","14674","福祉サービス提供","https://example.invalid/medical_welfare/038","採用後の教育と定着を改善したい","人員拡大に対して教育担当者が不足しており、研修の標準化と定着支援を相談したいです。","省エネ投資の開始","採用後の教育と定着を改善したい","人員拡大に対して教育担当者が不足しており、研修の標準化と定着支援を相談したいです。","人材・労務","高","true","法人本部施設課","企画担当","56","false","アプローチ準備中","2026-08-30","true","本データはデモ用途の架空企業です。実在の企業・団体とは関係ありません。"
"FC-01539","合同会社セントラルヘルスケアグループ","合同会社 セントラル ヘルスケア グループ","medical_welfare","医療・福祉","埼玉県","さくら市","2020","1943","大企業","21373","健康支援事業","https://example.invalid/medical_welfare/039","新サービスの販売パートナーを探したい","新サービスの提供地域を広げるため、共同提案や販売連携が可能な企業を探しています。","新サービスの発表","新サービスの販売パートナーを探したい","新サービスの提供地域を広げるため、共同提案や販売連携が可能な企業を探しています。","事業開発","低","true","法人本部施設課","部長","73","false","未対応","2026-08-30","true","本データはデモ用途の架空企業です。実在の企業・団体とは関係ありません。"
"FC-01540","株式会社セントラルヘルスケアコーポレーション","株式会社 セントラル ヘルスケア コーポレーション","medical_welfare","医療・福祉","福井県","ひかり市","1963","30","小規模","360","医療・介護施設運営","https://example.invalid/medical_welfare/040","現場の安全管理と品質記録を強化したい","点検記録と事故予防の仕組みを見直しており、導入負担の小さい安全管理提案を受け付けています。","新拠点の開設計画","現場の安全管理と品質記録を強化したい","点検記録と事故予防の仕組みを見直しており、導入負担の小さい安全管理提案を受け付けています。","安全・品質","中","true","法人本部施設課","課長","90","false","情報収集中","2026-08-30","true","本データはデモ用途の架空企業です。実在の企業・団体とは関係ありません。"
"FC-01541","合同会社エレメントヘルスケアソリューションズ","合同会社 エレメント ヘルスケア ソリューションズ","medical_welfare","医療・福祉","滋賀県","あおば市","1974","67","中小企業","871","福祉サービス提供","https://example.invalid/medical_welfare/041","手作業と紙中心の業務をデジタル化したい","部門間の情報共有が手作業になっているため、現場へ定着しやすい業務システムの提案を募集しています。","人員採用の拡大","手作業と紙中心の業務をデジタル化したい","部門間の情報共有が手作業になっているため、現場へ定着しやすい業務システムの提案を募集しています。","DX・IT","高","true","法人本部施設課","責任者","62","false","アプローチ準備中","2026-08-30","true","本データはデモ用途の架空企業です。実在の企業・団体とは関係ありません。"
"FC-01542","株式会社エレメントヘルスケアパートナーズ","株式会社 エレメント ヘルスケア パートナーズ","medical_welfare","医療・福祉","島根県","若葉市","1985","654","中堅企業","9156","健康支援事業","https://example.invalid/medical_welfare/042","在庫差異と配送負担を減らしたい","在庫状況の把握に時間がかかっており、入出庫と配送計画を改善する提案を募集しています。","既存施設の改修","在庫差異と配送負担を減らしたい","在庫状況の把握に時間がかかっており、入出庫と配送計画を改善する提案を募集しています。","物流・在庫","低","true","法人本部施設課","企画担当","79","false","未対応","2026-08-30","true","本データはデモ用途の架空企業です。実在の企業・団体とは関係ありません。"
"FC-01543","合同会社エレメントヘルスケアワークス","合同会社 エレメント ヘルスケア ワークス","medical_welfare","医療・福祉","高知県","豊栄市","1996","2091","大企業","31365","医療・介護施設運営","https://example.invalid/medical_welfare/043","エネルギー・運用費を削減したい","拠点運営費が増加しているため、効果を測定できる省エネ・コスト削減策を求めています。","事業エリアの拡大","エネルギー・運用費を削減したい","拠点運営費が増加しているため、効果を測定できる省エネ・コスト削減策を求めています。","コスト削減","中","true","法人本部施設課","部長","96","false","情報収集中","2026-08-30","true","本データはデモ用途の架空企業です。実在の企業・団体とは関係ありません。"
"FC-01544","株式会社エレメントヘルスケアグループ","株式会社 エレメント ヘルスケア グループ","medical_welfare","医療・福祉","鹿児島県","清流市","2007","26","小規模","416","福祉サービス提供","https://example.invalid/medical_welfare/044","設備の老朽化と保守負担を減らしたい","既存設備の故障と保守工数が増えており、更新計画と運用改善を一緒に提案できる企業を探しています。","DX推進組織の新設","設備の老朽化と保守負担を減らしたい","既存設備の故障と保守工数が増えており、更新計画と運用改善を一緒に提案できる企業を探しています。","設備・施設","高","true","法人本部施設課","課長","68","false","アプローチ準備中","2026-08-30","true","本データはデモ用途の架空企業です。実在の企業・団体とは関係ありません。"
"FC-01545","合同会社エレメントヘルスケアコーポレーション","合同会社 エレメント ヘルスケア コーポレーション","medical_welfare","医療・福祉","山形県","旭市","2018","215","中小企業","3655","健康支援事業","https://example.invalid/medical_welfare/045","問い合わせと顧客対応を効率化したい","問い合わせ情報が複数部署に分散しており、対応状況を一元管理できる仕組みを探しています。","安全管理方針の強化","問い合わせと顧客対応を効率化したい","問い合わせ情報が複数部署に分散しており、対応状況を一元管理できる仕組みを探しています。","営業・顧客管理","低","true","法人本部施設課","責任者","85","false","未対応","2026-08-30","true","本データはデモ用途の架空企業です。実在の企業・団体とは関係ありません。"
"FC-01546","株式会社クレストヘルスケアソリューションズ","株式会社 クレスト ヘルスケア ソリューションズ","medical_welfare","医療・福祉","東京都","みなと市","1961","802","中堅企業","14436","医療・介護施設運営","https://example.invalid/medical_welfare/046","採用後の教育と定着を改善したい","人員拡大に対して教育担当者が不足しており、研修の標準化と定着支援を相談したいです。","業務提携の締結","採用後の教育と定着を改善したい","人員拡大に対して教育担当者が不足しており、研修の標準化と定着支援を相談したいです。","人材・労務","中","true","法人本部施設課","企画担当","57","false","情報収集中","2026-08-30","true","本データはデモ用途の架空企業です。実在の企業・団体とは関係ありません。"
"FC-01547","合同会社クレストヘルスケアパートナーズ","合同会社 クレスト ヘルスケア パートナーズ","medical_welfare","医療・福祉","長野県","高台市","1972","2239","大企業","42541","福祉サービス提供","https://example.invalid/medical_welfare/047","新サービスの販売パートナーを探したい","新サービスの提供地域を広げるため、共同提案や販売連携が可能な企業を探しています。","設備更新予算の増額","新サービスの販売パートナーを探したい","新サービスの提供地域を広げるため、共同提案や販売連携が可能な企業を探しています。","事業開発","高","true","法人本部施設課","部長","74","true","アプローチ準備中","2026-08-30","true","本データはデモ用途の架空企業です。実在の企業・団体とは関係ありません。"
"FC-01548","株式会社クレストヘルスケアワークス","株式会社 クレスト ヘルスケア ワークス","medical_welfare","医療・福祉","大阪府","新生市","1983","22","小規模","440","健康支援事業","https://example.invalid/medical_welfare/048","現場の安全管理と品質記録を強化したい","点検記録と事故予防の仕組みを見直しており、導入負担の小さい安全管理提案を受け付けています。","省エネ投資の開始","現場の安全管理と品質記録を強化したい","点検記録と事故予防の仕組みを見直しており、導入負担の小さい安全管理提案を受け付けています。","安全・品質","低","true","法人本部施設課","課長","91","false","未対応","2026-08-30","true","本データはデモ用途の架空企業です。実在の企業・団体とは関係ありません。"
"FC-01549","合同会社クレストヘルスケアグループ","合同会社 クレスト ヘルスケア グループ","medical_welfare","医療・福祉","広島県","平和市","1994","113","中小企業","2373","医療・介護施設運営","https://example.invalid/medical_welfare/049","手作業と紙中心の業務をデジタル化したい","部門間の情報共有が手作業になっているため、現場へ定着しやすい業務システムの提案を募集しています。","新サービスの発表","手作業と紙中心の業務をデジタル化したい","部門間の情報共有が手作業になっているため、現場へ定着しやすい業務システムの提案を募集しています。","DX・IT","中","true","法人本部施設課","責任者","63","false","情報収集中","2026-08-30","true","本データはデモ用途の架空企業です。実在の企業・団体とは関係ありません。"
"FC-01550","株式会社クレストヘルスケアコーポレーション","株式会社 クレスト ヘルスケア コーポレーション","medical_welfare","医療・福祉","佐賀県","希望市","2005","950","中堅企業","20900","福祉サービス提供","https://example.invalid/medical_welfare/050","在庫差異と配送負担を減らしたい","在庫状況の把握に時間がかかっており、入出庫と配送計画を改善する提案を募集しています。","新拠点の開設計画","在庫差異と配送負担を減らしたい","在庫状況の把握に時間がかかっており、入出庫と配送計画を改善する提案を募集しています。","物流・在庫","高","true","法人本部施設課","企画担当","80","false","アプローチ準備中","2026-08-30","true","本データはデモ用途の架空企業です。実在の企業・団体とは関係ありません。"
"FC-01551","合同会社シナジーヘルスケアソリューションズ","合同会社 シナジー ヘルスケア ソリューションズ","medical_welfare","医療・福祉","北海道","文化市","2016","2387","大企業","54901","健康支援事業","https://example.invalid/medical_welfare/051","エネルギー・運用費を削減したい","拠点運営費が増加しているため、効果を測定できる省エネ・コスト削減策を求めています。","人員採用の拡大","エネルギー・運用費を削減したい","拠点運営費が増加しているため、効果を測定できる省エネ・コスト削減策を求めています。","コスト削減","低","true","法人本部施設課","部長","97","false","未対応","2026-08-30","true","本データはデモ用途の架空企業です。実在の企業・団体とは関係ありません。"
"FC-01552","株式会社シナジーヘルスケアパートナーズ","株式会社 シナジー ヘルスケア パートナーズ","medical_welfare","医療・福祉","茨城県","産業市","1959","18","小規模","432","医療・介護施設運営","https://example.invalid/medical_welfare/052","設備の老朽化と保守負担を減らしたい","既存設備の故障と保守工数が増えており、更新計画と運用改善を一緒に提案できる企業を探しています。","既存施設の改修","設備の老朽化と保守負担を減らしたい","既存設備の故障と保守工数が増えており、更新計画と運用改善を一緒に提案できる企業を探しています。","設備・施設","中","true","法人本部施設課","課長","69","false","情報収集中","2026-08-30","true","本データはデモ用途の架空企業です。実在の企業・団体とは関係ありません。"
"FC-01553","合同会社シナジーヘルスケアワークス","合同会社 シナジー ヘルスケア ワークス","medical_welfare","医療・福祉","新潟県","学園市","1970","261","中小企業","6525","福祉サービス提供","https://example.invalid/medical_welfare/053","問い合わせと顧客対応を効率化したい","問い合わせ情報が複数部署に分散しており、対応状況を一元管理できる仕組みを探しています。","事業エリアの拡大","問い合わせと顧客対応を効率化したい","問い合わせ情報が複数部署に分散しており、対応状況を一元管理できる仕組みを探しています。","営業・顧客管理","高","true","法人本部施設課","責任者","86","false","アプローチ準備中","2026-08-30","true","本データはデモ用途の架空企業です。実在の企業・団体とは関係ありません。"
"FC-01554","株式会社シナジーヘルスケアグループ","株式会社 シナジー ヘルスケア グループ","medical_welfare","医療・福祉","静岡県","泉市","1981","398","中堅企業","10348","健康支援事業","https://example.invalid/medical_welfare/054","採用後の教育と定着を改善したい","人員拡大に対して教育担当者が不足しており、研修の標準化と定着支援を相談したいです。","DX推進組織の新設","採用後の教育と定着を改善したい","人員拡大に対して教育担当者が不足しており、研修の標準化と定着支援を相談したいです。","人材・労務","低","true","法人本部施設課","企画担当","58","false","未対応","2026-08-30","true","本データはデモ用途の架空企業です。実在の企業・団体とは関係ありません。"
"FC-01555","合同会社シナジーヘルスケアコーポレーション","合同会社 シナジー ヘルスケア コーポレーション","medical_welfare","医療・福祉","奈良県","丘陵市","1992","2535","大企業","68445","医療・介護施設運営","https://example.invalid/medical_welfare/055","新サービスの販売パートナーを探したい","新サービスの提供地域を広げるため、共同提案や販売連携が可能な企業を探しています。","安全管理方針の強化","新サービスの販売パートナーを探したい","新サービスの提供地域を広げるため、共同提案や販売連携が可能な企業を探しています。","事業開発","中","true","法人本部施設課","部長","75","false","情報収集中","2026-08-30","true","本データはデモ用途の架空企業です。実在の企業・団体とは関係ありません。"
"FC-01556","株式会社アクセルヘルスケアソリューションズ","株式会社 アクセル ヘルスケア ソリューションズ","medical_welfare","医療・福祉","徳島県","未来市","2003","14","小規模","392","福祉サービス提供","https://example.invalid/medical_welfare/056","現場の安全管理と品質記録を強化したい","点検記録と事故予防の仕組みを見直しており、導入負担の小さい安全管理提案を受け付けています。","業務提携の締結","現場の安全管理と品質記録を強化したい","点検記録と事故予防の仕組みを見直しており、導入負担の小さい安全管理提案を受け付けています。","安全・品質","高","true","法人本部施設課","課長","92","false","アプローチ準備中","2026-08-30","true","本データはデモ用途の架空企業です。実在の企業・団体とは関係ありません。"
"FC-01557","合同会社アクセルヘルスケアパートナーズ","合同会社 アクセル ヘルスケア パートナーズ","medical_welfare","医療・福祉","熊本県","中央市","2014","159","中小企業","4611","健康支援事業","https://example.invalid/medical_welfare/057","手作業と紙中心の業務をデジタル化したい","部門間の情報共有が手作業になっているため、現場へ定着しやすい業務システムの提案を募集しています。","設備更新予算の増額","手作業と紙中心の業務をデジタル化したい","部門間の情報共有が手作業になっているため、現場へ定着しやすい業務システムの提案を募集しています。","DX・IT","低","true","法人本部施設課","責任者","64","false","未対応","2026-08-30","true","本データはデモ用途の架空企業です。実在の企業・団体とは関係ありません。"
"FC-01558","株式会社アクセルヘルスケアワークス","株式会社 アクセル ヘルスケア ワークス","medical_welfare","医療・福祉","岩手県","緑市","1957","546","中堅企業","6006","医療・介護施設運営","https://example.invalid/medical_welfare/058","在庫差異と配送負担を減らしたい","在庫状況の把握に時間がかかっており、入出庫と配送計画を改善する提案を募集しています。","省エネ投資の開始","在庫差異と配送負担を減らしたい","在庫状況の把握に時間がかかっており、入出庫と配送計画を改善する提案を募集しています。","物流・在庫","中","true","法人本部施設課","企画担当","81","false","情報収集中","2026-08-30","true","本データはデモ用途の架空企業です。実在の企業・団体とは関係ありません。"
"FC-01559","合同会社アクセルヘルスケアグループ","合同会社 アクセル ヘルスケア グループ","medical_welfare","医療・福祉","群馬県","さくら市","1968","2683","大企業","32196","福祉サービス提供","https://example.invalid/medical_welfare/059","エネルギー・運用費を削減したい","拠点運営費が増加しているため、効果を測定できる省エネ・コスト削減策を求めています。","新サービスの発表","エネルギー・運用費を削減したい","拠点運営費が増加しているため、効果を測定できる省エネ・コスト削減策を求めています。","コスト削減","高","true","法人本部施設課","部長","98","false","アプローチ準備中","2026-08-30","true","本データはデモ用途の架空企業です。実在の企業・団体とは関係ありません。"
"FC-01560","株式会社アクセルヘルスケアコーポレーション","株式会社 アクセル ヘルスケア コーポレーション","medical_welfare","医療・福祉","石川県","ひかり市","1979","48","小規模","624","健康支援事業","https://example.invalid/medical_welfare/060","設備の老朽化と保守負担を減らしたい","既存設備の故障と保守工数が増えており、更新計画と運用改善を一緒に提案できる企業を探しています。","新拠点の開設計画","設備の老朽化と保守負担を減らしたい","既存設備の故障と保守工数が増えており、更新計画と運用改善を一緒に提案できる企業を探しています。","設備・施設","低","true","法人本部施設課","課長","70","false","未対応","2026-08-30","true","本データはデモ用途の架空企業です。実在の企業・団体とは関係ありません。"
"FC-01561","合同会社リードヘルスケアソリューションズ","合同会社 リード ヘルスケア ソリューションズ","medical_welfare","医療・福祉","三重県","あおば市","1990","57","中小企業","798","医療・介護施設運営","https://example.invalid/medical_welfare/061","問い合わせと顧客対応を効率化したい","問い合わせ情報が複数部署に分散しており、対応状況を一元管理できる仕組みを探しています。","人員採用の拡大","問い合わせと顧客対応を効率化したい","問い合わせ情報が複数部署に分散しており、対応状況を一元管理できる仕組みを探しています。","営業・顧客管理","中","true","法人本部施設課","責任者","87","false","情報収集中","2026-08-30","true","本データはデモ用途の架空企業です。実在の企業・団体とは関係ありません。"
"FC-01562","株式会社リードヘルスケアパートナーズ","株式会社 リード ヘルスケア パートナーズ","medical_welfare","医療・福祉","鳥取県","若葉市","2001","694","中堅企業","10410","福祉サービス提供","https://example.invalid/medical_welfare/062","採用後の教育と定着を改善したい","人員拡大に対して教育担当者が不足しており、研修の標準化と定着支援を相談したいです。","既存施設の改修","採用後の教育と定着を改善したい","人員拡大に対して教育担当者が不足しており、研修の標準化と定着支援を相談したいです。","人材・労務","高","true","法人本部施設課","企画担当","59","false","アプローチ準備中","2026-08-30","true","本データはデモ用途の架空企業です。実在の企業・団体とは関係ありません。"
"FC-01563","合同会社リードヘルスケアワークス","合同会社 リード ヘルスケア ワークス","medical_welfare","医療・福祉","愛媛県","豊栄市","2012","2831","大企業","45296","健康支援事業","https://example.invalid/medical_welfare/063","新サービスの販売パートナーを探したい","新サービスの提供地域を広げるため、共同提案や販売連携が可能な企業を探しています。","事業エリアの拡大","新サービスの販売パートナーを探したい","新サービスの提供地域を広げるため、共同提案や販売連携が可能な企業を探しています。","事業開発","低","true","法人本部施設課","部長","76","false","未対応","2026-08-30","true","本データはデモ用途の架空企業です。実在の企業・団体とは関係ありません。"
"FC-01564","株式会社リードヘルスケアグループ","株式会社 リード ヘルスケア グループ","medical_welfare","医療・福祉","宮崎県","清流市","1955","44","小規模","748","医療・介護施設運営","https://example.invalid/medical_welfare/064","現場の安全管理と品質記録を強化したい","点検記録と事故予防の仕組みを見直しており、導入負担の小さい安全管理提案を受け付けています。","DX推進組織の新設","現場の安全管理と品質記録を強化したい","点検記録と事故予防の仕組みを見直しており、導入負担の小さい安全管理提案を受け付けています。","安全・品質","中","true","法人本部施設課","課長","93","true","情報収集中","2026-08-30","true","本データはデモ用途の架空企業です。実在の企業・団体とは関係ありません。"
"FC-01565","合同会社リードヘルスケアコーポレーション","合同会社 リード ヘルスケア コーポレーション","medical_welfare","医療・福祉","秋田県","旭市","1966","205","中小企業","3690","福祉サービス提供","https://example.invalid/medical_welfare/065","手作業と紙中心の業務をデジタル化したい","部門間の情報共有が手作業になっているため、現場へ定着しやすい業務システムの提案を募集しています。","安全管理方針の強化","手作業と紙中心の業務をデジタル化したい","部門間の情報共有が手作業になっているため、現場へ定着しやすい業務システムの提案を募集しています。","DX・IT","高","true","法人本部施設課","責任者","65","false","アプローチ準備中","2026-08-30","true","本データはデモ用途の架空企業です。実在の企業・団体とは関係ありません。"
"FC-01566","株式会社ハーモニーヘルスケアソリューションズ","株式会社 ハーモニー ヘルスケア ソリューションズ","medical_welfare","医療・福祉","千葉県","みなと市","1977","842","中堅企業","15998","健康支援事業","https://example.invalid/medical_welfare/066","在庫差異と配送負担を減らしたい","在庫状況の把握に時間がかかっており、入出庫と配送計画を改善する提案を募集しています。","業務提携の締結","在庫差異と配送負担を減らしたい","在庫状況の把握に時間がかかっており、入出庫と配送計画を改善する提案を募集しています。","物流・在庫","低","true","法人本部施設課","企画担当","82","false","未対応","2026-08-30","true","本データはデモ用途の架空企業です。実在の企業・団体とは関係ありません。"
"FC-01567","合同会社ハーモニーヘルスケアパートナーズ","合同会社 ハーモニー ヘルスケア パートナーズ","medical_welfare","医療・福祉","山梨県","高台市","1988","2979","大企業","59580","医療・介護施設運営","https://example.invalid/medical_welfare/067","エネルギー・運用費を削減したい","拠点運営費が増加しているため、効果を測定できる省エネ・コスト削減策を求めています。","設備更新予算の増額","エネルギー・運用費を削減したい","拠点運営費が増加しているため、効果を測定できる省エネ・コスト削減策を求めています。","コスト削減","中","true","法人本部施設課","部長","99","false","情報収集中","2026-08-30","true","本データはデモ用途の架空企業です。実在の企業・団体とは関係ありません。"
"FC-01568","株式会社ハーモニーヘルスケアワークス","株式会社 ハーモニー ヘルスケア ワークス","medical_welfare","医療・福祉","京都府","新生市","1999","40","小規模","840","福祉サービス提供","https://example.invalid/medical_welfare/068","設備の老朽化と保守負担を減らしたい","既存設備の故障と保守工数が増えており、更新計画と運用改善を一緒に提案できる企業を探しています。","省エネ投資の開始","設備の老朽化と保守負担を減らしたい","既存設備の故障と保守工数が増えており、更新計画と運用改善を一緒に提案できる企業を探しています。","設備・施設","高","true","法人本部施設課","課長","71","false","アプローチ準備中","2026-08-30","true","本データはデモ用途の架空企業です。実在の企業・団体とは関係ありません。"
"FC-01569","合同会社ハーモニーヘルスケアグループ","合同会社 ハーモニー ヘルスケア グループ","medical_welfare","医療・福祉","岡山県","平和市","2010","103","中小企業","2266","健康支援事業","https://example.invalid/medical_welfare/069","問い合わせと顧客対応を効率化したい","問い合わせ情報が複数部署に分散しており、対応状況を一元管理できる仕組みを探しています。","新サービスの発表","問い合わせと顧客対応を効率化したい","問い合わせ情報が複数部署に分散しており、対応状況を一元管理できる仕組みを探しています。","営業・顧客管理","低","true","法人本部施設課","責任者","88","false","未対応","2026-08-30","true","本データはデモ用途の架空企業です。実在の企業・団体とは関係ありません。"
"FC-01570","株式会社ハーモニーヘルスケアコーポレーション","株式会社 ハーモニー ヘルスケア コーポレーション","medical_welfare","医療・福祉","福岡県","希望市","2021","990","中堅企業","22770","医療・介護施設運営","https://example.invalid/medical_welfare/070","採用後の教育と定着を改善したい","人員拡大に対して教育担当者が不足しており、研修の標準化と定着支援を相談したいです。","新拠点の開設計画","採用後の教育と定着を改善したい","人員拡大に対して教育担当者が不足しており、研修の標準化と定着支援を相談したいです。","人材・労務","中","true","法人本部施設課","企画担当","60","false","情報収集中","2026-08-30","true","本データはデモ用途の架空企業です。実在の企業・団体とは関係ありません。"
"FC-01571","合同会社ブリッジヘルスケアソリューションズ","合同会社 ブリッジ ヘルスケア ソリューションズ","medical_welfare","医療・福祉","沖縄県","文化市","1964","3127","大企業","75048","福祉サービス提供","https://example.invalid/medical_welfare/071","新サービスの販売パートナーを探したい","新サービスの提供地域を広げるため、共同提案や販売連携が可能な企業を探しています。","人員採用の拡大","新サービスの販売パートナーを探したい","新サービスの提供地域を広げるため、共同提案や販売連携が可能な企業を探しています。","事業開発","高","true","法人本部施設課","部長","77","false","アプローチ準備中","2026-08-30","true","本データはデモ用途の架空企業です。実在の企業・団体とは関係ありません。"
"FC-01572","株式会社ブリッジヘルスケアパートナーズ","株式会社 ブリッジ ヘルスケア パートナーズ","medical_welfare","医療・福祉","福島県","産業市","1975","36","小規模","900","健康支援事業","https://example.invalid/medical_welfare/072","現場の安全管理と品質記録を強化したい","点検記録と事故予防の仕組みを見直しており、導入負担の小さい安全管理提案を受け付けています。","既存施設の改修","現場の安全管理と品質記録を強化したい","点検記録と事故予防の仕組みを見直しており、導入負担の小さい安全管理提案を受け付けています。","安全・品質","低","true","法人本部施設課","課長","94","false","未対応","2026-08-30","true","本データはデモ用途の架空企業です。実在の企業・団体とは関係ありません。"
"FC-01573","合同会社ブリッジヘルスケアワークス","合同会社 ブリッジ ヘルスケア ワークス","medical_welfare","医療・福祉","神奈川県","学園市","1986","251","中小企業","6526","医療・介護施設運営","https://example.invalid/medical_welfare/073","手作業と紙中心の業務をデジタル化したい","部門間の情報共有が手作業になっているため、現場へ定着しやすい業務システムの提案を募集しています。","事業エリアの拡大","手作業と紙中心の業務をデジタル化したい","部門間の情報共有が手作業になっているため、現場へ定着しやすい業務システムの提案を募集しています。","DX・IT","中","true","法人本部施設課","責任者","66","false","情報収集中","2026-08-30","true","本データはデモ用途の架空企業です。実在の企業・団体とは関係ありません。"
"FC-01574","株式会社ブリッジヘルスケアグループ","株式会社 ブリッジ ヘルスケア グループ","medical_welfare","医療・福祉","岐阜県","泉市","1997","438","中堅企業","11826","福祉サービス提供","https://example.invalid/medical_welfare/074","在庫差異と配送負担を減らしたい","在庫状況の把握に時間がかかっており、入出庫と配送計画を改善する提案を募集しています。","DX推進組織の新設","在庫差異と配送負担を減らしたい","在庫状況の把握に時間がかかっており、入出庫と配送計画を改善する提案を募集しています。","物流・在庫","高","true","法人本部施設課","企画担当","83","false","アプローチ準備中","2026-08-30","true","本データはデモ用途の架空企業です。実在の企業・団体とは関係ありません。"
"FC-01575","合同会社ブリッジヘルスケアコーポレーション","合同会社 ブリッジ ヘルスケア コーポレーション","medical_welfare","医療・福祉","兵庫県","丘陵市","2008","3275","大企業","91700","健康支援事業","https://example.invalid/medical_welfare/075","エネルギー・運用費を削減したい","拠点運営費が増加しているため、効果を測定できる省エネ・コスト削減策を求めています。","安全管理方針の強化","エネルギー・運用費を削減したい","拠点運営費が増加しているため、効果を測定できる省エネ・コスト削減策を求めています。","コスト削減","低","true","法人本部施設課","部長","55","false","未対応","2026-08-30","true","本データはデモ用途の架空企業です。実在の企業・団体とは関係ありません。"
"FC-01576","株式会社フォーカスヘルスケアソリューションズ","株式会社 フォーカス ヘルスケア ソリューションズ","medical_welfare","医療・福祉","山口県","未来市","2019","32","小規模","928","医療・介護施設運営","https://example.invalid/medical_welfare/076","設備の老朽化と保守負担を減らしたい","既存設備の故障と保守工数が増えており、更新計画と運用改善を一緒に提案できる企業を探しています。","業務提携の締結","設備の老朽化と保守負担を減らしたい","既存設備の故障と保守工数が増えており、更新計画と運用改善を一緒に提案できる企業を探しています。","設備・施設","中","true","法人本部施設課","課長","72","false","情報収集中","2026-08-30","true","本データはデモ用途の架空企業です。実在の企業・団体とは関係ありません。"
"FC-01577","合同会社フォーカスヘルスケアパートナーズ","合同会社 フォーカス ヘルスケア パートナーズ","medical_welfare","医療・福祉","長崎県","中央市","1962","149","中小企業","1639","福祉サービス提供","https://example.invalid/medical_welfare/077","問い合わせと顧客対応を効率化したい","問い合わせ情報が複数部署に分散しており、対応状況を一元管理できる仕組みを探しています。","設備更新予算の増額","問い合わせと顧客対応を効率化したい","問い合わせ情報が複数部署に分散しており、対応状況を一元管理できる仕組みを探しています。","営業・顧客管理","高","true","法人本部施設課","責任者","89","false","アプローチ準備中","2026-08-30","true","本データはデモ用途の架空企業です。実在の企業・団体とは関係ありません。"
"FC-01578","株式会社フォーカスヘルスケアワークス","株式会社 フォーカス ヘルスケア ワークス","medical_welfare","医療・福祉","青森県","緑市","1973","586","中堅企業","7032","健康支援事業","https://example.invalid/medical_welfare/078","採用後の教育と定着を改善したい","人員拡大に対して教育担当者が不足しており、研修の標準化と定着支援を相談したいです。","省エネ投資の開始","採用後の教育と定着を改善したい","人員拡大に対して教育担当者が不足しており、研修の標準化と定着支援を相談したいです。","人材・労務","低","true","法人本部施設課","企画担当","61","false","未対応","2026-08-30","true","本データはデモ用途の架空企業です。実在の企業・団体とは関係ありません。"
"FC-01579","合同会社フォーカスヘルスケアグループ","合同会社 フォーカス ヘルスケア グループ","medical_welfare","医療・福祉","栃木県","さくら市","1984","3423","大企業","44499","医療・介護施設運営","https://example.invalid/medical_welfare/079","新サービスの販売パートナーを探したい","新サービスの提供地域を広げるため、共同提案や販売連携が可能な企業を探しています。","新サービスの発表","新サービスの販売パートナーを探したい","新サービスの提供地域を広げるため、共同提案や販売連携が可能な企業を探しています。","事業開発","中","true","法人本部施設課","部長","78","false","情報収集中","2026-08-30","true","本データはデモ用途の架空企業です。実在の企業・団体とは関係ありません。"
"FC-01580","株式会社フォーカスヘルスケアコーポレーション","株式会社 フォーカス ヘルスケア コーポレーション","medical_welfare","医療・福祉","富山県","ひかり市","1995","28","小規模","392","福祉サービス提供","https://example.invalid/medical_welfare/080","現場の安全管理と品質記録を強化したい","点検記録と事故予防の仕組みを見直しており、導入負担の小さい安全管理提案を受け付けています。","新拠点の開設計画","現場の安全管理と品質記録を強化したい","点検記録と事故予防の仕組みを見直しており、導入負担の小さい安全管理提案を受け付けています。","安全・品質","高","true","法人本部施設課","課長","95","false","アプローチ準備中","2026-08-30","true","本データはデモ用途の架空企業です。実在の企業・団体とは関係ありません。"
"FC-01581","合同会社ビジョンヘルスケアソリューションズ","合同会社 ビジョン ヘルスケア ソリューションズ","medical_welfare","医療・福祉","愛知県","あおば市","2006","297","中小企業","4455","健康支援事業","https://example.invalid/medical_welfare/081","手作業と紙中心の業務をデジタル化したい","部門間の情報共有が手作業になっているため、現場へ定着しやすい業務システムの提案を募集しています。","人員採用の拡大","手作業と紙中心の業務をデジタル化したい","部門間の情報共有が手作業になっているため、現場へ定着しやすい業務システムの提案を募集しています。","DX・IT","低","true","法人本部施設課","責任者","67","true","未対応","2026-08-30","true","本データはデモ用途の架空企業です。実在の企業・団体とは関係ありません。"
"FC-01582","株式会社ビジョンヘルスケアパートナーズ","株式会社 ビジョン ヘルスケア パートナーズ","medical_welfare","医療・福祉","和歌山県","若葉市","2017","734","中堅企業","11744","医療・介護施設運営","https://example.invalid/medical_welfare/082","在庫差異と配送負担を減らしたい","在庫状況の把握に時間がかかっており、入出庫と配送計画を改善する提案を募集しています。","既存施設の改修","在庫差異と配送負担を減らしたい","在庫状況の把握に時間がかかっており、入出庫と配送計画を改善する提案を募集しています。","物流・在庫","中","true","法人本部施設課","企画担当","84","false","情報収集中","2026-08-30","true","本データはデモ用途の架空企業です。実在の企業・団体とは関係ありません。"
"FC-01583","合同会社ビジョンヘルスケアワークス","合同会社 ビジョン ヘルスケア ワークス","medical_welfare","医療・福祉","香川県","豊栄市","1960","3571","大企業","60707","福祉サービス提供","https://example.invalid/medical_welfare/083","エネルギー・運用費を削減したい","拠点運営費が増加しているため、効果を測定できる省エネ・コスト削減策を求めています。","事業エリアの拡大","エネルギー・運用費を削減したい","拠点運営費が増加しているため、効果を測定できる省エネ・コスト削減策を求めています。","コスト削減","高","true","法人本部施設課","部長","56","false","アプローチ準備中","2026-08-30","true","本データはデモ用途の架空企業です。実在の企業・団体とは関係ありません。"
"FC-01584","株式会社ビジョンヘルスケアグループ","株式会社 ビジョン ヘルスケア グループ","medical_welfare","医療・福祉","大分県","清流市","1971","24","小規模","432","健康支援事業","https://example.invalid/medical_welfare/084","設備の老朽化と保守負担を減らしたい","既存設備の故障と保守工数が増えており、更新計画と運用改善を一緒に提案できる企業を探しています。","DX推進組織の新設","設備の老朽化と保守負担を減らしたい","既存設備の故障と保守工数が増えており、更新計画と運用改善を一緒に提案できる企業を探しています。","設備・施設","低","true","法人本部施設課","課長","73","false","未対応","2026-08-30","true","本データはデモ用途の架空企業です。実在の企業・団体とは関係ありません。"
"FC-01585","合同会社ビジョンヘルスケアコーポレーション","合同会社 ビジョン ヘルスケア コーポレーション","medical_welfare","医療・福祉","宮城県","旭市","1982","195","中小企業","3705","医療・介護施設運営","https://example.invalid/medical_welfare/085","問い合わせと顧客対応を効率化したい","問い合わせ情報が複数部署に分散しており、対応状況を一元管理できる仕組みを探しています。","安全管理方針の強化","問い合わせと顧客対応を効率化したい","問い合わせ情報が複数部署に分散しており、対応状況を一元管理できる仕組みを探しています。","営業・顧客管理","中","true","法人本部施設課","責任者","90","false","情報収集中","2026-08-30","true","本データはデモ用途の架空企業です。実在の企業・団体とは関係ありません。"
"FC-01586","株式会社コアヘルスケアソリューションズ","株式会社 コア ヘルスケア ソリューションズ","medical_welfare","医療・福祉","埼玉県","みなと市","1993","882","中堅企業","17640","福祉サービス提供","https://example.invalid/medical_welfare/086","採用後の教育と定着を改善したい","人員拡大に対して教育担当者が不足しており、研修の標準化と定着支援を相談したいです。","業務提携の締結","採用後の教育と定着を改善したい","人員拡大に対して教育担当者が不足しており、研修の標準化と定着支援を相談したいです。","人材・労務","高","true","法人本部施設課","企画担当","62","false","アプローチ準備中","2026-08-30","true","本データはデモ用途の架空企業です。実在の企業・団体とは関係ありません。"
"FC-01587","合同会社コアヘルスケアパートナーズ","合同会社 コア ヘルスケア パートナーズ","medical_welfare","医療・福祉","福井県","高台市","2004","3719","大企業","78099","健康支援事業","https://example.invalid/medical_welfare/087","新サービスの販売パートナーを探したい","新サービスの提供地域を広げるため、共同提案や販売連携が可能な企業を探しています。","設備更新予算の増額","新サービスの販売パートナーを探したい","新サービスの提供地域を広げるため、共同提案や販売連携が可能な企業を探しています。","事業開発","低","true","法人本部施設課","部長","79","false","未対応","2026-08-30","true","本データはデモ用途の架空企業です。実在の企業・団体とは関係ありません。"
"FC-01588","株式会社コアヘルスケアワークス","株式会社 コア ヘルスケア ワークス","medical_welfare","医療・福祉","滋賀県","新生市","2015","20","小規模","440","医療・介護施設運営","https://example.invalid/medical_welfare/088","現場の安全管理と品質記録を強化したい","点検記録と事故予防の仕組みを見直しており、導入負担の小さい安全管理提案を受け付けています。","省エネ投資の開始","現場の安全管理と品質記録を強化したい","点検記録と事故予防の仕組みを見直しており、導入負担の小さい安全管理提案を受け付けています。","安全・品質","中","true","法人本部施設課","課長","96","false","情報収集中","2026-08-30","true","本データはデモ用途の架空企業です。実在の企業・団体とは関係ありません。"
"FC-01589","合同会社コアヘルスケアグループ","合同会社 コア ヘルスケア グループ","medical_welfare","医療・福祉","島根県","平和市","1958","93","中小企業","2139","福祉サービス提供","https://example.invalid/medical_welfare/089","手作業と紙中心の業務をデジタル化したい","部門間の情報共有が手作業になっているため、現場へ定着しやすい業務システムの提案を募集しています。","新サービスの発表","手作業と紙中心の業務をデジタル化したい","部門間の情報共有が手作業になっているため、現場へ定着しやすい業務システムの提案を募集しています。","DX・IT","高","true","法人本部施設課","責任者","68","false","アプローチ準備中","2026-08-30","true","本データはデモ用途の架空企業です。実在の企業・団体とは関係ありません。"
"FC-01590","株式会社コアヘルスケアコーポレーション","株式会社 コア ヘルスケア コーポレーション","medical_welfare","医療・福祉","高知県","希望市","1969","330","中堅企業","7920","健康支援事業","https://example.invalid/medical_welfare/090","在庫差異と配送負担を減らしたい","在庫状況の把握に時間がかかっており、入出庫と配送計画を改善する提案を募集しています。","新拠点の開設計画","在庫差異と配送負担を減らしたい","在庫状況の把握に時間がかかっており、入出庫と配送計画を改善する提案を募集しています。","物流・在庫","低","true","法人本部施設課","企画担当","85","false","未対応","2026-08-30","true","本データはデモ用途の架空企業です。実在の企業・団体とは関係ありません。"
"FC-01591","合同会社アドバンスヘルスケアソリューションズ","合同会社 アドバンス ヘルスケア ソリューションズ","medical_welfare","医療・福祉","鹿児島県","文化市","1980","3867","大企業","96675","医療・介護施設運営","https://example.invalid/medical_welfare/091","エネルギー・運用費を削減したい","拠点運営費が増加しているため、効果を測定できる省エネ・コスト削減策を求めています。","人員採用の拡大","エネルギー・運用費を削減したい","拠点運営費が増加しているため、効果を測定できる省エネ・コスト削減策を求めています。","コスト削減","中","true","法人本部施設課","部長","57","false","情報収集中","2026-08-30","true","本データはデモ用途の架空企業です。実在の企業・団体とは関係ありません。"
"FC-01592","株式会社アドバンスヘルスケアパートナーズ","株式会社 アドバンス ヘルスケア パートナーズ","medical_welfare","医療・福祉","山形県","産業市","1991","16","小規模","416","福祉サービス提供","https://example.invalid/medical_welfare/092","設備の老朽化と保守負担を減らしたい","既存設備の故障と保守工数が増えており、更新計画と運用改善を一緒に提案できる企業を探しています。","既存施設の改修","設備の老朽化と保守負担を減らしたい","既存設備の故障と保守工数が増えており、更新計画と運用改善を一緒に提案できる企業を探しています。","設備・施設","高","true","法人本部施設課","課長","74","false","アプローチ準備中","2026-08-30","true","本データはデモ用途の架空企業です。実在の企業・団体とは関係ありません。"
"FC-01593","合同会社アドバンスヘルスケアワークス","合同会社 アドバンス ヘルスケア ワークス","medical_welfare","医療・福祉","東京都","学園市","2002","241","中小企業","6507","健康支援事業","https://example.invalid/medical_welfare/093","問い合わせと顧客対応を効率化したい","問い合わせ情報が複数部署に分散しており、対応状況を一元管理できる仕組みを探しています。","事業エリアの拡大","問い合わせと顧客対応を効率化したい","問い合わせ情報が複数部署に分散しており、対応状況を一元管理できる仕組みを探しています。","営業・顧客管理","低","true","法人本部施設課","責任者","91","false","未対応","2026-08-30","true","本データはデモ用途の架空企業です。実在の企業・団体とは関係ありません。"
"FC-01594","株式会社アドバンスヘルスケアグループ","株式会社 アドバンス ヘルスケア グループ","medical_welfare","医療・福祉","長野県","泉市","2013","478","中堅企業","13384","医療・介護施設運営","https://example.invalid/medical_welfare/094","採用後の教育と定着を改善したい","人員拡大に対して教育担当者が不足しており、研修の標準化と定着支援を相談したいです。","DX推進組織の新設","採用後の教育と定着を改善したい","人員拡大に対して教育担当者が不足しており、研修の標準化と定着支援を相談したいです。","人材・労務","中","true","法人本部施設課","企画担当","63","false","情報収集中","2026-08-30","true","本データはデモ用途の架空企業です。実在の企業・団体とは関係ありません。"
"FC-01595","合同会社アドバンスヘルスケアコーポレーション","合同会社 アドバンス ヘルスケア コーポレーション","medical_welfare","医療・福祉","大阪府","丘陵市","1956","4015","大企業","116435","福祉サービス提供","https://example.invalid/medical_welfare/095","新サービスの販売パートナーを探したい","新サービスの提供地域を広げるため、共同提案や販売連携が可能な企業を探しています。","安全管理方針の強化","新サービスの販売パートナーを探したい","新サービスの提供地域を広げるため、共同提案や販売連携が可能な企業を探しています。","事業開発","高","true","法人本部施設課","部長","80","false","アプローチ準備中","2026-08-30","true","本データはデモ用途の架空企業です。実在の企業・団体とは関係ありません。"
"FC-01596","株式会社インテグラヘルスケアソリューションズ","株式会社 インテグラ ヘルスケア ソリューションズ","medical_welfare","医療・福祉","広島県","未来市","1967","12","小規模","132","健康支援事業","https://example.invalid/medical_welfare/096","現場の安全管理と品質記録を強化したい","点検記録と事故予防の仕組みを見直しており、導入負担の小さい安全管理提案を受け付けています。","業務提携の締結","現場の安全管理と品質記録を強化したい","点検記録と事故予防の仕組みを見直しており、導入負担の小さい安全管理提案を受け付けています。","安全・品質","低","true","法人本部施設課","課長","97","false","未対応","2026-08-30","true","本データはデモ用途の架空企業です。実在の企業・団体とは関係ありません。"
"FC-01597","合同会社インテグラヘルスケアパートナーズ","合同会社 インテグラ ヘルスケア パートナーズ","medical_welfare","医療・福祉","佐賀県","中央市","1978","139","中小企業","1668","医療・介護施設運営","https://example.invalid/medical_welfare/097","手作業と紙中心の業務をデジタル化したい","部門間の情報共有が手作業になっているため、現場へ定着しやすい業務システムの提案を募集しています。","設備更新予算の増額","手作業と紙中心の業務をデジタル化したい","部門間の情報共有が手作業になっているため、現場へ定着しやすい業務システムの提案を募集しています。","DX・IT","中","true","法人本部施設課","責任者","69","false","情報収集中","2026-08-30","true","本データはデモ用途の架空企業です。実在の企業・団体とは関係ありません。"
"FC-01598","株式会社インテグラヘルスケアワークス","株式会社 インテグラ ヘルスケア ワークス","medical_welfare","医療・福祉","北海道","緑市","1989","626","中堅企業","8138","福祉サービス提供","https://example.invalid/medical_welfare/098","在庫差異と配送負担を減らしたい","在庫状況の把握に時間がかかっており、入出庫と配送計画を改善する提案を募集しています。","省エネ投資の開始","在庫差異と配送負担を減らしたい","在庫状況の把握に時間がかかっており、入出庫と配送計画を改善する提案を募集しています。","物流・在庫","高","true","法人本部施設課","企画担当","86","true","アプローチ準備中","2026-08-30","true","本データはデモ用途の架空企業です。実在の企業・団体とは関係ありません。"
"FC-01599","合同会社インテグラヘルスケアグループ","合同会社 インテグラ ヘルスケア グループ","medical_welfare","医療・福祉","茨城県","さくら市","2000","4163","大企業","58282","健康支援事業","https://example.invalid/medical_welfare/099","エネルギー・運用費を削減したい","拠点運営費が増加しているため、効果を測定できる省エネ・コスト削減策を求めています。","新サービスの発表","エネルギー・運用費を削減したい","拠点運営費が増加しているため、効果を測定できる省エネ・コスト削減策を求めています。","コスト削減","低","true","法人本部施設課","部長","58","false","未対応","2026-08-30","true","本データはデモ用途の架空企業です。実在の企業・団体とは関係ありません。"
"FC-01600","株式会社インテグラヘルスケアコーポレーション","株式会社 インテグラ ヘルスケア コーポレーション","medical_welfare","医療・福祉","新潟県","ひかり市","2011","46","小規模","690","医療・介護施設運営","https://example.invalid/medical_welfare/100","設備の老朽化と保守負担を減らしたい","既存設備の故障と保守工数が増えており、更新計画と運用改善を一緒に提案できる企業を探しています。","新拠点の開設計画","設備の老朽化と保守負担を減らしたい","既存設備の故障と保守工数が増えており、更新計画と運用改善を一緒に提案できる企業を探しています。","設備・施設","中","true","法人本部施設課","課長","75","false","情報収集中","2026-08-30","true","本データはデモ用途の架空企業です。実在の企業・団体とは関係ありません。"
"FC-01601","合同会社アークコミュニティソリューションズ","合同会社 アーク コミュニティ ソリューションズ","compound_services","複合サービス事業","静岡県","あおば市","2022","287","中小企業","4592","地域共同サービス","https://example.invalid/compound_services/001","問い合わせと顧客対応を効率化したい","問い合わせ情報が複数部署に分散しており、対応状況を一元管理できる仕組みを探しています。","人員採用の拡大","問い合わせと顧客対応を効率化したい","問い合わせ情報が複数部署に分散しており、対応状況を一元管理できる仕組みを探しています。","営業・顧客管理","高","true","事業推進部","責任者","92","false","アプローチ準備中","2026-08-30","true","本データはデモ用途の架空企業です。実在の企業・団体とは関係ありません。"
"FC-01602","株式会社アークコミュニティパートナーズ","株式会社 アーク コミュニティ パートナーズ","compound_services","複合サービス事業","奈良県","若葉市","1965","774","中堅企業","13158","会員向け複合事業","https://example.invalid/compound_services/002","採用後の教育と定着を改善したい","人員拡大に対して教育担当者が不足しており、研修の標準化と定着支援を相談したいです。","既存施設の改修","採用後の教育と定着を改善したい","人員拡大に対して教育担当者が不足しており、研修の標準化と定着支援を相談したいです。","人材・労務","低","true","事業推進部","企画担当","64","false","未対応","2026-08-30","true","本データはデモ用途の架空企業です。実在の企業・団体とは関係ありません。"
"FC-01603","合同会社アークコミュニティワークス","合同会社 アーク コミュニティ ワークス","compound_services","複合サービス事業","徳島県","豊栄市","1976","4311","大企業","77598","共同購買・業務支援","https://example.invalid/compound_services/003","新サービスの販売パートナーを探したい","新サービスの提供地域を広げるため、共同提案や販売連携が可能な企業を探しています。","事業エリアの拡大","新サービスの販売パートナーを探したい","新サービスの提供地域を広げるため、共同提案や販売連携が可能な企業を探しています。","事業開発","中","true","事業推進部","部長","81","false","情報収集中","2026-08-30","true","本データはデモ用途の架空企業です。実在の企業・団体とは関係ありません。"
"FC-01604","株式会社アークコミュニティグループ","株式会社 アーク コミュニティ グループ","compound_services","複合サービス事業","熊本県","清流市","1987","42","小規模","798","地域共同サービス","https://example.invalid/compound_services/004","現場の安全管理と品質記録を強化したい","点検記録と事故予防の仕組みを見直しており、導入負担の小さい安全管理提案を受け付けています。","DX推進組織の新設","現場の安全管理と品質記録を強化したい","点検記録と事故予防の仕組みを見直しており、導入負担の小さい安全管理提案を受け付けています。","安全・品質","高","true","事業推進部","課長","98","false","アプローチ準備中","2026-08-30","true","本データはデモ用途の架空企業です。実在の企業・団体とは関係ありません。"
"FC-01605","合同会社アークコミュニティコーポレーション","合同会社 アーク コミュニティ コーポレーション","compound_services","複合サービス事業","岩手県","旭市","1998","185","中小企業","3700","会員向け複合事業","https://example.invalid/compound_services/005","手作業と紙中心の業務をデジタル化したい","部門間の情報共有が手作業になっているため、現場へ定着しやすい業務システムの提案を募集しています。","安全管理方針の強化","手作業と紙中心の業務をデジタル化したい","部門間の情報共有が手作業になっているため、現場へ定着しやすい業務システムの提案を募集しています。","DX・IT","低","true","事業推進部","責任者","70","false","未対応","2026-08-30","true","本データはデモ用途の架空企業です。実在の企業・団体とは関係ありません。"
"FC-01606","株式会社ネクサスコミュニティソリューションズ","株式会社 ネクサス コミュニティ ソリューションズ","compound_services","複合サービス事業","群馬県","みなと市","2009","922","中堅企業","19362","共同購買・業務支援","https://example.invalid/compound_services/006","在庫差異と配送負担を減らしたい","在庫状況の把握に時間がかかっており、入出庫と配送計画を改善する提案を募集しています。","業務提携の締結","在庫差異と配送負担を減らしたい","在庫状況の把握に時間がかかっており、入出庫と配送計画を改善する提案を募集しています。","物流・在庫","中","true","事業推進部","企画担当","87","false","情報収集中","2026-08-30","true","本データはデモ用途の架空企業です。実在の企業・団体とは関係ありません。"
"FC-01607","合同会社ネクサスコミュニティパートナーズ","合同会社 ネクサス コミュニティ パートナーズ","compound_services","複合サービス事業","石川県","高台市","2020","4459","大企業","98098","地域共同サービス","https://example.invalid/compound_services/007","エネルギー・運用費を削減したい","拠点運営費が増加しているため、効果を測定できる省エネ・コスト削減策を求めています。","設備更新予算の増額","エネルギー・運用費を削減したい","拠点運営費が増加しているため、効果を測定できる省エネ・コスト削減策を求めています。","コスト削減","高","true","事業推進部","部長","59","false","アプローチ準備中","2026-08-30","true","本データはデモ用途の架空企業です。実在の企業・団体とは関係ありません。"
"FC-01608","株式会社ネクサスコミュニティワークス","株式会社 ネクサス コミュニティ ワークス","compound_services","複合サービス事業","三重県","新生市","1963","38","小規模","874","会員向け複合事業","https://example.invalid/compound_services/008","設備の老朽化と保守負担を減らしたい","既存設備の故障と保守工数が増えており、更新計画と運用改善を一緒に提案できる企業を探しています。","省エネ投資の開始","設備の老朽化と保守負担を減らしたい","既存設備の故障と保守工数が増えており、更新計画と運用改善を一緒に提案できる企業を探しています。","設備・施設","低","true","事業推進部","課長","76","false","未対応","2026-08-30","true","本データはデモ用途の架空企業です。実在の企業・団体とは関係ありません。"
"FC-01609","合同会社ネクサスコミュニティグループ","合同会社 ネクサス コミュニティ グループ","compound_services","複合サービス事業","鳥取県","平和市","1974","83","中小企業","1992","共同購買・業務支援","https://example.invalid/compound_services/009","問い合わせと顧客対応を効率化したい","問い合わせ情報が複数部署に分散しており、対応状況を一元管理できる仕組みを探しています。","新サービスの発表","問い合わせと顧客対応を効率化したい","問い合わせ情報が複数部署に分散しており、対応状況を一元管理できる仕組みを探しています。","営業・顧客管理","中","true","事業推進部","責任者","93","false","情報収集中","2026-08-30","true","本データはデモ用途の架空企業です。実在の企業・団体とは関係ありません。"
"FC-01610","株式会社ネクサスコミュニティコーポレーション","株式会社 ネクサス コミュニティ コーポレーション","compound_services","複合サービス事業","愛媛県","希望市","1985","370","中堅企業","9250","地域共同サービス","https://example.invalid/compound_services/010","採用後の教育と定着を改善したい","人員拡大に対して教育担当者が不足しており、研修の標準化と定着支援を相談したいです。","新拠点の開設計画","採用後の教育と定着を改善したい","人員拡大に対して教育担当者が不足しており、研修の標準化と定着支援を相談したいです。","人材・労務","高","true","事業推進部","企画担当","65","false","アプローチ準備中","2026-08-30","true","本データはデモ用途の架空企業です。実在の企業・団体とは関係ありません。"
"FC-01611","合同会社プライムコミュニティソリューションズ","合同会社 プライム コミュニティ ソリューションズ","compound_services","複合サービス事業","宮崎県","文化市","1996","4607","大企業","119782","会員向け複合事業","https://example.invalid/compound_services/011","新サービスの販売パートナーを探したい","新サービスの提供地域を広げるため、共同提案や販売連携が可能な企業を探しています。","人員採用の拡大","新サービスの販売パートナーを探したい","新サービスの提供地域を広げるため、共同提案や販売連携が可能な企業を探しています。","事業開発","低","true","事業推進部","部長","82","false","未対応","2026-08-30","true","本データはデモ用途の架空企業です。実在の企業・団体とは関係ありません。"
"FC-01612","株式会社プライムコミュニティパートナーズ","株式会社 プライム コミュニティ パートナーズ","compound_services","複合サービス事業","秋田県","産業市","2007","34","小規模","918","共同購買・業務支援","https://example.invalid/compound_services/012","現場の安全管理と品質記録を強化したい","点検記録と事故予防の仕組みを見直しており、導入負担の小さい安全管理提案を受け付けています。","既存施設の改修","現場の安全管理と品質記録を強化したい","点検記録と事故予防の仕組みを見直しており、導入負担の小さい安全管理提案を受け付けています。","安全・品質","中","true","事業推進部","課長","99","false","情報収集中","2026-08-30","true","本データはデモ用途の架空企業です。実在の企業・団体とは関係ありません。"
"FC-01613","合同会社プライムコミュニティワークス","合同会社 プライム コミュニティ ワークス","compound_services","複合サービス事業","千葉県","学園市","2018","231","中小企業","6468","地域共同サービス","https://example.invalid/compound_services/013","手作業と紙中心の業務をデジタル化したい","部門間の情報共有が手作業になっているため、現場へ定着しやすい業務システムの提案を募集しています。","事業エリアの拡大","手作業と紙中心の業務をデジタル化したい","部門間の情報共有が手作業になっているため、現場へ定着しやすい業務システムの提案を募集しています。","DX・IT","高","true","事業推進部","責任者","71","false","アプローチ準備中","2026-08-30","true","本データはデモ用途の架空企業です。実在の企業・団体とは関係ありません。"
"FC-01614","株式会社プライムコミュニティグループ","株式会社 プライム コミュニティ グループ","compound_services","複合サービス事業","山梨県","泉市","1961","518","中堅企業","15022","会員向け複合事業","https://example.invalid/compound_services/014","在庫差異と配送負担を減らしたい","在庫状況の把握に時間がかかっており、入出庫と配送計画を改善する提案を募集しています。","DX推進組織の新設","在庫差異と配送負担を減らしたい","在庫状況の把握に時間がかかっており、入出庫と配送計画を改善する提案を募集しています。","物流・在庫","低","true","事業推進部","企画担当","88","false","未対応","2026-08-30","true","本データはデモ用途の架空企業です。実在の企業・団体とは関係ありません。"
"FC-01615","合同会社プライムコミュニティコーポレーション","合同会社 プライム コミュニティ コーポレーション","compound_services","複合サービス事業","京都府","丘陵市","1972","4755","大企業","52305","共同購買・業務支援","https://example.invalid/compound_services/015","エネルギー・運用費を削減したい","拠点運営費が増加しているため、効果を測定できる省エネ・コスト削減策を求めています。","安全管理方針の強化","エネルギー・運用費を削減したい","拠点運営費が増加しているため、効果を測定できる省エネ・コスト削減策を求めています。","コスト削減","中","true","事業推進部","部長","60","true","情報収集中","2026-08-30","true","本データはデモ用途の架空企業です。実在の企業・団体とは関係ありません。"
"FC-01616","株式会社オルビスコミュニティソリューションズ","株式会社 オルビス コミュニティ ソリューションズ","compound_services","複合サービス事業","岡山県","未来市","1983","30","小規模","360","地域共同サービス","https://example.invalid/compound_services/016","設備の老朽化と保守負担を減らしたい","既存設備の故障と保守工数が増えており、更新計画と運用改善を一緒に提案できる企業を探しています。","業務提携の締結","設備の老朽化と保守負担を減らしたい","既存設備の故障と保守工数が増えており、更新計画と運用改善を一緒に提案できる企業を探しています。","設備・施設","高","true","事業推進部","課長","77","false","アプローチ準備中","2026-08-30","true","本データはデモ用途の架空企業です。実在の企業・団体とは関係ありません。"
"FC-01617","合同会社オルビスコミュニティパートナーズ","合同会社 オルビス コミュニティ パートナーズ","compound_services","複合サービス事業","福岡県","中央市","1994","129","中小企業","1677","会員向け複合事業","https://example.invalid/compound_services/017","問い合わせと顧客対応を効率化したい","問い合わせ情報が複数部署に分散しており、対応状況を一元管理できる仕組みを探しています。","設備更新予算の増額","問い合わせと顧客対応を効率化したい","問い合わせ情報が複数部署に分散しており、対応状況を一元管理できる仕組みを探しています。","営業・顧客管理","低","true","事業推進部","責任者","94","false","未対応","2026-08-30","true","本データはデモ用途の架空企業です。実在の企業・団体とは関係ありません。"
"FC-01618","株式会社オルビスコミュニティワークス","株式会社 オルビス コミュニティ ワークス","compound_services","複合サービス事業","沖縄県","緑市","2005","666","中堅企業","9324","共同購買・業務支援","https://example.invalid/compound_services/018","採用後の教育と定着を改善したい","人員拡大に対して教育担当者が不足しており、研修の標準化と定着支援を相談したいです。","省エネ投資の開始","採用後の教育と定着を改善したい","人員拡大に対して教育担当者が不足しており、研修の標準化と定着支援を相談したいです。","人材・労務","中","true","事業推進部","企画担当","66","false","情報収集中","2026-08-30","true","本データはデモ用途の架空企業です。実在の企業・団体とは関係ありません。"
"FC-01619","合同会社オルビスコミュニティグループ","合同会社 オルビス コミュニティ グループ","compound_services","複合サービス事業","福島県","さくら市","2016","4903","大企業","73545","地域共同サービス","https://example.invalid/compound_services/019","新サービスの販売パートナーを探したい","新サービスの提供地域を広げるため、共同提案や販売連携が可能な企業を探しています。","新サービスの発表","新サービスの販売パートナーを探したい","新サービスの提供地域を広げるため、共同提案や販売連携が可能な企業を探しています。","事業開発","高","true","事業推進部","部長","83","false","アプローチ準備中","2026-08-30","true","本データはデモ用途の架空企業です。実在の企業・団体とは関係ありません。"
"FC-01620","株式会社オルビスコミュニティコーポレーション","株式会社 オルビス コミュニティ コーポレーション","compound_services","複合サービス事業","神奈川県","ひかり市","1959","26","小規模","416","会員向け複合事業","https://example.invalid/compound_services/020","現場の安全管理と品質記録を強化したい","点検記録と事故予防の仕組みを見直しており、導入負担の小さい安全管理提案を受け付けています。","新拠点の開設計画","現場の安全管理と品質記録を強化したい","点検記録と事故予防の仕組みを見直しており、導入負担の小さい安全管理提案を受け付けています。","安全・品質","低","true","事業推進部","課長","55","false","未対応","2026-08-30","true","本データはデモ用途の架空企業です。実在の企業・団体とは関係ありません。"
"FC-01621","合同会社ノヴァコミュニティソリューションズ","合同会社 ノヴァ コミュニティ ソリューションズ","compound_services","複合サービス事業","岐阜県","あおば市","1970","277","中小企業","4709","共同購買・業務支援","https://example.invalid/compound_services/021","手作業と紙中心の業務をデジタル化したい","部門間の情報共有が手作業になっているため、現場へ定着しやすい業務システムの提案を募集しています。","人員採用の拡大","手作業と紙中心の業務をデジタル化したい","部門間の情報共有が手作業になっているため、現場へ定着しやすい業務システムの提案を募集しています。","DX・IT","中","true","事業推進部","責任者","72","false","情報収集中","2026-08-30","true","本データはデモ用途の架空企業です。実在の企業・団体とは関係ありません。"
"FC-01622","株式会社ノヴァコミュニティパートナーズ","株式会社 ノヴァ コミュニティ パートナーズ","compound_services","複合サービス事業","兵庫県","若葉市","1981","814","中堅企業","14652","地域共同サービス","https://example.invalid/compound_services/022","在庫差異と配送負担を減らしたい","在庫状況の把握に時間がかかっており、入出庫と配送計画を改善する提案を募集しています。","既存施設の改修","在庫差異と配送負担を減らしたい","在庫状況の把握に時間がかかっており、入出庫と配送計画を改善する提案を募集しています。","物流・在庫","高","true","事業推進部","企画担当","89","false","アプローチ準備中","2026-08-30","true","本データはデモ用途の架空企業です。実在の企業・団体とは関係ありません。"
"FC-01623","合同会社ノヴァコミュニティワークス","合同会社 ノヴァ コミュニティ ワークス","compound_services","複合サービス事業","山口県","豊栄市","1992","1051","大企業","19969","会員向け複合事業","https://example.invalid/compound_services/023","エネルギー・運用費を削減したい","拠点運営費が増加しているため、効果を測定できる省エネ・コスト削減策を求めています。","事業エリアの拡大","エネルギー・運用費を削減したい","拠点運営費が増加しているため、効果を測定できる省エネ・コスト削減策を求めています。","コスト削減","低","true","事業推進部","部長","61","false","未対応","2026-08-30","true","本データはデモ用途の架空企業です。実在の企業・団体とは関係ありません。"
"FC-01624","株式会社ノヴァコミュニティグループ","株式会社 ノヴァ コミュニティ グループ","compound_services","複合サービス事業","長崎県","清流市","2003","22","小規模","440","共同購買・業務支援","https://example.invalid/compound_services/024","設備の老朽化と保守負担を減らしたい","既存設備の故障と保守工数が増えており、更新計画と運用改善を一緒に提案できる企業を探しています。","DX推進組織の新設","設備の老朽化と保守負担を減らしたい","既存設備の故障と保守工数が増えており、更新計画と運用改善を一緒に提案できる企業を探しています。","設備・施設","中","true","事業推進部","課長","78","false","情報収集中","2026-08-30","true","本データはデモ用途の架空企業です。実在の企業・団体とは関係ありません。"
"FC-01625","合同会社ノヴァコミュニティコーポレーション","合同会社 ノヴァ コミュニティ コーポレーション","compound_services","複合サービス事業","青森県","旭市","2014","175","中小企業","3675","地域共同サービス","https://example.invalid/compound_services/025","問い合わせと顧客対応を効率化したい","問い合わせ情報が複数部署に分散しており、対応状況を一元管理できる仕組みを探しています。","安全管理方針の強化","問い合わせと顧客対応を効率化したい","問い合わせ情報が複数部署に分散しており、対応状況を一元管理できる仕組みを探しています。","営業・顧客管理","高","true","事業推進部","責任者","95","false","アプローチ準備中","2026-08-30","true","本データはデモ用途の架空企業です。実在の企業・団体とは関係ありません。"
"FC-01626","株式会社ユニゾンコミュニティソリューションズ","株式会社 ユニゾン コミュニティ ソリューションズ","compound_services","複合サービス事業","栃木県","みなと市","1957","962","中堅企業","21164","会員向け複合事業","https://example.invalid/compound_services/026","採用後の教育と定着を改善したい","人員拡大に対して教育担当者が不足しており、研修の標準化と定着支援を相談したいです。","業務提携の締結","採用後の教育と定着を改善したい","人員拡大に対して教育担当者が不足しており、研修の標準化と定着支援を相談したいです。","人材・労務","低","true","事業推進部","企画担当","67","false","未対応","2026-08-30","true","本データはデモ用途の架空企業です。実在の企業・団体とは関係ありません。"
"FC-01627","合同会社ユニゾンコミュニティパートナーズ","合同会社 ユニゾン コミュニティ パートナーズ","compound_services","複合サービス事業","富山県","高台市","1968","1199","大企業","27577","共同購買・業務支援","https://example.invalid/compound_services/027","新サービスの販売パートナーを探したい","新サービスの提供地域を広げるため、共同提案や販売連携が可能な企業を探しています。","設備更新予算の増額","新サービスの販売パートナーを探したい","新サービスの提供地域を広げるため、共同提案や販売連携が可能な企業を探しています。","事業開発","中","true","事業推進部","部長","84","false","情報収集中","2026-08-30","true","本データはデモ用途の架空企業です。実在の企業・団体とは関係ありません。"
"FC-01628","株式会社ユニゾンコミュニティワークス","株式会社 ユニゾン コミュニティ ワークス","compound_services","複合サービス事業","愛知県","新生市","1979","18","小規模","432","地域共同サービス","https://example.invalid/compound_services/028","現場の安全管理と品質記録を強化したい","点検記録と事故予防の仕組みを見直しており、導入負担の小さい安全管理提案を受け付けています。","省エネ投資の開始","現場の安全管理と品質記録を強化したい","点検記録と事故予防の仕組みを見直しており、導入負担の小さい安全管理提案を受け付けています。","安全・品質","高","true","事業推進部","課長","56","false","アプローチ準備中","2026-08-30","true","本データはデモ用途の架空企業です。実在の企業・団体とは関係ありません。"
"FC-01629","合同会社ユニゾンコミュニティグループ","合同会社 ユニゾン コミュニティ グループ","compound_services","複合サービス事業","和歌山県","平和市","1990","73","中小企業","1825","会員向け複合事業","https://example.invalid/compound_services/029","手作業と紙中心の業務をデジタル化したい","部門間の情報共有が手作業になっているため、現場へ定着しやすい業務システムの提案を募集しています。","新サービスの発表","手作業と紙中心の業務をデジタル化したい","部門間の情報共有が手作業になっているため、現場へ定着しやすい業務システムの提案を募集しています。","DX・IT","低","true","事業推進部","責任者","73","false","未対応","2026-08-30","true","本データはデモ用途の架空企業です。実在の企業・団体とは関係ありません。"
"FC-01630","株式会社ユニゾンコミュニティコーポレーション","株式会社 ユニゾン コミュニティ コーポレーション","compound_services","複合サービス事業","香川県","希望市","2001","410","中堅企業","10660","共同購買・業務支援","https://example.invalid/compound_services/030","在庫差異と配送負担を減らしたい","在庫状況の把握に時間がかかっており、入出庫と配送計画を改善する提案を募集しています。","新拠点の開設計画","在庫差異と配送負担を減らしたい","在庫状況の把握に時間がかかっており、入出庫と配送計画を改善する提案を募集しています。","物流・在庫","中","true","事業推進部","企画担当","90","false","情報収集中","2026-08-30","true","本データはデモ用途の架空企業です。実在の企業・団体とは関係ありません。"
"FC-01631","合同会社ヴェリタスコミュニティソリューションズ","合同会社 ヴェリタス コミュニティ ソリューションズ","compound_services","複合サービス事業","大分県","文化市","2012","1347","大企業","36369","地域共同サービス","https://example.invalid/compound_services/031","エネルギー・運用費を削減したい","拠点運営費が増加しているため、効果を測定できる省エネ・コスト削減策を求めています。","人員採用の拡大","エネルギー・運用費を削減したい","拠点運営費が増加しているため、効果を測定できる省エネ・コスト削減策を求めています。","コスト削減","高","true","事業推進部","部長","62","false","アプローチ準備中","2026-08-30","true","本データはデモ用途の架空企業です。実在の企業・団体とは関係ありません。"
"FC-01632","株式会社ヴェリタスコミュニティパートナーズ","株式会社 ヴェリタス コミュニティ パートナーズ","compound_services","複合サービス事業","宮城県","産業市","1955","14","小規模","392","会員向け複合事業","https://example.invalid/compound_services/032","設備の老朽化と保守負担を減らしたい","既存設備の故障と保守工数が増えており、更新計画と運用改善を一緒に提案できる企業を探しています。","既存施設の改修","設備の老朽化と保守負担を減らしたい","既存設備の故障と保守工数が増えており、更新計画と運用改善を一緒に提案できる企業を探しています。","設備・施設","低","true","事業推進部","課長","79","true","未対応","2026-08-30","true","本データはデモ用途の架空企業です。実在の企業・団体とは関係ありません。"
"FC-01633","合同会社ヴェリタスコミュニティワークス","合同会社 ヴェリタス コミュニティ ワークス","compound_services","複合サービス事業","埼玉県","学園市","1966","221","中小企業","6409","共同購買・業務支援","https://example.invalid/compound_services/033","問い合わせと顧客対応を効率化したい","問い合わせ情報が複数部署に分散しており、対応状況を一元管理できる仕組みを探しています。","事業エリアの拡大","問い合わせと顧客対応を効率化したい","問い合わせ情報が複数部署に分散しており、対応状況を一元管理できる仕組みを探しています。","営業・顧客管理","中","true","事業推進部","責任者","96","false","情報収集中","2026-08-30","true","本データはデモ用途の架空企業です。実在の企業・団体とは関係ありません。"
"FC-01634","株式会社ヴェリタスコミュニティグループ","株式会社 ヴェリタス コミュニティ グループ","compound_services","複合サービス事業","福井県","泉市","1977","558","中堅企業","6138","地域共同サービス","https://example.invalid/compound_services/034","採用後の教育と定着を改善したい","人員拡大に対して教育担当者が不足しており、研修の標準化と定着支援を相談したいです。","DX推進組織の新設","採用後の教育と定着を改善したい","人員拡大に対して教育担当者が不足しており、研修の標準化と定着支援を相談したいです。","人材・労務","高","true","事業推進部","企画担当","68","false","アプローチ準備中","2026-08-30","true","本データはデモ用途の架空企業です。実在の企業・団体とは関係ありません。"
"FC-01635","合同会社ヴェリタスコミュニティコーポレーション","合同会社 ヴェリタス コミュニティ コーポレーション","compound_services","複合サービス事業","滋賀県","丘陵市","1988","1495","大企業","17940","会員向け複合事業","https://example.invalid/compound_services/035","新サービスの販売パートナーを探したい","新サービスの提供地域を広げるため、共同提案や販売連携が可能な企業を探しています。","安全管理方針の強化","新サービスの販売パートナーを探したい","新サービスの提供地域を広げるため、共同提案や販売連携が可能な企業を探しています。","事業開発","低","true","事業推進部","部長","85","false","未対応","2026-08-30","true","本データはデモ用途の架空企業です。実在の企業・団体とは関係ありません。"
"FC-01636","株式会社セントラルコミュニティソリューションズ","株式会社 セントラル コミュニティ ソリューションズ","compound_services","複合サービス事業","島根県","未来市","1999","48","小規模","624","共同購買・業務支援","https://example.invalid/compound_services/036","現場の安全管理と品質記録を強化したい","点検記録と事故予防の仕組みを見直しており、導入負担の小さい安全管理提案を受け付けています。","業務提携の締結","現場の安全管理と品質記録を強化したい","点検記録と事故予防の仕組みを見直しており、導入負担の小さい安全管理提案を受け付けています。","安全・品質","中","true","事業推進部","課長","57","false","情報収集中","2026-08-30","true","本データはデモ用途の架空企業です。実在の企業・団体とは関係ありません。"
"FC-01637","合同会社セントラルコミュニティパートナーズ","合同会社 セントラル コミュニティ パートナーズ","compound_services","複合サービス事業","高知県","中央市","2010","119","中小企業","1666","地域共同サービス","https://example.invalid/compound_services/037","手作業と紙中心の業務をデジタル化したい","部門間の情報共有が手作業になっているため、現場へ定着しやすい業務システムの提案を募集しています。","設備更新予算の増額","手作業と紙中心の業務をデジタル化したい","部門間の情報共有が手作業になっているため、現場へ定着しやすい業務システムの提案を募集しています。","DX・IT","高","true","事業推進部","責任者","74","false","アプローチ準備中","2026-08-30","true","本データはデモ用途の架空企業です。実在の企業・団体とは関係ありません。"
"FC-01638","株式会社セントラルコミュニティワークス","株式会社 セントラル コミュニティ ワークス","compound_services","複合サービス事業","鹿児島県","緑市","2021","706","中堅企業","10590","会員向け複合事業","https://example.invalid/compound_services/038","在庫差異と配送負担を減らしたい","在庫状況の把握に時間がかかっており、入出庫と配送計画を改善する提案を募集しています。","省エネ投資の開始","在庫差異と配送負担を減らしたい","在庫状況の把握に時間がかかっており、入出庫と配送計画を改善する提案を募集しています。","物流・在庫","低","true","事業推進部","企画担当","91","false","未対応","2026-08-30","true","本データはデモ用途の架空企業です。実在の企業・団体とは関係ありません。"
"FC-01639","合同会社セントラルコミュニティグループ","合同会社 セントラル コミュニティ グループ","compound_services","複合サービス事業","山形県","さくら市","1964","1643","大企業","26288","共同購買・業務支援","https://example.invalid/compound_services/039","エネルギー・運用費を削減したい","拠点運営費が増加しているため、効果を測定できる省エネ・コスト削減策を求めています。","新サービスの発表","エネルギー・運用費を削減したい","拠点運営費が増加しているため、効果を測定できる省エネ・コスト削減策を求めています。","コスト削減","中","true","事業推進部","部長","63","false","情報収集中","2026-08-30","true","本データはデモ用途の架空企業です。実在の企業・団体とは関係ありません。"
"FC-01640","株式会社セントラルコミュニティコーポレーション","株式会社 セントラル コミュニティ コーポレーション","compound_services","複合サービス事業","東京都","ひかり市","1975","44","小規模","748","地域共同サービス","https://example.invalid/compound_services/040","設備の老朽化と保守負担を減らしたい","既存設備の故障と保守工数が増えており、更新計画と運用改善を一緒に提案できる企業を探しています。","新拠点の開設計画","設備の老朽化と保守負担を減らしたい","既存設備の故障と保守工数が増えており、更新計画と運用改善を一緒に提案できる企業を探しています。","設備・施設","高","true","事業推進部","課長","80","false","アプローチ準備中","2026-08-30","true","本データはデモ用途の架空企業です。実在の企業・団体とは関係ありません。"
"FC-01641","合同会社エレメントコミュニティソリューションズ","合同会社 エレメント コミュニティ ソリューションズ","compound_services","複合サービス事業","長野県","あおば市","1986","267","中小企業","4806","会員向け複合事業","https://example.invalid/compound_services/041","問い合わせと顧客対応を効率化したい","問い合わせ情報が複数部署に分散しており、対応状況を一元管理できる仕組みを探しています。","人員採用の拡大","問い合わせと顧客対応を効率化したい","問い合わせ情報が複数部署に分散しており、対応状況を一元管理できる仕組みを探しています。","営業・顧客管理","低","true","事業推進部","責任者","97","false","未対応","2026-08-30","true","本データはデモ用途の架空企業です。実在の企業・団体とは関係ありません。"
"FC-01642","株式会社エレメントコミュニティパートナーズ","株式会社 エレメント コミュニティ パートナーズ","compound_services","複合サービス事業","大阪府","若葉市","1997","854","中堅企業","16226","共同購買・業務支援","https://example.invalid/compound_services/042","採用後の教育と定着を改善したい","人員拡大に対して教育担当者が不足しており、研修の標準化と定着支援を相談したいです。","既存施設の改修","採用後の教育と定着を改善したい","人員拡大に対して教育担当者が不足しており、研修の標準化と定着支援を相談したいです。","人材・労務","中","true","事業推進部","企画担当","69","false","情報収集中","2026-08-30","true","本データはデモ用途の架空企業です。実在の企業・団体とは関係ありません。"
"FC-01643","合同会社エレメントコミュニティワークス","合同会社 エレメント コミュニティ ワークス","compound_services","複合サービス事業","広島県","豊栄市","2008","1791","大企業","35820","地域共同サービス","https://example.invalid/compound_services/043","新サービスの販売パートナーを探したい","新サービスの提供地域を広げるため、共同提案や販売連携が可能な企業を探しています。","事業エリアの拡大","新サービスの販売パートナーを探したい","新サービスの提供地域を広げるため、共同提案や販売連携が可能な企業を探しています。","事業開発","高","true","事業推進部","部長","86","false","アプローチ準備中","2026-08-30","true","本データはデモ用途の架空企業です。実在の企業・団体とは関係ありません。"
"FC-01644","株式会社エレメントコミュニティグループ","株式会社 エレメント コミュニティ グループ","compound_services","複合サービス事業","佐賀県","清流市","2019","40","小規模","840","会員向け複合事業","https://example.invalid/compound_services/044","現場の安全管理と品質記録を強化したい","点検記録と事故予防の仕組みを見直しており、導入負担の小さい安全管理提案を受け付けています。","DX推進組織の新設","現場の安全管理と品質記録を強化したい","点検記録と事故予防の仕組みを見直しており、導入負担の小さい安全管理提案を受け付けています。","安全・品質","低","true","事業推進部","課長","58","false","未対応","2026-08-30","true","本データはデモ用途の架空企業です。実在の企業・団体とは関係ありません。"
"FC-01645","合同会社エレメントコミュニティコーポレーション","合同会社 エレメント コミュニティ コーポレーション","compound_services","複合サービス事業","北海道","旭市","1962","165","中小企業","3630","共同購買・業務支援","https://example.invalid/compound_services/045","手作業と紙中心の業務をデジタル化したい","部門間の情報共有が手作業になっているため、現場へ定着しやすい業務システムの提案を募集しています。","安全管理方針の強化","手作業と紙中心の業務をデジタル化したい","部門間の情報共有が手作業になっているため、現場へ定着しやすい業務システムの提案を募集しています。","DX・IT","中","true","事業推進部","責任者","75","false","情報収集中","2026-08-30","true","本データはデモ用途の架空企業です。実在の企業・団体とは関係ありません。"
"FC-01646","株式会社クレストコミュニティソリューションズ","株式会社 クレスト コミュニティ ソリューションズ","compound_services","複合サービス事業","茨城県","みなと市","1973","302","中堅企業","6946","地域共同サービス","https://example.invalid/compound_services/046","在庫差異と配送負担を減らしたい","在庫状況の把握に時間がかかっており、入出庫と配送計画を改善する提案を募集しています。","業務提携の締結","在庫差異と配送負担を減らしたい","在庫状況の把握に時間がかかっており、入出庫と配送計画を改善する提案を募集しています。","物流・在庫","高","true","事業推進部","企画担当","92","false","アプローチ準備中","2026-08-30","true","本データはデモ用途の架空企業です。実在の企業・団体とは関係ありません。"
"FC-01647","合同会社クレストコミュニティパートナーズ","合同会社 クレスト コミュニティ パートナーズ","compound_services","複合サービス事業","新潟県","高台市","1984","1939","大企業","46536","会員向け複合事業","https://example.invalid/compound_services/047","エネルギー・運用費を削減したい","拠点運営費が増加しているため、効果を測定できる省エネ・コスト削減策を求めています。","設備更新予算の増額","エネルギー・運用費を削減したい","拠点運営費が増加しているため、効果を測定できる省エネ・コスト削減策を求めています。","コスト削減","低","true","事業推進部","部長","64","false","未対応","2026-08-30","true","本データはデモ用途の架空企業です。実在の企業・団体とは関係ありません。"
"FC-01648","株式会社クレストコミュニティワークス","株式会社 クレスト コミュニティ ワークス","compound_services","複合サービス事業","静岡県","新生市","1995","36","小規模","900","共同購買・業務支援","https://example.invalid/compound_services/048","設備の老朽化と保守負担を減らしたい","既存設備の故障と保守工数が増えており、更新計画と運用改善を一緒に提案できる企業を探しています。","省エネ投資の開始","設備の老朽化と保守負担を減らしたい","既存設備の故障と保守工数が増えており、更新計画と運用改善を一緒に提案できる企業を探しています。","設備・施設","中","true","事業推進部","課長","81","false","情報収集中","2026-08-30","true","本データはデモ用途の架空企業です。実在の企業・団体とは関係ありません。"
"FC-01649","合同会社クレストコミュニティグループ","合同会社 クレスト コミュニティ グループ","compound_services","複合サービス事業","奈良県","平和市","2006","63","中小企業","1638","地域共同サービス","https://example.invalid/compound_services/049","問い合わせと顧客対応を効率化したい","問い合わせ情報が複数部署に分散しており、対応状況を一元管理できる仕組みを探しています。","新サービスの発表","問い合わせと顧客対応を効率化したい","問い合わせ情報が複数部署に分散しており、対応状況を一元管理できる仕組みを探しています。","営業・顧客管理","高","true","事業推進部","責任者","98","true","アプローチ準備中","2026-08-30","true","本データはデモ用途の架空企業です。実在の企業・団体とは関係ありません。"
"FC-01650","株式会社クレストコミュニティコーポレーション","株式会社 クレスト コミュニティ コーポレーション","compound_services","複合サービス事業","徳島県","希望市","2017","450","中堅企業","12150","会員向け複合事業","https://example.invalid/compound_services/050","採用後の教育と定着を改善したい","人員拡大に対して教育担当者が不足しており、研修の標準化と定着支援を相談したいです。","新拠点の開設計画","採用後の教育と定着を改善したい","人員拡大に対して教育担当者が不足しており、研修の標準化と定着支援を相談したいです。","人材・労務","低","true","事業推進部","企画担当","70","false","未対応","2026-08-30","true","本データはデモ用途の架空企業です。実在の企業・団体とは関係ありません。"
"FC-01651","合同会社シナジーコミュニティソリューションズ","合同会社 シナジー コミュニティ ソリューションズ","compound_services","複合サービス事業","熊本県","文化市","1960","2087","大企業","58436","共同購買・業務支援","https://example.invalid/compound_services/051","新サービスの販売パートナーを探したい","新サービスの提供地域を広げるため、共同提案や販売連携が可能な企業を探しています。","人員採用の拡大","新サービスの販売パートナーを探したい","新サービスの提供地域を広げるため、共同提案や販売連携が可能な企業を探しています。","事業開発","中","true","事業推進部","部長","87","false","情報収集中","2026-08-30","true","本データはデモ用途の架空企業です。実在の企業・団体とは関係ありません。"
"FC-01652","株式会社シナジーコミュニティパートナーズ","株式会社 シナジー コミュニティ パートナーズ","compound_services","複合サービス事業","岩手県","産業市","1971","32","小規模","928","地域共同サービス","https://example.invalid/compound_services/052","現場の安全管理と品質記録を強化したい","点検記録と事故予防の仕組みを見直しており、導入負担の小さい安全管理提案を受け付けています。","既存施設の改修","現場の安全管理と品質記録を強化したい","点検記録と事故予防の仕組みを見直しており、導入負担の小さい安全管理提案を受け付けています。","安全・品質","高","true","事業推進部","課長","59","false","アプローチ準備中","2026-08-30","true","本データはデモ用途の架空企業です。実在の企業・団体とは関係ありません。"
"FC-01653","合同会社シナジーコミュニティワークス","合同会社 シナジー コミュニティ ワークス","compound_services","複合サービス事業","群馬県","学園市","1982","211","中小企業","2321","会員向け複合事業","https://example.invalid/compound_services/053","手作業と紙中心の業務をデジタル化したい","部門間の情報共有が手作業になっているため、現場へ定着しやすい業務システムの提案を募集しています。","事業エリアの拡大","手作業と紙中心の業務をデジタル化したい","部門間の情報共有が手作業になっているため、現場へ定着しやすい業務システムの提案を募集しています。","DX・IT","低","true","事業推進部","責任者","76","false","未対応","2026-08-30","true","本データはデモ用途の架空企業です。実在の企業・団体とは関係ありません。"
"FC-01654","株式会社シナジーコミュニティグループ","株式会社 シナジー コミュニティ グループ","compound_services","複合サービス事業","石川県","泉市","1993","598","中堅企業","7176","共同購買・業務支援","https://example.invalid/compound_services/054","在庫差異と配送負担を減らしたい","在庫状況の把握に時間がかかっており、入出庫と配送計画を改善する提案を募集しています。","DX推進組織の新設","在庫差異と配送負担を減らしたい","在庫状況の把握に時間がかかっており、入出庫と配送計画を改善する提案を募集しています。","物流・在庫","中","true","事業推進部","企画担当","93","false","情報収集中","2026-08-30","true","本データはデモ用途の架空企業です。実在の企業・団体とは関係ありません。"
"FC-01655","合同会社シナジーコミュニティコーポレーション","合同会社 シナジー コミュニティ コーポレーション","compound_services","複合サービス事業","三重県","丘陵市","2004","2235","大企業","29055","地域共同サービス","https://example.invalid/compound_services/055","エネルギー・運用費を削減したい","拠点運営費が増加しているため、効果を測定できる省エネ・コスト削減策を求めています。","安全管理方針の強化","エネルギー・運用費を削減したい","拠点運営費が増加しているため、効果を測定できる省エネ・コスト削減策を求めています。","コスト削減","高","true","事業推進部","部長","65","false","アプローチ準備中","2026-08-30","true","本データはデモ用途の架空企業です。実在の企業・団体とは関係ありません。"
"FC-01656","株式会社アクセルコミュニティソリューションズ","株式会社 アクセル コミュニティ ソリューションズ","compound_services","複合サービス事業","鳥取県","未来市","2015","28","小規模","392","会員向け複合事業","https://example.invalid/compound_services/056","設備の老朽化と保守負担を減らしたい","既存設備の故障と保守工数が増えており、更新計画と運用改善を一緒に提案できる企業を探しています。","業務提携の締結","設備の老朽化と保守負担を減らしたい","既存設備の故障と保守工数が増えており、更新計画と運用改善を一緒に提案できる企業を探しています。","設備・施設","低","true","事業推進部","課長","82","false","未対応","2026-08-30","true","本データはデモ用途の架空企業です。実在の企業・団体とは関係ありません。"
"FC-01657","合同会社アクセルコミュニティパートナーズ","合同会社 アクセル コミュニティ パートナーズ","compound_services","複合サービス事業","愛媛県","中央市","1958","109","中小企業","1635","共同購買・業務支援","https://example.invalid/compound_services/057","問い合わせと顧客対応を効率化したい","問い合わせ情報が複数部署に分散しており、対応状況を一元管理できる仕組みを探しています。","設備更新予算の増額","問い合わせと顧客対応を効率化したい","問い合わせ情報が複数部署に分散しており、対応状況を一元管理できる仕組みを探しています。","営業・顧客管理","中","true","事業推進部","責任者","99","false","情報収集中","2026-08-30","true","本データはデモ用途の架空企業です。実在の企業・団体とは関係ありません。"
"FC-01658","株式会社アクセルコミュニティワークス","株式会社 アクセル コミュニティ ワークス","compound_services","複合サービス事業","宮崎県","緑市","1969","746","中堅企業","11936","地域共同サービス","https://example.invalid/compound_services/058","採用後の教育と定着を改善したい","人員拡大に対して教育担当者が不足しており、研修の標準化と定着支援を相談したいです。","省エネ投資の開始","採用後の教育と定着を改善したい","人員拡大に対して教育担当者が不足しており、研修の標準化と定着支援を相談したいです。","人材・労務","高","true","事業推進部","企画担当","71","false","アプローチ準備中","2026-08-30","true","本データはデモ用途の架空企業です。実在の企業・団体とは関係ありません。"
"FC-01659","合同会社アクセルコミュニティグループ","合同会社 アクセル コミュニティ グループ","compound_services","複合サービス事業","秋田県","さくら市","1980","2383","大企業","40511","会員向け複合事業","https://example.invalid/compound_services/059","新サービスの販売パートナーを探したい","新サービスの提供地域を広げるため、共同提案や販売連携が可能な企業を探しています。","新サービスの発表","新サービスの販売パートナーを探したい","新サービスの提供地域を広げるため、共同提案や販売連携が可能な企業を探しています。","事業開発","低","true","事業推進部","部長","88","false","未対応","2026-08-30","true","本データはデモ用途の架空企業です。実在の企業・団体とは関係ありません。"
"FC-01660","株式会社アクセルコミュニティコーポレーション","株式会社 アクセル コミュニティ コーポレーション","compound_services","複合サービス事業","千葉県","ひかり市","1991","24","小規模","432","共同購買・業務支援","https://example.invalid/compound_services/060","現場の安全管理と品質記録を強化したい","点検記録と事故予防の仕組みを見直しており、導入負担の小さい安全管理提案を受け付けています。","新拠点の開設計画","現場の安全管理と品質記録を強化したい","点検記録と事故予防の仕組みを見直しており、導入負担の小さい安全管理提案を受け付けています。","安全・品質","中","true","事業推進部","課長","60","false","情報収集中","2026-08-30","true","本データはデモ用途の架空企業です。実在の企業・団体とは関係ありません。"
"FC-01661","合同会社リードコミュニティソリューションズ","合同会社 リード コミュニティ ソリューションズ","compound_services","複合サービス事業","山梨県","あおば市","2002","257","中小企業","4883","地域共同サービス","https://example.invalid/compound_services/061","手作業と紙中心の業務をデジタル化したい","部門間の情報共有が手作業になっているため、現場へ定着しやすい業務システムの提案を募集しています。","人員採用の拡大","手作業と紙中心の業務をデジタル化したい","部門間の情報共有が手作業になっているため、現場へ定着しやすい業務システムの提案を募集しています。","DX・IT","高","true","事業推進部","責任者","77","false","アプローチ準備中","2026-08-30","true","本データはデモ用途の架空企業です。実在の企業・団体とは関係ありません。"
"FC-01662","株式会社リードコミュニティパートナーズ","株式会社 リード コミュニティ パートナーズ","compound_services","複合サービス事業","京都府","若葉市","2013","894","中堅企業","17880","会員向け複合事業","https://example.invalid/compound_services/062","在庫差異と配送負担を減らしたい","在庫状況の把握に時間がかかっており、入出庫と配送計画を改善する提案を募集しています。","既存施設の改修","在庫差異と配送負担を減らしたい","在庫状況の把握に時間がかかっており、入出庫と配送計画を改善する提案を募集しています。","物流・在庫","低","true","事業推進部","企画担当","94","false","未対応","2026-08-30","true","本データはデモ用途の架空企業です。実在の企業・団体とは関係ありません。"
"FC-01663","合同会社リードコミュニティワークス","合同会社 リード コミュニティ ワークス","compound_services","複合サービス事業","岡山県","豊栄市","1956","2531","大企業","53151","共同購買・業務支援","https://example.invalid/compound_services/063","エネルギー・運用費を削減したい","拠点運営費が増加しているため、効果を測定できる省エネ・コスト削減策を求めています。","事業エリアの拡大","エネルギー・運用費を削減したい","拠点運営費が増加しているため、効果を測定できる省エネ・コスト削減策を求めています。","コスト削減","中","true","事業推進部","部長","66","false","情報収集中","2026-08-30","true","本データはデモ用途の架空企業です。実在の企業・団体とは関係ありません。"
"FC-01664","株式会社リードコミュニティグループ","株式会社 リード コミュニティ グループ","compound_services","複合サービス事業","福岡県","清流市","1967","20","小規模","440","地域共同サービス","https://example.invalid/compound_services/064","設備の老朽化と保守負担を減らしたい","既存設備の故障と保守工数が増えており、更新計画と運用改善を一緒に提案できる企業を探しています。","DX推進組織の新設","設備の老朽化と保守負担を減らしたい","既存設備の故障と保守工数が増えており、更新計画と運用改善を一緒に提案できる企業を探しています。","設備・施設","高","true","事業推進部","課長","83","false","アプローチ準備中","2026-08-30","true","本データはデモ用途の架空企業です。実在の企業・団体とは関係ありません。"
"FC-01665","合同会社リードコミュニティコーポレーション","合同会社 リード コミュニティ コーポレーション","compound_services","複合サービス事業","沖縄県","旭市","1978","155","中小企業","3565","会員向け複合事業","https://example.invalid/compound_services/065","問い合わせと顧客対応を効率化したい","問い合わせ情報が複数部署に分散しており、対応状況を一元管理できる仕組みを探しています。","安全管理方針の強化","問い合わせと顧客対応を効率化したい","問い合わせ情報が複数部署に分散しており、対応状況を一元管理できる仕組みを探しています。","営業・顧客管理","低","true","事業推進部","責任者","55","false","未対応","2026-08-30","true","本データはデモ用途の架空企業です。実在の企業・団体とは関係ありません。"
"FC-01666","株式会社ハーモニーコミュニティソリューションズ","株式会社 ハーモニー コミュニティ ソリューションズ","compound_services","複合サービス事業","福島県","みなと市","1989","342","中堅企業","8208","共同購買・業務支援","https://example.invalid/compound_services/066","採用後の教育と定着を改善したい","人員拡大に対して教育担当者が不足しており、研修の標準化と定着支援を相談したいです。","業務提携の締結","採用後の教育と定着を改善したい","人員拡大に対して教育担当者が不足しており、研修の標準化と定着支援を相談したいです。","人材・労務","中","true","事業推進部","企画担当","72","true","情報収集中","2026-08-30","true","本データはデモ用途の架空企業です。実在の企業・団体とは関係ありません。"
"FC-01667","合同会社ハーモニーコミュニティパートナーズ","合同会社 ハーモニー コミュニティ パートナーズ","compound_services","複合サービス事業","神奈川県","高台市","2000","2679","大企業","66975","地域共同サービス","https://example.invalid/compound_services/067","新サービスの販売パートナーを探したい","新サービスの提供地域を広げるため、共同提案や販売連携が可能な企業を探しています。","設備更新予算の増額","新サービスの販売パートナーを探したい","新サービスの提供地域を広げるため、共同提案や販売連携が可能な企業を探しています。","事業開発","高","true","事業推進部","部長","89","false","アプローチ準備中","2026-08-30","true","本データはデモ用途の架空企業です。実在の企業・団体とは関係ありません。"
"FC-01668","株式会社ハーモニーコミュニティワークス","株式会社 ハーモニー コミュニティ ワークス","compound_services","複合サービス事業","岐阜県","新生市","2011","16","小規模","416","会員向け複合事業","https://example.invalid/compound_services/068","現場の安全管理と品質記録を強化したい","点検記録と事故予防の仕組みを見直しており、導入負担の小さい安全管理提案を受け付けています。","省エネ投資の開始","現場の安全管理と品質記録を強化したい","点検記録と事故予防の仕組みを見直しており、導入負担の小さい安全管理提案を受け付けています。","安全・品質","低","true","事業推進部","課長","61","false","未対応","2026-08-30","true","本データはデモ用途の架空企業です。実在の企業・団体とは関係ありません。"
"FC-01669","合同会社ハーモニーコミュニティグループ","合同会社 ハーモニー コミュニティ グループ","compound_services","複合サービス事業","兵庫県","平和市","2022","53","中小企業","1431","共同購買・業務支援","https://example.invalid/compound_services/069","手作業と紙中心の業務をデジタル化したい","部門間の情報共有が手作業になっているため、現場へ定着しやすい業務システムの提案を募集しています。","新サービスの発表","手作業と紙中心の業務をデジタル化したい","部門間の情報共有が手作業になっているため、現場へ定着しやすい業務システムの提案を募集しています。","DX・IT","中","true","事業推進部","責任者","78","false","情報収集中","2026-08-30","true","本データはデモ用途の架空企業です。実在の企業・団体とは関係ありません。"
"FC-01670","株式会社ハーモニーコミュニティコーポレーション","株式会社 ハーモニー コミュニティ コーポレーション","compound_services","複合サービス事業","山口県","希望市","1965","490","中堅企業","13720","地域共同サービス","https://example.invalid/compound_services/070","在庫差異と配送負担を減らしたい","在庫状況の把握に時間がかかっており、入出庫と配送計画を改善する提案を募集しています。","新拠点の開設計画","在庫差異と配送負担を減らしたい","在庫状況の把握に時間がかかっており、入出庫と配送計画を改善する提案を募集しています。","物流・在庫","高","true","事業推進部","企画担当","95","false","アプローチ準備中","2026-08-30","true","本データはデモ用途の架空企業です。実在の企業・団体とは関係ありません。"
"FC-01671","合同会社ブリッジコミュニティソリューションズ","合同会社 ブリッジ コミュニティ ソリューションズ","compound_services","複合サービス事業","長崎県","文化市","1976","2827","大企業","81983","会員向け複合事業","https://example.invalid/compound_services/071","エネルギー・運用費を削減したい","拠点運営費が増加しているため、効果を測定できる省エネ・コスト削減策を求めています。","人員採用の拡大","エネルギー・運用費を削減したい","拠点運営費が増加しているため、効果を測定できる省エネ・コスト削減策を求めています。","コスト削減","低","true","事業推進部","部長","67","false","未対応","2026-08-30","true","本データはデモ用途の架空企業です。実在の企業・団体とは関係ありません。"
"FC-01672","株式会社ブリッジコミュニティパートナーズ","株式会社 ブリッジ コミュニティ パートナーズ","compound_services","複合サービス事業","青森県","産業市","1987","12","小規模","132","共同購買・業務支援","https://example.invalid/compound_services/072","設備の老朽化と保守負担を減らしたい","既存設備の故障と保守工数が増えており、更新計画と運用改善を一緒に提案できる企業を探しています。","既存施設の改修","設備の老朽化と保守負担を減らしたい","既存設備の故障と保守工数が増えており、更新計画と運用改善を一緒に提案できる企業を探しています。","設備・施設","中","true","事業推進部","課長","84","false","情報収集中","2026-08-30","true","本データはデモ用途の架空企業です。実在の企業・団体とは関係ありません。"
"FC-01673","合同会社ブリッジコミュニティワークス","合同会社 ブリッジ コミュニティ ワークス","compound_services","複合サービス事業","栃木県","学園市","1998","201","中小企業","2412","地域共同サービス","https://example.invalid/compound_services/073","問い合わせと顧客対応を効率化したい","問い合わせ情報が複数部署に分散しており、対応状況を一元管理できる仕組みを探しています。","事業エリアの拡大","問い合わせと顧客対応を効率化したい","問い合わせ情報が複数部署に分散しており、対応状況を一元管理できる仕組みを探しています。","営業・顧客管理","高","true","事業推進部","責任者","56","false","アプローチ準備中","2026-08-30","true","本データはデモ用途の架空企業です。実在の企業・団体とは関係ありません。"
"FC-01674","株式会社ブリッジコミュニティグループ","株式会社 ブリッジ コミュニティ グループ","compound_services","複合サービス事業","富山県","泉市","2009","638","中堅企業","8294","会員向け複合事業","https://example.invalid/compound_services/074","採用後の教育と定着を改善したい","人員拡大に対して教育担当者が不足しており、研修の標準化と定着支援を相談したいです。","DX推進組織の新設","採用後の教育と定着を改善したい","人員拡大に対して教育担当者が不足しており、研修の標準化と定着支援を相談したいです。","人材・労務","低","true","事業推進部","企画担当","73","false","未対応","2026-08-30","true","本データはデモ用途の架空企業です。実在の企業・団体とは関係ありません。"
"FC-01675","合同会社ブリッジコミュニティコーポレーション","合同会社 ブリッジ コミュニティ コーポレーション","compound_services","複合サービス事業","愛知県","丘陵市","2020","2975","大企業","41650","共同購買・業務支援","https://example.invalid/compound_services/075","新サービスの販売パートナーを探したい","新サービスの提供地域を広げるため、共同提案や販売連携が可能な企業を探しています。","安全管理方針の強化","新サービスの販売パートナーを探したい","新サービスの提供地域を広げるため、共同提案や販売連携が可能な企業を探しています。","事業開発","中","true","事業推進部","部長","90","false","情報収集中","2026-08-30","true","本データはデモ用途の架空企業です。実在の企業・団体とは関係ありません。"
"FC-01676","株式会社フォーカスコミュニティソリューションズ","株式会社 フォーカス コミュニティ ソリューションズ","compound_services","複合サービス事業","和歌山県","未来市","1963","46","小規模","690","地域共同サービス","https://example.invalid/compound_services/076","現場の安全管理と品質記録を強化したい","点検記録と事故予防の仕組みを見直しており、導入負担の小さい安全管理提案を受け付けています。","業務提携の締結","現場の安全管理と品質記録を強化したい","点検記録と事故予防の仕組みを見直しており、導入負担の小さい安全管理提案を受け付けています。","安全・品質","高","true","事業推進部","課長","62","false","アプローチ準備中","2026-08-30","true","本データはデモ用途の架空企業です。実在の企業・団体とは関係ありません。"
"FC-01677","合同会社フォーカスコミュニティパートナーズ","合同会社 フォーカス コミュニティ パートナーズ","compound_services","複合サービス事業","香川県","中央市","1974","99","中小企業","1584","会員向け複合事業","https://example.invalid/compound_services/077","手作業と紙中心の業務をデジタル化したい","部門間の情報共有が手作業になっているため、現場へ定着しやすい業務システムの提案を募集しています。","設備更新予算の増額","手作業と紙中心の業務をデジタル化したい","部門間の情報共有が手作業になっているため、現場へ定着しやすい業務システムの提案を募集しています。","DX・IT","低","true","事業推進部","責任者","79","false","未対応","2026-08-30","true","本データはデモ用途の架空企業です。実在の企業・団体とは関係ありません。"
"FC-01678","株式会社フォーカスコミュニティワークス","株式会社 フォーカス コミュニティ ワークス","compound_services","複合サービス事業","大分県","緑市","1985","786","中堅企業","13362","共同購買・業務支援","https://example.invalid/compound_services/078","在庫差異と配送負担を減らしたい","在庫状況の把握に時間がかかっており、入出庫と配送計画を改善する提案を募集しています。","省エネ投資の開始","在庫差異と配送負担を減らしたい","在庫状況の把握に時間がかかっており、入出庫と配送計画を改善する提案を募集しています。","物流・在庫","中","true","事業推進部","企画担当","96","false","情報収集中","2026-08-30","true","本データはデモ用途の架空企業です。実在の企業・団体とは関係ありません。"
"FC-01679","合同会社フォーカスコミュニティグループ","合同会社 フォーカス コミュニティ グループ","compound_services","複合サービス事業","宮城県","さくら市","1996","3123","大企業","56214","地域共同サービス","https://example.invalid/compound_services/079","エネルギー・運用費を削減したい","拠点運営費が増加しているため、効果を測定できる省エネ・コスト削減策を求めています。","新サービスの発表","エネルギー・運用費を削減したい","拠点運営費が増加しているため、効果を測定できる省エネ・コスト削減策を求めています。","コスト削減","高","true","事業推進部","部長","68","false","アプローチ準備中","2026-08-30","true","本データはデモ用途の架空企業です。実在の企業・団体とは関係ありません。"
"FC-01680","株式会社フォーカスコミュニティコーポレーション","株式会社 フォーカス コミュニティ コーポレーション","compound_services","複合サービス事業","埼玉県","ひかり市","2007","42","小規模","798","会員向け複合事業","https://example.invalid/compound_services/080","設備の老朽化と保守負担を減らしたい","既存設備の故障と保守工数が増えており、更新計画と運用改善を一緒に提案できる企業を探しています。","新拠点の開設計画","設備の老朽化と保守負担を減らしたい","既存設備の故障と保守工数が増えており、更新計画と運用改善を一緒に提案できる企業を探しています。","設備・施設","低","true","事業推進部","課長","85","false","未対応","2026-08-30","true","本データはデモ用途の架空企業です。実在の企業・団体とは関係ありません。"
"FC-01681","合同会社ビジョンコミュニティソリューションズ","合同会社 ビジョン コミュニティ ソリューションズ","compound_services","複合サービス事業","福井県","あおば市","2018","247","中小企業","4940","共同購買・業務支援","https://example.invalid/compound_services/081","問い合わせと顧客対応を効率化したい","問い合わせ情報が複数部署に分散しており、対応状況を一元管理できる仕組みを探しています。","人員採用の拡大","問い合わせと顧客対応を効率化したい","問い合わせ情報が複数部署に分散しており、対応状況を一元管理できる仕組みを探しています。","営業・顧客管理","中","true","事業推進部","責任者","57","false","情報収集中","2026-08-30","true","本データはデモ用途の架空企業です。実在の企業・団体とは関係ありません。"
"FC-01682","株式会社ビジョンコミュニティパートナーズ","株式会社 ビジョン コミュニティ パートナーズ","compound_services","複合サービス事業","滋賀県","若葉市","1961","934","中堅企業","19614","地域共同サービス","https://example.invalid/compound_services/082","採用後の教育と定着を改善したい","人員拡大に対して教育担当者が不足しており、研修の標準化と定着支援を相談したいです。","既存施設の改修","採用後の教育と定着を改善したい","人員拡大に対して教育担当者が不足しており、研修の標準化と定着支援を相談したいです。","人材・労務","高","true","事業推進部","企画担当","74","false","アプローチ準備中","2026-08-30","true","本データはデモ用途の架空企業です。実在の企業・団体とは関係ありません。"
"FC-01683","合同会社ビジョンコミュニティワークス","合同会社 ビジョン コミュニティ ワークス","compound_services","複合サービス事業","島根県","豊栄市","1972","3271","大企業","71962","会員向け複合事業","https://example.invalid/compound_services/083","新サービスの販売パートナーを探したい","新サービスの提供地域を広げるため、共同提案や販売連携が可能な企業を探しています。","事業エリアの拡大","新サービスの販売パートナーを探したい","新サービスの提供地域を広げるため、共同提案や販売連携が可能な企業を探しています。","事業開発","低","true","事業推進部","部長","91","true","未対応","2026-08-30","true","本データはデモ用途の架空企業です。実在の企業・団体とは関係ありません。"
"FC-01684","株式会社ビジョンコミュニティグループ","株式会社 ビジョン コミュニティ グループ","compound_services","複合サービス事業","高知県","清流市","1983","38","小規模","874","共同購買・業務支援","https://example.invalid/compound_services/084","現場の安全管理と品質記録を強化したい","点検記録と事故予防の仕組みを見直しており、導入負担の小さい安全管理提案を受け付けています。","DX推進組織の新設","現場の安全管理と品質記録を強化したい","点検記録と事故予防の仕組みを見直しており、導入負担の小さい安全管理提案を受け付けています。","安全・品質","中","true","事業推進部","課長","63","false","情報収集中","2026-08-30","true","本データはデモ用途の架空企業です。実在の企業・団体とは関係ありません。"
"FC-01685","合同会社ビジョンコミュニティコーポレーション","合同会社 ビジョン コミュニティ コーポレーション","compound_services","複合サービス事業","鹿児島県","旭市","1994","145","中小企業","3480","地域共同サービス","https://example.invalid/compound_services/085","手作業と紙中心の業務をデジタル化したい","部門間の情報共有が手作業になっているため、現場へ定着しやすい業務システムの提案を募集しています。","安全管理方針の強化","手作業と紙中心の業務をデジタル化したい","部門間の情報共有が手作業になっているため、現場へ定着しやすい業務システムの提案を募集しています。","DX・IT","高","true","事業推進部","責任者","80","false","アプローチ準備中","2026-08-30","true","本データはデモ用途の架空企業です。実在の企業・団体とは関係ありません。"
"FC-01686","株式会社コアコミュニティソリューションズ","株式会社 コア コミュニティ ソリューションズ","compound_services","複合サービス事業","山形県","みなと市","2005","382","中堅企業","9550","会員向け複合事業","https://example.invalid/compound_services/086","在庫差異と配送負担を減らしたい","在庫状況の把握に時間がかかっており、入出庫と配送計画を改善する提案を募集しています。","業務提携の締結","在庫差異と配送負担を減らしたい","在庫状況の把握に時間がかかっており、入出庫と配送計画を改善する提案を募集しています。","物流・在庫","低","true","事業推進部","企画担当","97","false","未対応","2026-08-30","true","本データはデモ用途の架空企業です。実在の企業・団体とは関係ありません。"
"FC-01687","合同会社コアコミュニティパートナーズ","合同会社 コア コミュニティ パートナーズ","compound_services","複合サービス事業","東京都","高台市","2016","3419","大企業","88894","共同購買・業務支援","https://example.invalid/compound_services/087","エネルギー・運用費を削減したい","拠点運営費が増加しているため、効果を測定できる省エネ・コスト削減策を求めています。","設備更新予算の増額","エネルギー・運用費を削減したい","拠点運営費が増加しているため、効果を測定できる省エネ・コスト削減策を求めています。","コスト削減","中","true","事業推進部","部長","69","false","情報収集中","2026-08-30","true","本データはデモ用途の架空企業です。実在の企業・団体とは関係ありません。"
"FC-01688","株式会社コアコミュニティワークス","株式会社 コア コミュニティ ワークス","compound_services","複合サービス事業","長野県","新生市","1959","34","小規模","918","地域共同サービス","https://example.invalid/compound_services/088","設備の老朽化と保守負担を減らしたい","既存設備の故障と保守工数が増えており、更新計画と運用改善を一緒に提案できる企業を探しています。","省エネ投資の開始","設備の老朽化と保守負担を減らしたい","既存設備の故障と保守工数が増えており、更新計画と運用改善を一緒に提案できる企業を探しています。","設備・施設","高","true","事業推進部","課長","86","false","アプローチ準備中","2026-08-30","true","本データはデモ用途の架空企業です。実在の企業・団体とは関係ありません。"
"FC-01689","合同会社コアコミュニティグループ","合同会社 コア コミュニティ グループ","compound_services","複合サービス事業","大阪府","平和市","1970","293","中小企業","8204","会員向け複合事業","https://example.invalid/compound_services/089","問い合わせと顧客対応を効率化したい","問い合わせ情報が複数部署に分散しており、対応状況を一元管理できる仕組みを探しています。","新サービスの発表","問い合わせと顧客対応を効率化したい","問い合わせ情報が複数部署に分散しており、対応状況を一元管理できる仕組みを探しています。","営業・顧客管理","低","true","事業推進部","責任者","58","false","未対応","2026-08-30","true","本データはデモ用途の架空企業です。実在の企業・団体とは関係ありません。"
"FC-01690","株式会社コアコミュニティコーポレーション","株式会社 コア コミュニティ コーポレーション","compound_services","複合サービス事業","広島県","希望市","1981","530","中堅企業","15370","共同購買・業務支援","https://example.invalid/compound_services/090","採用後の教育と定着を改善したい","人員拡大に対して教育担当者が不足しており、研修の標準化と定着支援を相談したいです。","新拠点の開設計画","採用後の教育と定着を改善したい","人員拡大に対して教育担当者が不足しており、研修の標準化と定着支援を相談したいです。","人材・労務","中","true","事業推進部","企画担当","75","false","情報収集中","2026-08-30","true","本データはデモ用途の架空企業です。実在の企業・団体とは関係ありません。"
"FC-01691","合同会社アドバンスコミュニティソリューションズ","合同会社 アドバンス コミュニティ ソリューションズ","compound_services","複合サービス事業","佐賀県","文化市","1992","3567","大企業","39237","地域共同サービス","https://example.invalid/compound_services/091","新サービスの販売パートナーを探したい","新サービスの提供地域を広げるため、共同提案や販売連携が可能な企業を探しています。","人員採用の拡大","新サービスの販売パートナーを探したい","新サービスの提供地域を広げるため、共同提案や販売連携が可能な企業を探しています。","事業開発","高","true","事業推進部","部長","92","false","アプローチ準備中","2026-08-30","true","本データはデモ用途の架空企業です。実在の企業・団体とは関係ありません。"
"FC-01692","株式会社アドバンスコミュニティパートナーズ","株式会社 アドバンス コミュニティ パートナーズ","compound_services","複合サービス事業","北海道","産業市","2003","30","小規模","360","会員向け複合事業","https://example.invalid/compound_services/092","現場の安全管理と品質記録を強化したい","点検記録と事故予防の仕組みを見直しており、導入負担の小さい安全管理提案を受け付けています。","既存施設の改修","現場の安全管理と品質記録を強化したい","点検記録と事故予防の仕組みを見直しており、導入負担の小さい安全管理提案を受け付けています。","安全・品質","低","true","事業推進部","課長","64","false","未対応","2026-08-30","true","本データはデモ用途の架空企業です。実在の企業・団体とは関係ありません。"
"FC-01693","合同会社アドバンスコミュニティワークス","合同会社 アドバンス コミュニティ ワークス","compound_services","複合サービス事業","茨城県","学園市","2014","191","中小企業","2483","共同購買・業務支援","https://example.invalid/compound_services/093","手作業と紙中心の業務をデジタル化したい","部門間の情報共有が手作業になっているため、現場へ定着しやすい業務システムの提案を募集しています。","事業エリアの拡大","手作業と紙中心の業務をデジタル化したい","部門間の情報共有が手作業になっているため、現場へ定着しやすい業務システムの提案を募集しています。","DX・IT","中","true","事業推進部","責任者","81","false","情報収集中","2026-08-30","true","本データはデモ用途の架空企業です。実在の企業・団体とは関係ありません。"
"FC-01694","株式会社アドバンスコミュニティグループ","株式会社 アドバンス コミュニティ グループ","compound_services","複合サービス事業","新潟県","泉市","1957","678","中堅企業","9492","地域共同サービス","https://example.invalid/compound_services/094","在庫差異と配送負担を減らしたい","在庫状況の把握に時間がかかっており、入出庫と配送計画を改善する提案を募集しています。","DX推進組織の新設","在庫差異と配送負担を減らしたい","在庫状況の把握に時間がかかっており、入出庫と配送計画を改善する提案を募集しています。","物流・在庫","高","true","事業推進部","企画担当","98","false","アプローチ準備中","2026-08-30","true","本データはデモ用途の架空企業です。実在の企業・団体とは関係ありません。"
"FC-01695","合同会社アドバンスコミュニティコーポレーション","合同会社 アドバンス コミュニティ コーポレーション","compound_services","複合サービス事業","静岡県","丘陵市","1968","3715","大企業","55725","会員向け複合事業","https://example.invalid/compound_services/095","エネルギー・運用費を削減したい","拠点運営費が増加しているため、効果を測定できる省エネ・コスト削減策を求めています。","安全管理方針の強化","エネルギー・運用費を削減したい","拠点運営費が増加しているため、効果を測定できる省エネ・コスト削減策を求めています。","コスト削減","低","true","事業推進部","部長","70","false","未対応","2026-08-30","true","本データはデモ用途の架空企業です。実在の企業・団体とは関係ありません。"
"FC-01696","株式会社インテグラコミュニティソリューションズ","株式会社 インテグラ コミュニティ ソリューションズ","compound_services","複合サービス事業","奈良県","未来市","1979","26","小規模","416","共同購買・業務支援","https://example.invalid/compound_services/096","設備の老朽化と保守負担を減らしたい","既存設備の故障と保守工数が増えており、更新計画と運用改善を一緒に提案できる企業を探しています。","業務提携の締結","設備の老朽化と保守負担を減らしたい","既存設備の故障と保守工数が増えており、更新計画と運用改善を一緒に提案できる企業を探しています。","設備・施設","中","true","事業推進部","課長","87","false","情報収集中","2026-08-30","true","本データはデモ用途の架空企業です。実在の企業・団体とは関係ありません。"
"FC-01697","合同会社インテグラコミュニティパートナーズ","合同会社 インテグラ コミュニティ パートナーズ","compound_services","複合サービス事業","徳島県","中央市","1990","89","中小企業","1513","地域共同サービス","https://example.invalid/compound_services/097","問い合わせと顧客対応を効率化したい","問い合わせ情報が複数部署に分散しており、対応状況を一元管理できる仕組みを探しています。","設備更新予算の増額","問い合わせと顧客対応を効率化したい","問い合わせ情報が複数部署に分散しており、対応状況を一元管理できる仕組みを探しています。","営業・顧客管理","高","true","事業推進部","責任者","59","false","アプローチ準備中","2026-08-30","true","本データはデモ用途の架空企業です。実在の企業・団体とは関係ありません。"
"FC-01698","株式会社インテグラコミュニティワークス","株式会社 インテグラ コミュニティ ワークス","compound_services","複合サービス事業","熊本県","緑市","2001","826","中堅企業","14868","会員向け複合事業","https://example.invalid/compound_services/098","採用後の教育と定着を改善したい","人員拡大に対して教育担当者が不足しており、研修の標準化と定着支援を相談したいです。","省エネ投資の開始","採用後の教育と定着を改善したい","人員拡大に対して教育担当者が不足しており、研修の標準化と定着支援を相談したいです。","人材・労務","低","true","事業推進部","企画担当","76","false","未対応","2026-08-30","true","本データはデモ用途の架空企業です。実在の企業・団体とは関係ありません。"
"FC-01699","合同会社インテグラコミュニティグループ","合同会社 インテグラ コミュニティ グループ","compound_services","複合サービス事業","岩手県","さくら市","2012","3863","大企業","73397","共同購買・業務支援","https://example.invalid/compound_services/099","新サービスの販売パートナーを探したい","新サービスの提供地域を広げるため、共同提案や販売連携が可能な企業を探しています。","新サービスの発表","新サービスの販売パートナーを探したい","新サービスの提供地域を広げるため、共同提案や販売連携が可能な企業を探しています。","事業開発","中","true","事業推進部","部長","93","false","情報収集中","2026-08-30","true","本データはデモ用途の架空企業です。実在の企業・団体とは関係ありません。"
"FC-01700","株式会社インテグラコミュニティコーポレーション","株式会社 インテグラ コミュニティ コーポレーション","compound_services","複合サービス事業","群馬県","ひかり市","1955","22","小規模","440","地域共同サービス","https://example.invalid/compound_services/100","現場の安全管理と品質記録を強化したい","点検記録と事故予防の仕組みを見直しており、導入負担の小さい安全管理提案を受け付けています。","新拠点の開設計画","現場の安全管理と品質記録を強化したい","点検記録と事故予防の仕組みを見直しており、導入負担の小さい安全管理提案を受け付けています。","安全・品質","高","true","事業推進部","課長","65","true","アプローチ準備中","2026-08-30","true","本データはデモ用途の架空企業です。実在の企業・団体とは関係ありません。"
"FC-01701","合同会社アークオペレーションソリューションズ","合同会社 アーク オペレーション ソリューションズ","business_services","その他事業サービス業","石川県","あおば市","1966","237","中小企業","4977","BPO・業務受託","https://example.invalid/business_services/001","手作業と紙中心の業務をデジタル化したい","部門間の情報共有が手作業になっているため、現場へ定着しやすい業務システムの提案を募集しています。","人員採用の拡大","手作業と紙中心の業務をデジタル化したい","部門間の情報共有が手作業になっているため、現場へ定着しやすい業務システムの提案を募集しています。","DX・IT","低","true","オペレーション部","責任者","82","false","未対応","2026-08-30","true","本データはデモ用途の架空企業です。実在の企業・団体とは関係ありません。"
"FC-01702","株式会社アークオペレーションパートナーズ","株式会社 アーク オペレーション パートナーズ","business_services","その他事業サービス業","三重県","若葉市","1977","974","中堅企業","21428","警備・施設管理","https://example.invalid/business_services/002","在庫差異と配送負担を減らしたい","在庫状況の把握に時間がかかっており、入出庫と配送計画を改善する提案を募集しています。","既存施設の改修","在庫差異と配送負担を減らしたい","在庫状況の把握に時間がかかっており、入出庫と配送計画を改善する提案を募集しています。","物流・在庫","中","true","オペレーション部","企画担当","99","false","情報収集中","2026-08-30","true","本データはデモ用途の架空企業です。実在の企業・団体とは関係ありません。"
"FC-01703","合同会社アークオペレーションワークス","合同会社 アーク オペレーション ワークス","business_services","その他事業サービス業","鳥取県","豊栄市","1988","4011","大企業","92253","人材・運営支援","https://example.invalid/business_services/003","エネルギー・運用費を削減したい","拠点運営費が増加しているため、効果を測定できる省エネ・コスト削減策を求めています。","事業エリアの拡大","エネルギー・運用費を削減したい","拠点運営費が増加しているため、効果を測定できる省エネ・コスト削減策を求めています。","コスト削減","高","true","オペレーション部","部長","71","false","アプローチ準備中","2026-08-30","true","本データはデモ用途の架空企業です。実在の企業・団体とは関係ありません。"
"FC-01704","株式会社アークオペレーショングループ","株式会社 アーク オペレーション グループ","business_services","その他事業サービス業","愛媛県","清流市","1999","18","小規模","432","BPO・業務受託","https://example.invalid/business_services/004","設備の老朽化と保守負担を減らしたい","既存設備の故障と保守工数が増えており、更新計画と運用改善を一緒に提案できる企業を探しています。","DX推進組織の新設","設備の老朽化と保守負担を減らしたい","既存設備の故障と保守工数が増えており、更新計画と運用改善を一緒に提案できる企業を探しています。","設備・施設","低","true","オペレーション部","課長","88","false","未対応","2026-08-30","true","本データはデモ用途の架空企業です。実在の企業・団体とは関係ありません。"
"FC-01705","合同会社アークオペレーションコーポレーション","合同会社 アーク オペレーション コーポレーション","business_services","その他事業サービス業","宮崎県","旭市","2010","135","中小企業","3375","警備・施設管理","https://example.invalid/business_services/005","問い合わせと顧客対応を効率化したい","問い合わせ情報が複数部署に分散しており、対応状況を一元管理できる仕組みを探しています。","安全管理方針の強化","問い合わせと顧客対応を効率化したい","問い合わせ情報が複数部署に分散しており、対応状況を一元管理できる仕組みを探しています。","営業・顧客管理","中","true","オペレーション部","責任者","60","false","情報収集中","2026-08-30","true","本データはデモ用途の架空企業です。実在の企業・団体とは関係ありません。"
"FC-01706","株式会社ネクサスオペレーションソリューションズ","株式会社 ネクサス オペレーション ソリューションズ","business_services","その他事業サービス業","秋田県","みなと市","2021","422","中堅企業","10972","人材・運営支援","https://example.invalid/business_services/006","採用後の教育と定着を改善したい","人員拡大に対して教育担当者が不足しており、研修の標準化と定着支援を相談したいです。","業務提携の締結","採用後の教育と定着を改善したい","人員拡大に対して教育担当者が不足しており、研修の標準化と定着支援を相談したいです。","人材・労務","高","true","オペレーション部","企画担当","77","false","アプローチ準備中","2026-08-30","true","本データはデモ用途の架空企業です。実在の企業・団体とは関係ありません。"
"FC-01707","合同会社ネクサスオペレーションパートナーズ","合同会社 ネクサス オペレーション パートナーズ","business_services","その他事業サービス業","千葉県","高台市","1964","4159","大企業","112293","BPO・業務受託","https://example.invalid/business_services/007","新サービスの販売パートナーを探したい","新サービスの提供地域を広げるため、共同提案や販売連携が可能な企業を探しています。","設備更新予算の増額","新サービスの販売パートナーを探したい","新サービスの提供地域を広げるため、共同提案や販売連携が可能な企業を探しています。","事業開発","低","true","オペレーション部","部長","94","false","未対応","2026-08-30","true","本データはデモ用途の架空企業です。実在の企業・団体とは関係ありません。"
"FC-01708","株式会社ネクサスオペレーションワークス","株式会社 ネクサス オペレーション ワークス","business_services","その他事業サービス業","山梨県","新生市","1975","14","小規模","392","警備・施設管理","https://example.invalid/business_services/008","現場の安全管理と品質記録を強化したい","点検記録と事故予防の仕組みを見直しており、導入負担の小さい安全管理提案を受け付けています。","省エネ投資の開始","現場の安全管理と品質記録を強化したい","点検記録と事故予防の仕組みを見直しており、導入負担の小さい安全管理提案を受け付けています。","安全・品質","中","true","オペレーション部","課長","66","false","情報収集中","2026-08-30","true","本データはデモ用途の架空企業です。実在の企業・団体とは関係ありません。"
"FC-01709","合同会社ネクサスオペレーショングループ","合同会社 ネクサス オペレーション グループ","business_services","その他事業サービス業","京都府","平和市","1986","283","中小企業","8207","人材・運営支援","https://example.invalid/business_services/009","手作業と紙中心の業務をデジタル化したい","部門間の情報共有が手作業になっているため、現場へ定着しやすい業務システムの提案を募集しています。","新サービスの発表","手作業と紙中心の業務をデジタル化したい","部門間の情報共有が手作業になっているため、現場へ定着しやすい業務システムの提案を募集しています。","DX・IT","高","true","オペレーション部","責任者","83","false","アプローチ準備中","2026-08-30","true","本データはデモ用途の架空企業です。実在の企業・団体とは関係ありません。"
"FC-01710","株式会社ネクサスオペレーションコーポレーション","株式会社 ネクサス オペレーション コーポレーション","business_services","その他事業サービス業","岡山県","希望市","1997","570","中堅企業","6270","BPO・業務受託","https://example.invalid/business_services/010","在庫差異と配送負担を減らしたい","在庫状況の把握に時間がかかっており、入出庫と配送計画を改善する提案を募集しています。","新拠点の開設計画","在庫差異と配送負担を減らしたい","在庫状況の把握に時間がかかっており、入出庫と配送計画を改善する提案を募集しています。","物流・在庫","低","true","オペレーション部","企画担当","55","false","未対応","2026-08-30","true","本データはデモ用途の架空企業です。実在の企業・団体とは関係ありません。"
"FC-01711","合同会社プライムオペレーションソリューションズ","合同会社 プライム オペレーション ソリューションズ","business_services","その他事業サービス業","福岡県","文化市","2008","4307","大企業","51684","警備・施設管理","https://example.invalid/business_services/011","エネルギー・運用費を削減したい","拠点運営費が増加しているため、効果を測定できる省エネ・コスト削減策を求めています。","人員採用の拡大","エネルギー・運用費を削減したい","拠点運営費が増加しているため、効果を測定できる省エネ・コスト削減策を求めています。","コスト削減","中","true","オペレーション部","部長","72","false","情報収集中","2026-08-30","true","本データはデモ用途の架空企業です。実在の企業・団体とは関係ありません。"
"FC-01712","株式会社プライムオペレーションパートナーズ","株式会社 プライム オペレーション パートナーズ","business_services","その他事業サービス業","沖縄県","産業市","2019","48","小規模","624","人材・運営支援","https://example.invalid/business_services/012","設備の老朽化と保守負担を減らしたい","既存設備の故障と保守工数が増えており、更新計画と運用改善を一緒に提案できる企業を探しています。","既存施設の改修","設備の老朽化と保守負担を減らしたい","既存設備の故障と保守工数が増えており、更新計画と運用改善を一緒に提案できる企業を探しています。","設備・施設","高","true","オペレーション部","課長","89","false","アプローチ準備中","2026-08-30","true","本データはデモ用途の架空企業です。実在の企業・団体とは関係ありません。"
"FC-01713","合同会社プライムオペレーションワークス","合同会社 プライム オペレーション ワークス","business_services","その他事業サービス業","福島県","学園市","1962","181","中小企業","2534","BPO・業務受託","https://example.invalid/business_services/013","問い合わせと顧客対応を効率化したい","問い合わせ情報が複数部署に分散しており、対応状況を一元管理できる仕組みを探しています。","事業エリアの拡大","問い合わせと顧客対応を効率化したい","問い合わせ情報が複数部署に分散しており、対応状況を一元管理できる仕組みを探しています。","営業・顧客管理","低","true","オペレーション部","責任者","61","false","未対応","2026-08-30","true","本データはデモ用途の架空企業です。実在の企業・団体とは関係ありません。"
"FC-01714","株式会社プライムオペレーショングループ","株式会社 プライム オペレーション グループ","business_services","その他事業サービス業","神奈川県","泉市","1973","718","中堅企業","10770","警備・施設管理","https://example.invalid/business_services/014","採用後の教育と定着を改善したい","人員拡大に対して教育担当者が不足しており、研修の標準化と定着支援を相談したいです。","DX推進組織の新設","採用後の教育と定着を改善したい","人員拡大に対して教育担当者が不足しており、研修の標準化と定着支援を相談したいです。","人材・労務","中","true","オペレーション部","企画担当","78","false","情報収集中","2026-08-30","true","本データはデモ用途の架空企業です。実在の企業・団体とは関係ありません。"
"FC-01715","合同会社プライムオペレーションコーポレーション","合同会社 プライム オペレーション コーポレーション","business_services","その他事業サービス業","岐阜県","丘陵市","1984","4455","大企業","71280","人材・運営支援","https://example.invalid/business_services/015","新サービスの販売パートナーを探したい","新サービスの提供地域を広げるため、共同提案や販売連携が可能な企業を探しています。","安全管理方針の強化","新サービスの販売パートナーを探したい","新サービスの提供地域を広げるため、共同提案や販売連携が可能な企業を探しています。","事業開発","高","true","オペレーション部","部長","95","false","アプローチ準備中","2026-08-30","true","本データはデモ用途の架空企業です。実在の企業・団体とは関係ありません。"
"FC-01716","株式会社オルビスオペレーションソリューションズ","株式会社 オルビス オペレーション ソリューションズ","business_services","その他事業サービス業","兵庫県","未来市","1995","44","小規模","748","BPO・業務受託","https://example.invalid/business_services/016","現場の安全管理と品質記録を強化したい","点検記録と事故予防の仕組みを見直しており、導入負担の小さい安全管理提案を受け付けています。","業務提携の締結","現場の安全管理と品質記録を強化したい","点検記録と事故予防の仕組みを見直しており、導入負担の小さい安全管理提案を受け付けています。","安全・品質","低","true","オペレーション部","課長","67","false","未対応","2026-08-30","true","本データはデモ用途の架空企業です。実在の企業・団体とは関係ありません。"
"FC-01717","合同会社オルビスオペレーションパートナーズ","合同会社 オルビス オペレーション パートナーズ","business_services","その他事業サービス業","山口県","中央市","2006","79","中小企業","1422","警備・施設管理","https://example.invalid/business_services/017","手作業と紙中心の業務をデジタル化したい","部門間の情報共有が手作業になっているため、現場へ定着しやすい業務システムの提案を募集しています。","設備更新予算の増額","手作業と紙中心の業務をデジタル化したい","部門間の情報共有が手作業になっているため、現場へ定着しやすい業務システムの提案を募集しています。","DX・IT","中","true","オペレーション部","責任者","84","true","情報収集中","2026-08-30","true","本データはデモ用途の架空企業です。実在の企業・団体とは関係ありません。"
"FC-01718","株式会社オルビスオペレーションワークス","株式会社 オルビス オペレーション ワークス","business_services","その他事業サービス業","長崎県","緑市","2017","866","中堅企業","16454","人材・運営支援","https://example.invalid/business_services/018","在庫差異と配送負担を減らしたい","在庫状況の把握に時間がかかっており、入出庫と配送計画を改善する提案を募集しています。","省エネ投資の開始","在庫差異と配送負担を減らしたい","在庫状況の把握に時間がかかっており、入出庫と配送計画を改善する提案を募集しています。","物流・在庫","高","true","オペレーション部","企画担当","56","false","アプローチ準備中","2026-08-30","true","本データはデモ用途の架空企業です。実在の企業・団体とは関係ありません。"
"FC-01719","合同会社オルビスオペレーショングループ","合同会社 オルビス オペレーション グループ","business_services","その他事業サービス業","青森県","さくら市","1960","4603","大企業","92060","BPO・業務受託","https://example.invalid/business_services/019","エネルギー・運用費を削減したい","拠点運営費が増加しているため、効果を測定できる省エネ・コスト削減策を求めています。","新サービスの発表","エネルギー・運用費を削減したい","拠点運営費が増加しているため、効果を測定できる省エネ・コスト削減策を求めています。","コスト削減","低","true","オペレーション部","部長","73","false","未対応","2026-08-30","true","本データはデモ用途の架空企業です。実在の企業・団体とは関係ありません。"
"FC-01720","株式会社オルビスオペレーションコーポレーション","株式会社 オルビス オペレーション コーポレーション","business_services","その他事業サービス業","栃木県","ひかり市","1971","40","小規模","840","警備・施設管理","https://example.invalid/business_services/020","設備の老朽化と保守負担を減らしたい","既存設備の故障と保守工数が増えており、更新計画と運用改善を一緒に提案できる企業を探しています。","新拠点の開設計画","設備の老朽化と保守負担を減らしたい","既存設備の故障と保守工数が増えており、更新計画と運用改善を一緒に提案できる企業を探しています。","設備・施設","中","true","オペレーション部","課長","90","false","情報収集中","2026-08-30","true","本データはデモ用途の架空企業です。実在の企業・団体とは関係ありません。"
"FC-01721","合同会社ノヴァオペレーションソリューションズ","合同会社 ノヴァ オペレーション ソリューションズ","business_services","その他事業サービス業","富山県","あおば市","1982","227","中小企業","4994","人材・運営支援","https://example.invalid/business_services/021","問い合わせと顧客対応を効率化したい","問い合わせ情報が複数部署に分散しており、対応状況を一元管理できる仕組みを探しています。","人員採用の拡大","問い合わせと顧客対応を効率化したい","問い合わせ情報が複数部署に分散しており、対応状況を一元管理できる仕組みを探しています。","営業・顧客管理","高","true","オペレーション部","責任者","62","false","アプローチ準備中","2026-08-30","true","本データはデモ用途の架空企業です。実在の企業・団体とは関係ありません。"
"FC-01722","株式会社ノヴァオペレーションパートナーズ","株式会社 ノヴァ オペレーション パートナーズ","business_services","その他事業サービス業","愛知県","若葉市","1993","314","中堅企業","7222","BPO・業務受託","https://example.invalid/business_services/022","採用後の教育と定着を改善したい","人員拡大に対して教育担当者が不足しており、研修の標準化と定着支援を相談したいです。","既存施設の改修","採用後の教育と定着を改善したい","人員拡大に対して教育担当者が不足しており、研修の標準化と定着支援を相談したいです。","人材・労務","低","true","オペレーション部","企画担当","79","false","未対応","2026-08-30","true","本データはデモ用途の架空企業です。実在の企業・団体とは関係ありません。"
"FC-01723","合同会社ノヴァオペレーションワークス","合同会社 ノヴァ オペレーション ワークス","business_services","その他事業サービス業","和歌山県","豊栄市","2004","4751","大企業","114024","警備・施設管理","https://example.invalid/business_services/023","新サービスの販売パートナーを探したい","新サービスの提供地域を広げるため、共同提案や販売連携が可能な企業を探しています。","事業エリアの拡大","新サービスの販売パートナーを探したい","新サービスの提供地域を広げるため、共同提案や販売連携が可能な企業を探しています。","事業開発","中","true","オペレーション部","部長","96","false","情報収集中","2026-08-30","true","本データはデモ用途の架空企業です。実在の企業・団体とは関係ありません。"
"FC-01724","株式会社ノヴァオペレーショングループ","株式会社 ノヴァ オペレーション グループ","business_services","その他事業サービス業","香川県","清流市","2015","36","小規模","900","人材・運営支援","https://example.invalid/business_services/024","現場の安全管理と品質記録を強化したい","点検記録と事故予防の仕組みを見直しており、導入負担の小さい安全管理提案を受け付けています。","DX推進組織の新設","現場の安全管理と品質記録を強化したい","点検記録と事故予防の仕組みを見直しており、導入負担の小さい安全管理提案を受け付けています。","安全・品質","高","true","オペレーション部","課長","68","false","アプローチ準備中","2026-08-30","true","本データはデモ用途の架空企業です。実在の企業・団体とは関係ありません。"
"FC-01725","合同会社ノヴァオペレーションコーポレーション","合同会社 ノヴァ オペレーション コーポレーション","business_services","その他事業サービス業","大分県","旭市","1958","125","中小企業","3250","BPO・業務受託","https://example.invalid/business_services/025","手作業と紙中心の業務をデジタル化したい","部門間の情報共有が手作業になっているため、現場へ定着しやすい業務システムの提案を募集しています。","安全管理方針の強化","手作業と紙中心の業務をデジタル化したい","部門間の情報共有が手作業になっているため、現場へ定着しやすい業務システムの提案を募集しています。","DX・IT","低","true","オペレーション部","責任者","85","false","未対応","2026-08-30","true","本データはデモ用途の架空企業です。実在の企業・団体とは関係ありません。"
"FC-01726","株式会社ユニゾンオペレーションソリューションズ","株式会社 ユニゾン オペレーション ソリューションズ","business_services","その他事業サービス業","宮城県","みなと市","1969","462","中堅企業","12474","警備・施設管理","https://example.invalid/business_services/026","在庫差異と配送負担を減らしたい","在庫状況の把握に時間がかかっており、入出庫と配送計画を改善する提案を募集しています。","業務提携の締結","在庫差異と配送負担を減らしたい","在庫状況の把握に時間がかかっており、入出庫と配送計画を改善する提案を募集しています。","物流・在庫","中","true","オペレーション部","企画担当","57","false","情報収集中","2026-08-30","true","本データはデモ用途の架空企業です。実在の企業・団体とは関係ありません。"
"FC-01727","合同会社ユニゾンオペレーションパートナーズ","合同会社 ユニゾン オペレーション パートナーズ","business_services","その他事業サービス業","埼玉県","高台市","1980","4899","大企業","137172","人材・運営支援","https://example.invalid/business_services/027","エネルギー・運用費を削減したい","拠点運営費が増加しているため、効果を測定できる省エネ・コスト削減策を求めています。","設備更新予算の増額","エネルギー・運用費を削減したい","拠点運営費が増加しているため、効果を測定できる省エネ・コスト削減策を求めています。","コスト削減","高","true","オペレーション部","部長","74","false","アプローチ準備中","2026-08-30","true","本データはデモ用途の架空企業です。実在の企業・団体とは関係ありません。"
"FC-01728","株式会社ユニゾンオペレーションワークス","株式会社 ユニゾン オペレーション ワークス","business_services","その他事業サービス業","福井県","新生市","1991","32","小規模","928","BPO・業務受託","https://example.invalid/business_services/028","設備の老朽化と保守負担を減らしたい","既存設備の故障と保守工数が増えており、更新計画と運用改善を一緒に提案できる企業を探しています。","省エネ投資の開始","設備の老朽化と保守負担を減らしたい","既存設備の故障と保守工数が増えており、更新計画と運用改善を一緒に提案できる企業を探しています。","設備・施設","低","true","オペレーション部","課長","91","false","未対応","2026-08-30","true","本データはデモ用途の架空企業です。実在の企業・団体とは関係ありません。"
"FC-01729","合同会社ユニゾンオペレーショングループ","合同会社 ユニゾン オペレーション グループ","business_services","その他事業サービス業","滋賀県","平和市","2002","273","中小企業","3003","警備・施設管理","https://example.invalid/business_services/029","問い合わせと顧客対応を効率化したい","問い合わせ情報が複数部署に分散しており、対応状況を一元管理できる仕組みを探しています。","新サービスの発表","問い合わせと顧客対応を効率化したい","問い合わせ情報が複数部署に分散しており、対応状況を一元管理できる仕組みを探しています。","営業・顧客管理","中","true","オペレーション部","責任者","63","false","情報収集中","2026-08-30","true","本データはデモ用途の架空企業です。実在の企業・団体とは関係ありません。"
"FC-01730","株式会社ユニゾンオペレーションコーポレーション","株式会社 ユニゾン オペレーション コーポレーション","business_services","その他事業サービス業","島根県","希望市","2013","610","中堅企業","7320","人材・運営支援","https://example.invalid/business_services/030","採用後の教育と定着を改善したい","人員拡大に対して教育担当者が不足しており、研修の標準化と定着支援を相談したいです。","新拠点の開設計画","採用後の教育と定着を改善したい","人員拡大に対して教育担当者が不足しており、研修の標準化と定着支援を相談したいです。","人材・労務","高","true","オペレーション部","企画担当","80","false","アプローチ準備中","2026-08-30","true","本データはデモ用途の架空企業です。実在の企業・団体とは関係ありません。"
"FC-01731","合同会社ヴェリタスオペレーションソリューションズ","合同会社 ヴェリタス オペレーション ソリューションズ","business_services","その他事業サービス業","高知県","文化市","1956","1047","大企業","13611","BPO・業務受託","https://example.invalid/business_services/031","新サービスの販売パートナーを探したい","新サービスの提供地域を広げるため、共同提案や販売連携が可能な企業を探しています。","人員採用の拡大","新サービスの販売パートナーを探したい","新サービスの提供地域を広げるため、共同提案や販売連携が可能な企業を探しています。","事業開発","低","true","オペレーション部","部長","97","false","未対応","2026-08-30","true","本データはデモ用途の架空企業です。実在の企業・団体とは関係ありません。"
"FC-01732","株式会社ヴェリタスオペレーションパートナーズ","株式会社 ヴェリタス オペレーション パートナーズ","business_services","その他事業サービス業","鹿児島県","産業市","1967","28","小規模","392","警備・施設管理","https://example.invalid/business_services/032","現場の安全管理と品質記録を強化したい","点検記録と事故予防の仕組みを見直しており、導入負担の小さい安全管理提案を受け付けています。","既存施設の改修","現場の安全管理と品質記録を強化したい","点検記録と事故予防の仕組みを見直しており、導入負担の小さい安全管理提案を受け付けています。","安全・品質","中","true","オペレーション部","課長","69","false","情報収集中","2026-08-30","true","本データはデモ用途の架空企業です。実在の企業・団体とは関係ありません。"
"FC-01733","合同会社ヴェリタスオペレーションワークス","合同会社 ヴェリタス オペレーション ワークス","business_services","その他事業サービス業","山形県","学園市","1978","171","中小企業","2565","人材・運営支援","https://example.invalid/business_services/033","手作業と紙中心の業務をデジタル化したい","部門間の情報共有が手作業になっているため、現場へ定着しやすい業務システムの提案を募集しています。","事業エリアの拡大","手作業と紙中心の業務をデジタル化したい","部門間の情報共有が手作業になっているため、現場へ定着しやすい業務システムの提案を募集しています。","DX・IT","高","true","オペレーション部","責任者","86","false","アプローチ準備中","2026-08-30","true","本データはデモ用途の架空企業です。実在の企業・団体とは関係ありません。"
"FC-01734","株式会社ヴェリタスオペレーショングループ","株式会社 ヴェリタス オペレーション グループ","business_services","その他事業サービス業","東京都","泉市","1989","758","中堅企業","12128","BPO・業務受託","https://example.invalid/business_services/034","在庫差異と配送負担を減らしたい","在庫状況の把握に時間がかかっており、入出庫と配送計画を改善する提案を募集しています。","DX推進組織の新設","在庫差異と配送負担を減らしたい","在庫状況の把握に時間がかかっており、入出庫と配送計画を改善する提案を募集しています。","物流・在庫","低","true","オペレーション部","企画担当","58","true","未対応","2026-08-30","true","本データはデモ用途の架空企業です。実在の企業・団体とは関係ありません。"
"FC-01735","合同会社ヴェリタスオペレーションコーポレーション","合同会社 ヴェリタス オペレーション コーポレーション","business_services","その他事業サービス業","長野県","丘陵市","2000","1195","大企業","20315","警備・施設管理","https://example.invalid/business_services/035","エネルギー・運用費を削減したい","拠点運営費が増加しているため、効果を測定できる省エネ・コスト削減策を求めています。","安全管理方針の強化","エネルギー・運用費を削減したい","拠点運営費が増加しているため、効果を測定できる省エネ・コスト削減策を求めています。","コスト削減","中","true","オペレーション部","部長","75","false","情報収集中","2026-08-30","true","本データはデモ用途の架空企業です。実在の企業・団体とは関係ありません。"
"FC-01736","株式会社セントラルオペレーションソリューションズ","株式会社 セントラル オペレーション ソリューションズ","business_services","その他事業サービス業","大阪府","未来市","2011","24","小規模","432","人材・運営支援","https://example.invalid/business_services/036","設備の老朽化と保守負担を減らしたい","既存設備の故障と保守工数が増えており、更新計画と運用改善を一緒に提案できる企業を探しています。","業務提携の締結","設備の老朽化と保守負担を減らしたい","既存設備の故障と保守工数が増えており、更新計画と運用改善を一緒に提案できる企業を探しています。","設備・施設","高","true","オペレーション部","課長","92","false","アプローチ準備中","2026-08-30","true","本データはデモ用途の架空企業です。実在の企業・団体とは関係ありません。"
"FC-01737","合同会社セントラルオペレーションパートナーズ","合同会社 セントラル オペレーション パートナーズ","business_services","その他事業サービス業","広島県","中央市","2022","69","中小企業","1311","BPO・業務受託","https://example.invalid/business_services/037","問い合わせと顧客対応を効率化したい","問い合わせ情報が複数部署に分散しており、対応状況を一元管理できる仕組みを探しています。","設備更新予算の増額","問い合わせと顧客対応を効率化したい","問い合わせ情報が複数部署に分散しており、対応状況を一元管理できる仕組みを探しています。","営業・顧客管理","低","true","オペレーション部","責任者","64","false","未対応","2026-08-30","true","本データはデモ用途の架空企業です。実在の企業・団体とは関係ありません。"
"FC-01738","株式会社セントラルオペレーションワークス","株式会社 セントラル オペレーション ワークス","business_services","その他事業サービス業","佐賀県","緑市","1965","906","中堅企業","18120","警備・施設管理","https://example.invalid/business_services/038","採用後の教育と定着を改善したい","人員拡大に対して教育担当者が不足しており、研修の標準化と定着支援を相談したいです。","省エネ投資の開始","採用後の教育と定着を改善したい","人員拡大に対して教育担当者が不足しており、研修の標準化と定着支援を相談したいです。","人材・労務","中","true","オペレーション部","企画担当","81","false","情報収集中","2026-08-30","true","本データはデモ用途の架空企業です。実在の企業・団体とは関係ありません。"
"FC-01739","合同会社セントラルオペレーショングループ","合同会社 セントラル オペレーション グループ","business_services","その他事業サービス業","北海道","さくら市","1976","1343","大企業","28203","人材・運営支援","https://example.invalid/business_services/039","新サービスの販売パートナーを探したい","新サービスの提供地域を広げるため、共同提案や販売連携が可能な企業を探しています。","新サービスの発表","新サービスの販売パートナーを探したい","新サービスの提供地域を広げるため、共同提案や販売連携が可能な企業を探しています。","事業開発","高","true","オペレーション部","部長","98","false","アプローチ準備中","2026-08-30","true","本データはデモ用途の架空企業です。実在の企業・団体とは関係ありません。"
"FC-01740","株式会社セントラルオペレーションコーポレーション","株式会社 セントラル オペレーション コーポレーション","business_services","その他事業サービス業","茨城県","ひかり市","1987","20","小規模","440","BPO・業務受託","https://example.invalid/business_services/040","現場の安全管理と品質記録を強化したい","点検記録と事故予防の仕組みを見直しており、導入負担の小さい安全管理提案を受け付けています。","新拠点の開設計画","現場の安全管理と品質記録を強化したい","点検記録と事故予防の仕組みを見直しており、導入負担の小さい安全管理提案を受け付けています。","安全・品質","低","true","オペレーション部","課長","70","false","未対応","2026-08-30","true","本データはデモ用途の架空企業です。実在の企業・団体とは関係ありません。"
"FC-01741","合同会社エレメントオペレーションソリューションズ","合同会社 エレメント オペレーション ソリューションズ","business_services","その他事業サービス業","新潟県","あおば市","1998","217","中小企業","4991","警備・施設管理","https://example.invalid/business_services/041","手作業と紙中心の業務をデジタル化したい","部門間の情報共有が手作業になっているため、現場へ定着しやすい業務システムの提案を募集しています。","人員採用の拡大","手作業と紙中心の業務をデジタル化したい","部門間の情報共有が手作業になっているため、現場へ定着しやすい業務システムの提案を募集しています。","DX・IT","中","true","オペレーション部","責任者","87","false","情報収集中","2026-08-30","true","本データはデモ用途の架空企業です。実在の企業・団体とは関係ありません。"
"FC-01742","株式会社エレメントオペレーションパートナーズ","株式会社 エレメント オペレーション パートナーズ","business_services","その他事業サービス業","静岡県","若葉市","2009","354","中堅企業","8496","人材・運営支援","https://example.invalid/business_services/042","在庫差異と配送負担を減らしたい","在庫状況の把握に時間がかかっており、入出庫と配送計画を改善する提案を募集しています。","既存施設の改修","在庫差異と配送負担を減らしたい","在庫状況の把握に時間がかかっており、入出庫と配送計画を改善する提案を募集しています。","物流・在庫","高","true","オペレーション部","企画担当","59","false","アプローチ準備中","2026-08-30","true","本データはデモ用途の架空企業です。実在の企業・団体とは関係ありません。"
"FC-01743","合同会社エレメントオペレーションワークス","合同会社 エレメント オペレーション ワークス","business_services","その他事業サービス業","奈良県","豊栄市","2020","1491","大企業","37275","BPO・業務受託","https://example.invalid/business_services/043","エネルギー・運用費を削減したい","拠点運営費が増加しているため、効果を測定できる省エネ・コスト削減策を求めています。","事業エリアの拡大","エネルギー・運用費を削減したい","拠点運営費が増加しているため、効果を測定できる省エネ・コスト削減策を求めています。","コスト削減","低","true","オペレーション部","部長","76","false","未対応","2026-08-30","true","本データはデモ用途の架空企業です。実在の企業・団体とは関係ありません。"
"FC-01744","株式会社エレメントオペレーショングループ","株式会社 エレメント オペレーション グループ","business_services","その他事業サービス業","徳島県","清流市","1963","16","小規模","416","警備・施設管理","https://example.invalid/business_services/044","設備の老朽化と保守負担を減らしたい","既存設備の故障と保守工数が増えており、更新計画と運用改善を一緒に提案できる企業を探しています。","DX推進組織の新設","設備の老朽化と保守負担を減らしたい","既存設備の故障と保守工数が増えており、更新計画と運用改善を一緒に提案できる企業を探しています。","設備・施設","中","true","オペレーション部","課長","93","false","情報収集中","2026-08-30","true","本データはデモ用途の架空企業です。実在の企業・団体とは関係ありません。"
"FC-01745","合同会社エレメントオペレーションコーポレーション","合同会社 エレメント オペレーション コーポレーション","business_services","その他事業サービス業","熊本県","旭市","1974","115","中小企業","3105","人材・運営支援","https://example.invalid/business_services/045","問い合わせと顧客対応を効率化したい","問い合わせ情報が複数部署に分散しており、対応状況を一元管理できる仕組みを探しています。","安全管理方針の強化","問い合わせと顧客対応を効率化したい","問い合わせ情報が複数部署に分散しており、対応状況を一元管理できる仕組みを探しています。","営業・顧客管理","高","true","オペレーション部","責任者","65","false","アプローチ準備中","2026-08-30","true","本データはデモ用途の架空企業です。実在の企業・団体とは関係ありません。"
"FC-01746","株式会社クレストオペレーションソリューションズ","株式会社 クレスト オペレーション ソリューションズ","business_services","その他事業サービス業","岩手県","みなと市","1985","502","中堅企業","14056","BPO・業務受託","https://example.invalid/business_services/046","採用後の教育と定着を改善したい","人員拡大に対して教育担当者が不足しており、研修の標準化と定着支援を相談したいです。","業務提携の締結","採用後の教育と定着を改善したい","人員拡大に対して教育担当者が不足しており、研修の標準化と定着支援を相談したいです。","人材・労務","低","true","オペレーション部","企画担当","82","false","未対応","2026-08-30","true","本データはデモ用途の架空企業です。実在の企業・団体とは関係ありません。"
"FC-01747","合同会社クレストオペレーションパートナーズ","合同会社 クレスト オペレーション パートナーズ","business_services","その他事業サービス業","群馬県","高台市","1996","1639","大企業","47531","警備・施設管理","https://example.invalid/business_services/047","新サービスの販売パートナーを探したい","新サービスの提供地域を広げるため、共同提案や販売連携が可能な企業を探しています。","設備更新予算の増額","新サービスの販売パートナーを探したい","新サービスの提供地域を広げるため、共同提案や販売連携が可能な企業を探しています。","事業開発","中","true","オペレーション部","部長","99","false","情報収集中","2026-08-30","true","本データはデモ用途の架空企業です。実在の企業・団体とは関係ありません。"
"FC-01748","株式会社クレストオペレーションワークス","株式会社 クレスト オペレーション ワークス","business_services","その他事業サービス業","石川県","新生市","2007","12","小規模","132","人材・運営支援","https://example.invalid/business_services/048","現場の安全管理と品質記録を強化したい","点検記録と事故予防の仕組みを見直しており、導入負担の小さい安全管理提案を受け付けています。","省エネ投資の開始","現場の安全管理と品質記録を強化したい","点検記録と事故予防の仕組みを見直しており、導入負担の小さい安全管理提案を受け付けています。","安全・品質","高","true","オペレーション部","課長","71","false","アプローチ準備中","2026-08-30","true","本データはデモ用途の架空企業です。実在の企業・団体とは関係ありません。"
"FC-01749","合同会社クレストオペレーショングループ","合同会社 クレスト オペレーション グループ","business_services","その他事業サービス業","三重県","平和市","2018","263","中小企業","3156","BPO・業務受託","https://example.invalid/business_services/049","手作業と紙中心の業務をデジタル化したい","部門間の情報共有が手作業になっているため、現場へ定着しやすい業務システムの提案を募集しています。","新サービスの発表","手作業と紙中心の業務をデジタル化したい","部門間の情報共有が手作業になっているため、現場へ定着しやすい業務システムの提案を募集しています。","DX・IT","低","true","オペレーション部","責任者","88","false","未対応","2026-08-30","true","本データはデモ用途の架空企業です。実在の企業・団体とは関係ありません。"
"FC-01750","株式会社クレストオペレーションコーポレーション","株式会社 クレスト オペレーション コーポレーション","business_services","その他事業サービス業","鳥取県","希望市","1961","650","中堅企業","8450","警備・施設管理","https://example.invalid/business_services/050","在庫差異と配送負担を減らしたい","在庫状況の把握に時間がかかっており、入出庫と配送計画を改善する提案を募集しています。","新拠点の開設計画","在庫差異と配送負担を減らしたい","在庫状況の把握に時間がかかっており、入出庫と配送計画を改善する提案を募集しています。","物流・在庫","中","true","オペレーション部","企画担当","60","false","情報収集中","2026-08-30","true","本データはデモ用途の架空企業です。実在の企業・団体とは関係ありません。"
"FC-01751","合同会社シナジーオペレーションソリューションズ","合同会社 シナジー オペレーション ソリューションズ","business_services","その他事業サービス業","愛媛県","文化市","1972","1787","大企業","25018","人材・運営支援","https://example.invalid/business_services/051","エネルギー・運用費を削減したい","拠点運営費が増加しているため、効果を測定できる省エネ・コスト削減策を求めています。","人員採用の拡大","エネルギー・運用費を削減したい","拠点運営費が増加しているため、効果を測定できる省エネ・コスト削減策を求めています。","コスト削減","高","true","オペレーション部","部長","77","true","アプローチ準備中","2026-08-30","true","本データはデモ用途の架空企業です。実在の企業・団体とは関係ありません。"
"FC-01752","株式会社シナジーオペレーションパートナーズ","株式会社 シナジー オペレーション パートナーズ","business_services","その他事業サービス業","宮崎県","産業市","1983","46","小規模","690","BPO・業務受託","https://example.invalid/business_services/052","設備の老朽化と保守負担を減らしたい","既存設備の故障と保守工数が増えており、更新計画と運用改善を一緒に提案できる企業を探しています。","既存施設の改修","設備の老朽化と保守負担を減らしたい","既存設備の故障と保守工数が増えており、更新計画と運用改善を一緒に提案できる企業を探しています。","設備・施設","低","true","オペレーション部","課長","94","false","未対応","2026-08-30","true","本データはデモ用途の架空企業です。実在の企業・団体とは関係ありません。"
"FC-01753","合同会社シナジーオペレーションワークス","合同会社 シナジー オペレーション ワークス","business_services","その他事業サービス業","秋田県","学園市","1994","161","中小企業","2576","警備・施設管理","https://example.invalid/business_services/053","問い合わせと顧客対応を効率化したい","問い合わせ情報が複数部署に分散しており、対応状況を一元管理できる仕組みを探しています。","事業エリアの拡大","問い合わせと顧客対応を効率化したい","問い合わせ情報が複数部署に分散しており、対応状況を一元管理できる仕組みを探しています。","営業・顧客管理","中","true","オペレーション部","責任者","66","false","情報収集中","2026-08-30","true","本データはデモ用途の架空企業です。実在の企業・団体とは関係ありません。"
"FC-01754","株式会社シナジーオペレーショングループ","株式会社 シナジー オペレーション グループ","business_services","その他事業サービス業","千葉県","泉市","2005","798","中堅企業","13566","人材・運営支援","https://example.invalid/business_services/054","採用後の教育と定着を改善したい","人員拡大に対して教育担当者が不足しており、研修の標準化と定着支援を相談したいです。","DX推進組織の新設","採用後の教育と定着を改善したい","人員拡大に対して教育担当者が不足しており、研修の標準化と定着支援を相談したいです。","人材・労務","高","true","オペレーション部","企画担当","83","false","アプローチ準備中","2026-08-30","true","本データはデモ用途の架空企業です。実在の企業・団体とは関係ありません。"
"FC-01755","合同会社シナジーオペレーションコーポレーション","合同会社 シナジー オペレーション コーポレーション","business_services","その他事業サービス業","山梨県","丘陵市","2016","1935","大企業","34830","BPO・業務受託","https://example.invalid/business_services/055","新サービスの販売パートナーを探したい","新サービスの提供地域を広げるため、共同提案や販売連携が可能な企業を探しています。","安全管理方針の強化","新サービスの販売パートナーを探したい","新サービスの提供地域を広げるため、共同提案や販売連携が可能な企業を探しています。","事業開発","低","true","オペレーション部","部長","55","false","未対応","2026-08-30","true","本データはデモ用途の架空企業です。実在の企業・団体とは関係ありません。"
"FC-01756","株式会社アクセルオペレーションソリューションズ","株式会社 アクセル オペレーション ソリューションズ","business_services","その他事業サービス業","京都府","未来市","1959","42","小規模","798","警備・施設管理","https://example.invalid/business_services/056","現場の安全管理と品質記録を強化したい","点検記録と事故予防の仕組みを見直しており、導入負担の小さい安全管理提案を受け付けています。","業務提携の締結","現場の安全管理と品質記録を強化したい","点検記録と事故予防の仕組みを見直しており、導入負担の小さい安全管理提案を受け付けています。","安全・品質","中","true","オペレーション部","課長","72","false","情報収集中","2026-08-30","true","本データはデモ用途の架空企業です。実在の企業・団体とは関係ありません。"
"FC-01757","合同会社アクセルオペレーションパートナーズ","合同会社 アクセル オペレーション パートナーズ","business_services","その他事業サービス業","岡山県","中央市","1970","59","中小企業","1180","人材・運営支援","https://example.invalid/business_services/057","手作業と紙中心の業務をデジタル化したい","部門間の情報共有が手作業になっているため、現場へ定着しやすい業務システムの提案を募集しています。","設備更新予算の増額","手作業と紙中心の業務をデジタル化したい","部門間の情報共有が手作業になっているため、現場へ定着しやすい業務システムの提案を募集しています。","DX・IT","高","true","オペレーション部","責任者","89","false","アプローチ準備中","2026-08-30","true","本データはデモ用途の架空企業です。実在の企業・団体とは関係ありません。"
"FC-01758","株式会社アクセルオペレーションワークス","株式会社 アクセル オペレーション ワークス","business_services","その他事業サービス業","福岡県","緑市","1981","946","中堅企業","19866","BPO・業務受託","https://example.invalid/business_services/058","在庫差異と配送負担を減らしたい","在庫状況の把握に時間がかかっており、入出庫と配送計画を改善する提案を募集しています。","省エネ投資の開始","在庫差異と配送負担を減らしたい","在庫状況の把握に時間がかかっており、入出庫と配送計画を改善する提案を募集しています。","物流・在庫","低","true","オペレーション部","企画担当","61","false","未対応","2026-08-30","true","本データはデモ用途の架空企業です。実在の企業・団体とは関係ありません。"
"FC-01759","合同会社アクセルオペレーショングループ","合同会社 アクセル オペレーション グループ","business_services","その他事業サービス業","沖縄県","さくら市","1992","2083","大企業","45826","警備・施設管理","https://example.invalid/business_services/059","エネルギー・運用費を削減したい","拠点運営費が増加しているため、効果を測定できる省エネ・コスト削減策を求めています。","新サービスの発表","エネルギー・運用費を削減したい","拠点運営費が増加しているため、効果を測定できる省エネ・コスト削減策を求めています。","コスト削減","中","true","オペレーション部","部長","78","false","情報収集中","2026-08-30","true","本データはデモ用途の架空企業です。実在の企業・団体とは関係ありません。"
"FC-01760","株式会社アクセルオペレーションコーポレーション","株式会社 アクセル オペレーション コーポレーション","business_services","その他事業サービス業","福島県","ひかり市","2003","38","小規模","874","人材・運営支援","https://example.invalid/business_services/060","設備の老朽化と保守負担を減らしたい","既存設備の故障と保守工数が増えており、更新計画と運用改善を一緒に提案できる企業を探しています。","新拠点の開設計画","設備の老朽化と保守負担を減らしたい","既存設備の故障と保守工数が増えており、更新計画と運用改善を一緒に提案できる企業を探しています。","設備・施設","高","true","オペレーション部","課長","95","false","アプローチ準備中","2026-08-30","true","本データはデモ用途の架空企業です。実在の企業・団体とは関係ありません。"
"FC-01761","合同会社リードオペレーションソリューションズ","合同会社 リード オペレーション ソリューションズ","business_services","その他事業サービス業","神奈川県","あおば市","2014","207","中小企業","4968","BPO・業務受託","https://example.invalid/business_services/061","問い合わせと顧客対応を効率化したい","問い合わせ情報が複数部署に分散しており、対応状況を一元管理できる仕組みを探しています。","人員採用の拡大","問い合わせと顧客対応を効率化したい","問い合わせ情報が複数部署に分散しており、対応状況を一元管理できる仕組みを探しています。","営業・顧客管理","低","true","オペレーション部","責任者","67","false","未対応","2026-08-30","true","本データはデモ用途の架空企業です。実在の企業・団体とは関係ありません。"
"FC-01762","株式会社リードオペレーションパートナーズ","株式会社 リード オペレーション パートナーズ","business_services","その他事業サービス業","岐阜県","若葉市","1957","394","中堅企業","9850","警備・施設管理","https://example.invalid/business_services/062","採用後の教育と定着を改善したい","人員拡大に対して教育担当者が不足しており、研修の標準化と定着支援を相談したいです。","既存施設の改修","採用後の教育と定着を改善したい","人員拡大に対して教育担当者が不足しており、研修の標準化と定着支援を相談したいです。","人材・労務","中","true","オペレーション部","企画担当","84","false","情報収集中","2026-08-30","true","本データはデモ用途の架空企業です。実在の企業・団体とは関係ありません。"
"FC-01763","合同会社リードオペレーションワークス","合同会社 リード オペレーション ワークス","business_services","その他事業サービス業","兵庫県","豊栄市","1968","2231","大企業","58006","人材・運営支援","https://example.invalid/business_services/063","新サービスの販売パートナーを探したい","新サービスの提供地域を広げるため、共同提案や販売連携が可能な企業を探しています。","事業エリアの拡大","新サービスの販売パートナーを探したい","新サービスの提供地域を広げるため、共同提案や販売連携が可能な企業を探しています。","事業開発","高","true","オペレーション部","部長","56","false","アプローチ準備中","2026-08-30","true","本データはデモ用途の架空企業です。実在の企業・団体とは関係ありません。"
"FC-01764","株式会社リードオペレーショングループ","株式会社 リード オペレーション グループ","business_services","その他事業サービス業","山口県","清流市","1979","34","小規模","918","BPO・業務受託","https://example.invalid/business_services/064","現場の安全管理と品質記録を強化したい","点検記録と事故予防の仕組みを見直しており、導入負担の小さい安全管理提案を受け付けています。","DX推進組織の新設","現場の安全管理と品質記録を強化したい","点検記録と事故予防の仕組みを見直しており、導入負担の小さい安全管理提案を受け付けています。","安全・品質","低","true","オペレーション部","課長","73","false","未対応","2026-08-30","true","本データはデモ用途の架空企業です。実在の企業・団体とは関係ありません。"
"FC-01765","合同会社リードオペレーションコーポレーション","合同会社 リード オペレーション コーポレーション","business_services","その他事業サービス業","長崎県","旭市","1990","105","中小企業","2940","警備・施設管理","https://example.invalid/business_services/065","手作業と紙中心の業務をデジタル化したい","部門間の情報共有が手作業になっているため、現場へ定着しやすい業務システムの提案を募集しています。","安全管理方針の強化","手作業と紙中心の業務をデジタル化したい","部門間の情報共有が手作業になっているため、現場へ定着しやすい業務システムの提案を募集しています。","DX・IT","中","true","オペレーション部","責任者","90","false","情報収集中","2026-08-30","true","本データはデモ用途の架空企業です。実在の企業・団体とは関係ありません。"
"FC-01766","株式会社ハーモニーオペレーションソリューションズ","株式会社 ハーモニー オペレーション ソリューションズ","business_services","その他事業サービス業","青森県","みなと市","2001","542","中堅企業","15718","人材・運営支援","https://example.invalid/business_services/066","在庫差異と配送負担を減らしたい","在庫状況の把握に時間がかかっており、入出庫と配送計画を改善する提案を募集しています。","業務提携の締結","在庫差異と配送負担を減らしたい","在庫状況の把握に時間がかかっており、入出庫と配送計画を改善する提案を募集しています。","物流・在庫","高","true","オペレーション部","企画担当","62","false","アプローチ準備中","2026-08-30","true","本データはデモ用途の架空企業です。実在の企業・団体とは関係ありません。"
"FC-01767","合同会社ハーモニーオペレーションパートナーズ","合同会社 ハーモニー オペレーション パートナーズ","business_services","その他事業サービス業","栃木県","高台市","2012","2379","大企業","26169","BPO・業務受託","https://example.invalid/business_services/067","エネルギー・運用費を削減したい","拠点運営費が増加しているため、効果を測定できる省エネ・コスト削減策を求めています。","設備更新予算の増額","エネルギー・運用費を削減したい","拠点運営費が増加しているため、効果を測定できる省エネ・コスト削減策を求めています。","コスト削減","低","true","オペレーション部","部長","79","false","未対応","2026-08-30","true","本データはデモ用途の架空企業です。実在の企業・団体とは関係ありません。"
"FC-01768","株式会社ハーモニーオペレーションワークス","株式会社 ハーモニー オペレーション ワークス","business_services","その他事業サービス業","富山県","新生市","1955","30","小規模","360","警備・施設管理","https://example.invalid/business_services/068","設備の老朽化と保守負担を減らしたい","既存設備の故障と保守工数が増えており、更新計画と運用改善を一緒に提案できる企業を探しています。","省エネ投資の開始","設備の老朽化と保守負担を減らしたい","既存設備の故障と保守工数が増えており、更新計画と運用改善を一緒に提案できる企業を探しています。","設備・施設","中","true","オペレーション部","課長","96","true","情報収集中","2026-08-30","true","本データはデモ用途の架空企業です。実在の企業・団体とは関係ありません。"
"FC-01769","合同会社ハーモニーオペレーショングループ","合同会社 ハーモニー オペレーション グループ","business_services","その他事業サービス業","愛知県","平和市","1966","253","中小企業","3289","人材・運営支援","https://example.invalid/business_services/069","問い合わせと顧客対応を効率化したい","問い合わせ情報が複数部署に分散しており、対応状況を一元管理できる仕組みを探しています。","新サービスの発表","問い合わせと顧客対応を効率化したい","問い合わせ情報が複数部署に分散しており、対応状況を一元管理できる仕組みを探しています。","営業・顧客管理","高","true","オペレーション部","責任者","68","false","アプローチ準備中","2026-08-30","true","本データはデモ用途の架空企業です。実在の企業・団体とは関係ありません。"
"FC-01770","株式会社ハーモニーオペレーションコーポレーション","株式会社 ハーモニー オペレーション コーポレーション","business_services","その他事業サービス業","和歌山県","希望市","1977","690","中堅企業","9660","BPO・業務受託","https://example.invalid/business_services/070","採用後の教育と定着を改善したい","人員拡大に対して教育担当者が不足しており、研修の標準化と定着支援を相談したいです。","新拠点の開設計画","採用後の教育と定着を改善したい","人員拡大に対して教育担当者が不足しており、研修の標準化と定着支援を相談したいです。","人材・労務","低","true","オペレーション部","企画担当","85","false","未対応","2026-08-30","true","本データはデモ用途の架空企業です。実在の企業・団体とは関係ありません。"
"FC-01771","合同会社ブリッジオペレーションソリューションズ","合同会社 ブリッジ オペレーション ソリューションズ","business_services","その他事業サービス業","香川県","文化市","1988","2527","大企業","37905","警備・施設管理","https://example.invalid/business_services/071","新サービスの販売パートナーを探したい","新サービスの提供地域を広げるため、共同提案や販売連携が可能な企業を探しています。","人員採用の拡大","新サービスの販売パートナーを探したい","新サービスの提供地域を広げるため、共同提案や販売連携が可能な企業を探しています。","事業開発","中","true","オペレーション部","部長","57","false","情報収集中","2026-08-30","true","本データはデモ用途の架空企業です。実在の企業・団体とは関係ありません。"
"FC-01772","株式会社ブリッジオペレーションパートナーズ","株式会社 ブリッジ オペレーション パートナーズ","business_services","その他事業サービス業","大分県","産業市","1999","26","小規模","416","人材・運営支援","https://example.invalid/business_services/072","現場の安全管理と品質記録を強化したい","点検記録と事故予防の仕組みを見直しており、導入負担の小さい安全管理提案を受け付けています。","既存施設の改修","現場の安全管理と品質記録を強化したい","点検記録と事故予防の仕組みを見直しており、導入負担の小さい安全管理提案を受け付けています。","安全・品質","高","true","オペレーション部","課長","74","false","アプローチ準備中","2026-08-30","true","本データはデモ用途の架空企業です。実在の企業・団体とは関係ありません。"
"FC-01773","合同会社ブリッジオペレーションワークス","合同会社 ブリッジ オペレーション ワークス","business_services","その他事業サービス業","宮城県","学園市","2010","151","中小企業","2567","BPO・業務受託","https://example.invalid/business_services/073","手作業と紙中心の業務をデジタル化したい","部門間の情報共有が手作業になっているため、現場へ定着しやすい業務システムの提案を募集しています。","事業エリアの拡大","手作業と紙中心の業務をデジタル化したい","部門間の情報共有が手作業になっているため、現場へ定着しやすい業務システムの提案を募集しています。","DX・IT","低","true","オペレーション部","責任者","91","false","未対応","2026-08-30","true","本データはデモ用途の架空企業です。実在の企業・団体とは関係ありません。"
"FC-01774","株式会社ブリッジオペレーショングループ","株式会社 ブリッジ オペレーション グループ","business_services","その他事業サービス業","埼玉県","泉市","2021","838","中堅企業","15084","警備・施設管理","https://example.invalid/business_services/074","在庫差異と配送負担を減らしたい","在庫状況の把握に時間がかかっており、入出庫と配送計画を改善する提案を募集しています。","DX推進組織の新設","在庫差異と配送負担を減らしたい","在庫状況の把握に時間がかかっており、入出庫と配送計画を改善する提案を募集しています。","物流・在庫","中","true","オペレーション部","企画担当","63","false","情報収集中","2026-08-30","true","本データはデモ用途の架空企業です。実在の企業・団体とは関係ありません。"
"FC-01775","合同会社ブリッジオペレーションコーポレーション","合同会社 ブリッジ オペレーション コーポレーション","business_services","その他事業サービス業","福井県","丘陵市","1964","2675","大企業","50825","人材・運営支援","https://example.invalid/business_services/075","エネルギー・運用費を削減したい","拠点運営費が増加しているため、効果を測定できる省エネ・コスト削減策を求めています。","安全管理方針の強化","エネルギー・運用費を削減したい","拠点運営費が増加しているため、効果を測定できる省エネ・コスト削減策を求めています。","コスト削減","高","true","オペレーション部","部長","80","false","アプローチ準備中","2026-08-30","true","本データはデモ用途の架空企業です。実在の企業・団体とは関係ありません。"
"FC-01776","株式会社フォーカスオペレーションソリューションズ","株式会社 フォーカス オペレーション ソリューションズ","business_services","その他事業サービス業","滋賀県","未来市","1975","22","小規模","440","BPO・業務受託","https://example.invalid/business_services/076","設備の老朽化と保守負担を減らしたい","既存設備の故障と保守工数が増えており、更新計画と運用改善を一緒に提案できる企業を探しています。","業務提携の締結","設備の老朽化と保守負担を減らしたい","既存設備の故障と保守工数が増えており、更新計画と運用改善を一緒に提案できる企業を探しています。","設備・施設","低","true","オペレーション部","課長","97","false","未対応","2026-08-30","true","本データはデモ用途の架空企業です。実在の企業・団体とは関係ありません。"
"FC-01777","合同会社フォーカスオペレーションパートナーズ","合同会社 フォーカス オペレーション パートナーズ","business_services","その他事業サービス業","島根県","中央市","1986","299","中小企業","6279","警備・施設管理","https://example.invalid/business_services/077","問い合わせと顧客対応を効率化したい","問い合わせ情報が複数部署に分散しており、対応状況を一元管理できる仕組みを探しています。","設備更新予算の増額","問い合わせと顧客対応を効率化したい","問い合わせ情報が複数部署に分散しており、対応状況を一元管理できる仕組みを探しています。","営業・顧客管理","中","true","オペレーション部","責任者","69","false","情報収集中","2026-08-30","true","本データはデモ用途の架空企業です。実在の企業・団体とは関係ありません。"
"FC-01778","株式会社フォーカスオペレーションワークス","株式会社 フォーカス オペレーション ワークス","business_services","その他事業サービス業","高知県","緑市","1997","986","中堅企業","21692","人材・運営支援","https://example.invalid/business_services/078","採用後の教育と定着を改善したい","人員拡大に対して教育担当者が不足しており、研修の標準化と定着支援を相談したいです。","省エネ投資の開始","採用後の教育と定着を改善したい","人員拡大に対して教育担当者が不足しており、研修の標準化と定着支援を相談したいです。","人材・労務","高","true","オペレーション部","企画担当","86","false","アプローチ準備中","2026-08-30","true","本データはデモ用途の架空企業です。実在の企業・団体とは関係ありません。"
"FC-01779","合同会社フォーカスオペレーショングループ","合同会社 フォーカス オペレーション グループ","business_services","その他事業サービス業","鹿児島県","さくら市","2008","2823","大企業","64929","BPO・業務受託","https://example.invalid/business_services/079","新サービスの販売パートナーを探したい","新サービスの提供地域を広げるため、共同提案や販売連携が可能な企業を探しています。","新サービスの発表","新サービスの販売パートナーを探したい","新サービスの提供地域を広げるため、共同提案や販売連携が可能な企業を探しています。","事業開発","低","true","オペレーション部","部長","58","false","未対応","2026-08-30","true","本データはデモ用途の架空企業です。実在の企業・団体とは関係ありません。"
"FC-01780","株式会社フォーカスオペレーションコーポレーション","株式会社 フォーカス オペレーション コーポレーション","business_services","その他事業サービス業","山形県","ひかり市","2019","18","小規模","432","警備・施設管理","https://example.invalid/business_services/080","現場の安全管理と品質記録を強化したい","点検記録と事故予防の仕組みを見直しており、導入負担の小さい安全管理提案を受け付けています。","新拠点の開設計画","現場の安全管理と品質記録を強化したい","点検記録と事故予防の仕組みを見直しており、導入負担の小さい安全管理提案を受け付けています。","安全・品質","中","true","オペレーション部","課長","75","false","情報収集中","2026-08-30","true","本データはデモ用途の架空企業です。実在の企業・団体とは関係ありません。"
"FC-01781","合同会社ビジョンオペレーションソリューションズ","合同会社 ビジョン オペレーション ソリューションズ","business_services","その他事業サービス業","東京都","あおば市","1962","197","中小企業","4925","人材・運営支援","https://example.invalid/business_services/081","手作業と紙中心の業務をデジタル化したい","部門間の情報共有が手作業になっているため、現場へ定着しやすい業務システムの提案を募集しています。","人員採用の拡大","手作業と紙中心の業務をデジタル化したい","部門間の情報共有が手作業になっているため、現場へ定着しやすい業務システムの提案を募集しています。","DX・IT","高","true","オペレーション部","責任者","92","false","アプローチ準備中","2026-08-30","true","本データはデモ用途の架空企業です。実在の企業・団体とは関係ありません。"
"FC-01782","株式会社ビジョンオペレーションパートナーズ","株式会社 ビジョン オペレーション パートナーズ","business_services","その他事業サービス業","長野県","若葉市","1973","434","中堅企業","11284","BPO・業務受託","https://example.invalid/business_services/082","在庫差異と配送負担を減らしたい","在庫状況の把握に時間がかかっており、入出庫と配送計画を改善する提案を募集しています。","既存施設の改修","在庫差異と配送負担を減らしたい","在庫状況の把握に時間がかかっており、入出庫と配送計画を改善する提案を募集しています。","物流・在庫","低","true","オペレーション部","企画担当","64","false","未対応","2026-08-30","true","本データはデモ用途の架空企業です。実在の企業・団体とは関係ありません。"
"FC-01783","合同会社ビジョンオペレーションワークス","合同会社 ビジョン オペレーション ワークス","business_services","その他事業サービス業","大阪府","豊栄市","1984","2971","大企業","80217","警備・施設管理","https://example.invalid/business_services/083","エネルギー・運用費を削減したい","拠点運営費が増加しているため、効果を測定できる省エネ・コスト削減策を求めています。","事業エリアの拡大","エネルギー・運用費を削減したい","拠点運営費が増加しているため、効果を測定できる省エネ・コスト削減策を求めています。","コスト削減","中","true","オペレーション部","部長","81","false","情報収集中","2026-08-30","true","本データはデモ用途の架空企業です。実在の企業・団体とは関係ありません。"
"FC-01784","株式会社ビジョンオペレーショングループ","株式会社 ビジョン オペレーション グループ","business_services","その他事業サービス業","広島県","清流市","1995","14","小規模","392","人材・運営支援","https://example.invalid/business_services/084","設備の老朽化と保守負担を減らしたい","既存設備の故障と保守工数が増えており、更新計画と運用改善を一緒に提案できる企業を探しています。","DX推進組織の新設","設備の老朽化と保守負担を減らしたい","既存設備の故障と保守工数が増えており、更新計画と運用改善を一緒に提案できる企業を探しています。","設備・施設","高","true","オペレーション部","課長","98","false","アプローチ準備中","2026-08-30","true","本データはデモ用途の架空企業です。実在の企業・団体とは関係ありません。"
"FC-01785","合同会社ビジョンオペレーションコーポレーション","合同会社 ビジョン オペレーション コーポレーション","business_services","その他事業サービス業","佐賀県","旭市","2006","95","中小企業","2755","BPO・業務受託","https://example.invalid/business_services/085","問い合わせと顧客対応を効率化したい","問い合わせ情報が複数部署に分散しており、対応状況を一元管理できる仕組みを探しています。","安全管理方針の強化","問い合わせと顧客対応を効率化したい","問い合わせ情報が複数部署に分散しており、対応状況を一元管理できる仕組みを探しています。","営業・顧客管理","低","true","オペレーション部","責任者","70","true","未対応","2026-08-30","true","本データはデモ用途の架空企業です。実在の企業・団体とは関係ありません。"
"FC-01786","株式会社コアオペレーションソリューションズ","株式会社 コア オペレーション ソリューションズ","business_services","その他事業サービス業","北海道","みなと市","2017","582","中堅企業","6402","警備・施設管理","https://example.invalid/business_services/086","採用後の教育と定着を改善したい","人員拡大に対して教育担当者が不足しており、研修の標準化と定着支援を相談したいです。","業務提携の締結","採用後の教育と定着を改善したい","人員拡大に対して教育担当者が不足しており、研修の標準化と定着支援を相談したいです。","人材・労務","中","true","オペレーション部","企画担当","87","false","情報収集中","2026-08-30","true","本データはデモ用途の架空企業です。実在の企業・団体とは関係ありません。"
"FC-01787","合同会社コアオペレーションパートナーズ","合同会社 コア オペレーション パートナーズ","business_services","その他事業サービス業","茨城県","高台市","1960","3119","大企業","37428","人材・運営支援","https://example.invalid/business_services/087","新サービスの販売パートナーを探したい","新サービスの提供地域を広げるため、共同提案や販売連携が可能な企業を探しています。","設備更新予算の増額","新サービスの販売パートナーを探したい","新サービスの提供地域を広げるため、共同提案や販売連携が可能な企業を探しています。","事業開発","高","true","オペレーション部","部長","59","false","アプローチ準備中","2026-08-30","true","本データはデモ用途の架空企業です。実在の企業・団体とは関係ありません。"
"FC-01788","株式会社コアオペレーションワークス","株式会社 コア オペレーション ワークス","business_services","その他事業サービス業","新潟県","新生市","1971","48","小規模","624","BPO・業務受託","https://example.invalid/business_services/088","現場の安全管理と品質記録を強化したい","点検記録と事故予防の仕組みを見直しており、導入負担の小さい安全管理提案を受け付けています。","省エネ投資の開始","現場の安全管理と品質記録を強化したい","点検記録と事故予防の仕組みを見直しており、導入負担の小さい安全管理提案を受け付けています。","安全・品質","低","true","オペレーション部","課長","76","false","未対応","2026-08-30","true","本データはデモ用途の架空企業です。実在の企業・団体とは関係ありません。"
"FC-01789","合同会社コアオペレーショングループ","合同会社 コア オペレーション グループ","business_services","その他事業サービス業","静岡県","平和市","1982","243","中小企業","3402","警備・施設管理","https://example.invalid/business_services/089","手作業と紙中心の業務をデジタル化したい","部門間の情報共有が手作業になっているため、現場へ定着しやすい業務システムの提案を募集しています。","新サービスの発表","手作業と紙中心の業務をデジタル化したい","部門間の情報共有が手作業になっているため、現場へ定着しやすい業務システムの提案を募集しています。","DX・IT","中","true","オペレーション部","責任者","93","false","情報収集中","2026-08-30","true","本データはデモ用途の架空企業です。実在の企業・団体とは関係ありません。"
"FC-01790","株式会社コアオペレーションコーポレーション","株式会社 コア オペレーション コーポレーション","business_services","その他事業サービス業","奈良県","希望市","1993","730","中堅企業","10950","人材・運営支援","https://example.invalid/business_services/090","在庫差異と配送負担を減らしたい","在庫状況の把握に時間がかかっており、入出庫と配送計画を改善する提案を募集しています。","新拠点の開設計画","在庫差異と配送負担を減らしたい","在庫状況の把握に時間がかかっており、入出庫と配送計画を改善する提案を募集しています。","物流・在庫","高","true","オペレーション部","企画担当","65","false","アプローチ準備中","2026-08-30","true","本データはデモ用途の架空企業です。実在の企業・団体とは関係ありません。"
"FC-01791","合同会社アドバンスオペレーションソリューションズ","合同会社 アドバンス オペレーション ソリューションズ","business_services","その他事業サービス業","徳島県","文化市","2004","3267","大企業","52272","BPO・業務受託","https://example.invalid/business_services/091","エネルギー・運用費を削減したい","拠点運営費が増加しているため、効果を測定できる省エネ・コスト削減策を求めています。","人員採用の拡大","エネルギー・運用費を削減したい","拠点運営費が増加しているため、効果を測定できる省エネ・コスト削減策を求めています。","コスト削減","低","true","オペレーション部","部長","82","false","未対応","2026-08-30","true","本データはデモ用途の架空企業です。実在の企業・団体とは関係ありません。"
"FC-01792","株式会社アドバンスオペレーションパートナーズ","株式会社 アドバンス オペレーション パートナーズ","business_services","その他事業サービス業","熊本県","産業市","2015","44","小規模","748","警備・施設管理","https://example.invalid/business_services/092","設備の老朽化と保守負担を減らしたい","既存設備の故障と保守工数が増えており、更新計画と運用改善を一緒に提案できる企業を探しています。","既存施設の改修","設備の老朽化と保守負担を減らしたい","既存設備の故障と保守工数が増えており、更新計画と運用改善を一緒に提案できる企業を探しています。","設備・施設","中","true","オペレーション部","課長","99","false","情報収集中","2026-08-30","true","本データはデモ用途の架空企業です。実在の企業・団体とは関係ありません。"
"FC-01793","合同会社アドバンスオペレーションワークス","合同会社 アドバンス オペレーション ワークス","business_services","その他事業サービス業","岩手県","学園市","1958","141","中小企業","2538","人材・運営支援","https://example.invalid/business_services/093","問い合わせと顧客対応を効率化したい","問い合わせ情報が複数部署に分散しており、対応状況を一元管理できる仕組みを探しています。","事業エリアの拡大","問い合わせと顧客対応を効率化したい","問い合わせ情報が複数部署に分散しており、対応状況を一元管理できる仕組みを探しています。","営業・顧客管理","高","true","オペレーション部","責任者","71","false","アプローチ準備中","2026-08-30","true","本データはデモ用途の架空企業です。実在の企業・団体とは関係ありません。"
"FC-01794","株式会社アドバンスオペレーショングループ","株式会社 アドバンス オペレーション グループ","business_services","その他事業サービス業","群馬県","泉市","1969","878","中堅企業","16682","BPO・業務受託","https://example.invalid/business_services/094","採用後の教育と定着を改善したい","人員拡大に対して教育担当者が不足しており、研修の標準化と定着支援を相談したいです。","DX推進組織の新設","採用後の教育と定着を改善したい","人員拡大に対して教育担当者が不足しており、研修の標準化と定着支援を相談したいです。","人材・労務","低","true","オペレーション部","企画担当","88","false","未対応","2026-08-30","true","本データはデモ用途の架空企業です。実在の企業・団体とは関係ありません。"
"FC-01795","合同会社アドバンスオペレーションコーポレーション","合同会社 アドバンス オペレーション コーポレーション","business_services","その他事業サービス業","石川県","丘陵市","1980","3415","大企業","68300","警備・施設管理","https://example.invalid/business_services/095","新サービスの販売パートナーを探したい","新サービスの提供地域を広げるため、共同提案や販売連携が可能な企業を探しています。","安全管理方針の強化","新サービスの販売パートナーを探したい","新サービスの提供地域を広げるため、共同提案や販売連携が可能な企業を探しています。","事業開発","中","true","オペレーション部","部長","60","false","情報収集中","2026-08-30","true","本データはデモ用途の架空企業です。実在の企業・団体とは関係ありません。"
"FC-01796","株式会社インテグラオペレーションソリューションズ","株式会社 インテグラ オペレーション ソリューションズ","business_services","その他事業サービス業","三重県","未来市","1991","40","小規模","840","人材・運営支援","https://example.invalid/business_services/096","現場の安全管理と品質記録を強化したい","点検記録と事故予防の仕組みを見直しており、導入負担の小さい安全管理提案を受け付けています。","業務提携の締結","現場の安全管理と品質記録を強化したい","点検記録と事故予防の仕組みを見直しており、導入負担の小さい安全管理提案を受け付けています。","安全・品質","高","true","オペレーション部","課長","77","false","アプローチ準備中","2026-08-30","true","本データはデモ用途の架空企業です。実在の企業・団体とは関係ありません。"
"FC-01797","合同会社インテグラオペレーションパートナーズ","合同会社 インテグラ オペレーション パートナーズ","business_services","その他事業サービス業","鳥取県","中央市","2002","289","中小企業","6358","BPO・業務受託","https://example.invalid/business_services/097","手作業と紙中心の業務をデジタル化したい","部門間の情報共有が手作業になっているため、現場へ定着しやすい業務システムの提案を募集しています。","設備更新予算の増額","手作業と紙中心の業務をデジタル化したい","部門間の情報共有が手作業になっているため、現場へ定着しやすい業務システムの提案を募集しています。","DX・IT","低","true","オペレーション部","責任者","94","false","未対応","2026-08-30","true","本データはデモ用途の架空企業です。実在の企業・団体とは関係ありません。"
"FC-01798","株式会社インテグラオペレーションワークス","株式会社 インテグラ オペレーション ワークス","business_services","その他事業サービス業","愛媛県","緑市","2013","326","中堅企業","7498","警備・施設管理","https://example.invalid/business_services/098","在庫差異と配送負担を減らしたい","在庫状況の把握に時間がかかっており、入出庫と配送計画を改善する提案を募集しています。","省エネ投資の開始","在庫差異と配送負担を減らしたい","在庫状況の把握に時間がかかっており、入出庫と配送計画を改善する提案を募集しています。","物流・在庫","中","true","オペレーション部","企画担当","66","false","情報収集中","2026-08-30","true","本データはデモ用途の架空企業です。実在の企業・団体とは関係ありません。"
"FC-01799","合同会社インテグラオペレーショングループ","合同会社 インテグラ オペレーション グループ","business_services","その他事業サービス業","宮崎県","さくら市","1956","3563","大企業","85512","人材・運営支援","https://example.invalid/business_services/099","エネルギー・運用費を削減したい","拠点運営費が増加しているため、効果を測定できる省エネ・コスト削減策を求めています。","新サービスの発表","エネルギー・運用費を削減したい","拠点運営費が増加しているため、効果を測定できる省エネ・コスト削減策を求めています。","コスト削減","高","true","オペレーション部","部長","83","false","アプローチ準備中","2026-08-30","true","本データはデモ用途の架空企業です。実在の企業・団体とは関係ありません。"
"FC-01800","株式会社インテグラオペレーションコーポレーション","株式会社 インテグラ オペレーション コーポレーション","business_services","その他事業サービス業","秋田県","ひかり市","1967","36","小規模","900","BPO・業務受託","https://example.invalid/business_services/100","設備の老朽化と保守負担を減らしたい","既存設備の故障と保守工数が増えており、更新計画と運用改善を一緒に提案できる企業を探しています。","新拠点の開設計画","設備の老朽化と保守負担を減らしたい","既存設備の故障と保守工数が増えており、更新計画と運用改善を一緒に提案できる企業を探しています。","設備・施設","低","true","オペレーション部","課長","55","false","未対応","2026-08-30","true","本データはデモ用途の架空企業です。実在の企業・団体とは関係ありません。"
"FC-01801","合同会社アークパブリックソリューションズ","合同会社 アーク パブリック ソリューションズ","public_services","公共関連サービス","千葉県","あおば市","1978","187","中小企業","4862","地域インフラ支援","https://example.invalid/public_services/001","問い合わせと顧客対応を効率化したい","問い合わせ情報が複数部署に分散しており、対応状況を一元管理できる仕組みを探しています。","人員採用の拡大","問い合わせと顧客対応を効率化したい","問い合わせ情報が複数部署に分散しており、対応状況を一元管理できる仕組みを探しています。","営業・顧客管理","中","true","施設政策部","責任者","72","false","情報収集中","2026-08-30","true","本データはデモ用途の架空企業です。実在の企業・団体とは関係ありません。"
"FC-01802","株式会社アークパブリックパートナーズ","株式会社 アーク パブリック パートナーズ","public_services","公共関連サービス","山梨県","若葉市","1989","474","中堅企業","12798","公共施設の受託運営","https://example.invalid/public_services/002","採用後の教育と定着を改善したい","人員拡大に対して教育担当者が不足しており、研修の標準化と定着支援を相談したいです。","既存施設の改修","採用後の教育と定着を改善したい","人員拡大に対して教育担当者が不足しており、研修の標準化と定着支援を相談したいです。","人材・労務","高","true","施設政策部","企画担当","89","true","アプローチ準備中","2026-08-30","true","本データはデモ用途の架空企業です。実在の企業・団体とは関係ありません。"
"FC-01803","合同会社アークパブリックワークス","合同会社 アーク パブリック ワークス","public_services","公共関連サービス","京都府","豊栄市","2000","3711","大企業","103908","地域事業の企画支援","https://example.invalid/public_services/003","新サービスの販売パートナーを探したい","新サービスの提供地域を広げるため、共同提案や販売連携が可能な企業を探しています。","事業エリアの拡大","新サービスの販売パートナーを探したい","新サービスの提供地域を広げるため、共同提案や販売連携が可能な企業を探しています。","事業開発","低","true","施設政策部","部長","61","false","未対応","2026-08-30","true","本データはデモ用途の架空企業です。実在の企業・団体とは関係ありません。"
"FC-01804","株式会社アークパブリックグループ","株式会社 アーク パブリック グループ","public_services","公共関連サービス","岡山県","清流市","2011","32","小規模","928","地域インフラ支援","https://example.invalid/public_services/004","現場の安全管理と品質記録を強化したい","点検記録と事故予防の仕組みを見直しており、導入負担の小さい安全管理提案を受け付けています。","DX推進組織の新設","現場の安全管理と品質記録を強化したい","点検記録と事故予防の仕組みを見直しており、導入負担の小さい安全管理提案を受け付けています。","安全・品質","中","true","施設政策部","課長","78","false","情報収集中","2026-08-30","true","本データはデモ用途の架空企業です。実在の企業・団体とは関係ありません。"
"FC-01805","合同会社アークパブリックコーポレーション","合同会社 アーク パブリック コーポレーション","public_services","公共関連サービス","福岡県","旭市","2022","85","中小企業","935","公共施設の受託運営","https://example.invalid/public_services/005","手作業と紙中心の業務をデジタル化したい","部門間の情報共有が手作業になっているため、現場へ定着しやすい業務システムの提案を募集しています。","安全管理方針の強化","手作業と紙中心の業務をデジタル化したい","部門間の情報共有が手作業になっているため、現場へ定着しやすい業務システムの提案を募集しています。","DX・IT","高","true","施設政策部","責任者","95","false","アプローチ準備中","2026-08-30","true","本データはデモ用途の架空企業です。実在の企業・団体とは関係ありません。"
"FC-01806","株式会社ネクサスパブリックソリューションズ","株式会社 ネクサス パブリック ソリューションズ","public_services","公共関連サービス","沖縄県","みなと市","1965","622","中堅企業","7464","地域事業の企画支援","https://example.invalid/public_services/006","在庫差異と配送負担を減らしたい","在庫状況の把握に時間がかかっており、入出庫と配送計画を改善する提案を募集しています。","業務提携の締結","在庫差異と配送負担を減らしたい","在庫状況の把握に時間がかかっており、入出庫と配送計画を改善する提案を募集しています。","物流・在庫","低","true","施設政策部","企画担当","67","false","未対応","2026-08-30","true","本データはデモ用途の架空企業です。実在の企業・団体とは関係ありません。"
"FC-01807","合同会社ネクサスパブリックパートナーズ","合同会社 ネクサス パブリック パートナーズ","public_services","公共関連サービス","福島県","高台市","1976","3859","大企業","50167","地域インフラ支援","https://example.invalid/public_services/007","エネルギー・運用費を削減したい","拠点運営費が増加しているため、効果を測定できる省エネ・コスト削減策を求めています。","設備更新予算の増額","エネルギー・運用費を削減したい","拠点運営費が増加しているため、効果を測定できる省エネ・コスト削減策を求めています。","コスト削減","中","true","施設政策部","部長","84","false","情報収集中","2026-08-30","true","本データはデモ用途の架空企業です。実在の企業・団体とは関係ありません。"
"FC-01808","株式会社ネクサスパブリックワークス","株式会社 ネクサス パブリック ワークス","public_services","公共関連サービス","神奈川県","新生市","1987","28","小規模","392","公共施設の受託運営","https://example.invalid/public_services/008","設備の老朽化と保守負担を減らしたい","既存設備の故障と保守工数が増えており、更新計画と運用改善を一緒に提案できる企業を探しています。","省エネ投資の開始","設備の老朽化と保守負担を減らしたい","既存設備の故障と保守工数が増えており、更新計画と運用改善を一緒に提案できる企業を探しています。","設備・施設","高","true","施設政策部","課長","56","false","アプローチ準備中","2026-08-30","true","本データはデモ用途の架空企業です。実在の企業・団体とは関係ありません。"
"FC-01809","合同会社ネクサスパブリックグループ","合同会社 ネクサス パブリック グループ","public_services","公共関連サービス","岐阜県","平和市","1998","233","中小企業","3495","地域事業の企画支援","https://example.invalid/public_services/009","問い合わせと顧客対応を効率化したい","問い合わせ情報が複数部署に分散しており、対応状況を一元管理できる仕組みを探しています。","新サービスの発表","問い合わせと顧客対応を効率化したい","問い合わせ情報が複数部署に分散しており、対応状況を一元管理できる仕組みを探しています。","営業・顧客管理","低","true","施設政策部","責任者","73","false","未対応","2026-08-30","true","本データはデモ用途の架空企業です。実在の企業・団体とは関係ありません。"
"FC-01810","株式会社ネクサスパブリックコーポレーション","株式会社 ネクサス パブリック コーポレーション","public_services","公共関連サービス","兵庫県","希望市","2009","770","中堅企業","12320","地域インフラ支援","https://example.invalid/public_services/010","採用後の教育と定着を改善したい","人員拡大に対して教育担当者が不足しており、研修の標準化と定着支援を相談したいです。","新拠点の開設計画","採用後の教育と定着を改善したい","人員拡大に対して教育担当者が不足しており、研修の標準化と定着支援を相談したいです。","人材・労務","中","true","施設政策部","企画担当","90","false","情報収集中","2026-08-30","true","本データはデモ用途の架空企業です。実在の企業・団体とは関係ありません。"
"FC-01811","合同会社プライムパブリックソリューションズ","合同会社 プライム パブリック ソリューションズ","public_services","公共関連サービス","山口県","文化市","2020","4007","大企業","68119","公共施設の受託運営","https://example.invalid/public_services/011","新サービスの販売パートナーを探したい","新サービスの提供地域を広げるため、共同提案や販売連携が可能な企業を探しています。","人員採用の拡大","新サービスの販売パートナーを探したい","新サービスの提供地域を広げるため、共同提案や販売連携が可能な企業を探しています。","事業開発","高","true","施設政策部","部長","62","false","アプローチ準備中","2026-08-30","true","本データはデモ用途の架空企業です。実在の企業・団体とは関係ありません。"
"FC-01812","株式会社プライムパブリックパートナーズ","株式会社 プライム パブリック パートナーズ","public_services","公共関連サービス","長崎県","産業市","1963","24","小規模","432","地域事業の企画支援","https://example.invalid/public_services/012","現場の安全管理と品質記録を強化したい","点検記録と事故予防の仕組みを見直しており、導入負担の小さい安全管理提案を受け付けています。","既存施設の改修","現場の安全管理と品質記録を強化したい","点検記録と事故予防の仕組みを見直しており、導入負担の小さい安全管理提案を受け付けています。","安全・品質","低","true","施設政策部","課長","79","false","未対応","2026-08-30","true","本データはデモ用途の架空企業です。実在の企業・団体とは関係ありません。"
"FC-01813","合同会社プライムパブリックワークス","合同会社 プライム パブリック ワークス","public_services","公共関連サービス","青森県","学園市","1974","131","中小企業","2489","地域インフラ支援","https://example.invalid/public_services/013","手作業と紙中心の業務をデジタル化したい","部門間の情報共有が手作業になっているため、現場へ定着しやすい業務システムの提案を募集しています。","事業エリアの拡大","手作業と紙中心の業務をデジタル化したい","部門間の情報共有が手作業になっているため、現場へ定着しやすい業務システムの提案を募集しています。","DX・IT","中","true","施設政策部","責任者","96","false","情報収集中","2026-08-30","true","本データはデモ用途の架空企業です。実在の企業・団体とは関係ありません。"
"FC-01814","株式会社プライムパブリックグループ","株式会社 プライム パブリック グループ","public_services","公共関連サービス","栃木県","泉市","1985","918","中堅企業","18360","公共施設の受託運営","https://example.invalid/public_services/014","在庫差異と配送負担を減らしたい","在庫状況の把握に時間がかかっており、入出庫と配送計画を改善する提案を募集しています。","DX推進組織の新設","在庫差異と配送負担を減らしたい","在庫状況の把握に時間がかかっており、入出庫と配送計画を改善する提案を募集しています。","物流・在庫","高","true","施設政策部","企画担当","68","false","アプローチ準備中","2026-08-30","true","本データはデモ用途の架空企業です。実在の企業・団体とは関係ありません。"
"FC-01815","合同会社プライムパブリックコーポレーション","合同会社 プライム パブリック コーポレーション","public_services","公共関連サービス","富山県","丘陵市","1996","4155","大企業","87255","地域事業の企画支援","https://example.invalid/public_services/015","エネルギー・運用費を削減したい","拠点運営費が増加しているため、効果を測定できる省エネ・コスト削減策を求めています。","安全管理方針の強化","エネルギー・運用費を削減したい","拠点運営費が増加しているため、効果を測定できる省エネ・コスト削減策を求めています。","コスト削減","低","true","施設政策部","部長","85","false","未対応","2026-08-30","true","本データはデモ用途の架空企業です。実在の企業・団体とは関係ありません。"
"FC-01816","株式会社オルビスパブリックソリューションズ","株式会社 オルビス パブリック ソリューションズ","public_services","公共関連サービス","愛知県","未来市","2007","20","小規模","440","地域インフラ支援","https://example.invalid/public_services/016","設備の老朽化と保守負担を減らしたい","既存設備の故障と保守工数が増えており、更新計画と運用改善を一緒に提案できる企業を探しています。","業務提携の締結","設備の老朽化と保守負担を減らしたい","既存設備の故障と保守工数が増えており、更新計画と運用改善を一緒に提案できる企業を探しています。","設備・施設","中","true","施設政策部","課長","57","false","情報収集中","2026-08-30","true","本データはデモ用途の架空企業です。実在の企業・団体とは関係ありません。"
"FC-01817","合同会社オルビスパブリックパートナーズ","合同会社 オルビス パブリック パートナーズ","public_services","公共関連サービス","和歌山県","中央市","2018","279","中小企業","6417","公共施設の受託運営","https://example.invalid/public_services/017","問い合わせと顧客対応を効率化したい","問い合わせ情報が複数部署に分散しており、対応状況を一元管理できる仕組みを探しています。","設備更新予算の増額","問い合わせと顧客対応を効率化したい","問い合わせ情報が複数部署に分散しており、対応状況を一元管理できる仕組みを探しています。","営業・顧客管理","高","true","施設政策部","責任者","74","false","アプローチ準備中","2026-08-30","true","本データはデモ用途の架空企業です。実在の企業・団体とは関係ありません。"
"FC-01818","株式会社オルビスパブリックワークス","株式会社 オルビス パブリック ワークス","public_services","公共関連サービス","香川県","緑市","1961","366","中堅企業","8784","地域事業の企画支援","https://example.invalid/public_services/018","採用後の教育と定着を改善したい","人員拡大に対して教育担当者が不足しており、研修の標準化と定着支援を相談したいです。","省エネ投資の開始","採用後の教育と定着を改善したい","人員拡大に対して教育担当者が不足しており、研修の標準化と定着支援を相談したいです。","人材・労務","低","true","施設政策部","企画担当","91","false","未対応","2026-08-30","true","本データはデモ用途の架空企業です。実在の企業・団体とは関係ありません。"
"FC-01819","合同会社オルビスパブリックグループ","合同会社 オルビス パブリック グループ","public_services","公共関連サービス","大分県","さくら市","1972","4303","大企業","107575","地域インフラ支援","https://example.invalid/public_services/019","新サービスの販売パートナーを探したい","新サービスの提供地域を広げるため、共同提案や販売連携が可能な企業を探しています。","新サービスの発表","新サービスの販売パートナーを探したい","新サービスの提供地域を広げるため、共同提案や販売連携が可能な企業を探しています。","事業開発","中","true","施設政策部","部長","63","true","情報収集中","2026-08-30","true","本データはデモ用途の架空企業です。実在の企業・団体とは関係ありません。"
"FC-01820","株式会社オルビスパブリックコーポレーション","株式会社 オルビス パブリック コーポレーション","public_services","公共関連サービス","宮城県","ひかり市","1983","16","小規模","416","公共施設の受託運営","https://example.invalid/public_services/020","現場の安全管理と品質記録を強化したい","点検記録と事故予防の仕組みを見直しており、導入負担の小さい安全管理提案を受け付けています。","新拠点の開設計画","現場の安全管理と品質記録を強化したい","点検記録と事故予防の仕組みを見直しており、導入負担の小さい安全管理提案を受け付けています。","安全・品質","高","true","施設政策部","課長","80","false","アプローチ準備中","2026-08-30","true","本データはデモ用途の架空企業です。実在の企業・団体とは関係ありません。"
"FC-01821","合同会社ノヴァパブリックソリューションズ","合同会社 ノヴァ パブリック ソリューションズ","public_services","公共関連サービス","埼玉県","あおば市","1994","177","中小企業","4779","地域事業の企画支援","https://example.invalid/public_services/021","手作業と紙中心の業務をデジタル化したい","部門間の情報共有が手作業になっているため、現場へ定着しやすい業務システムの提案を募集しています。","人員採用の拡大","手作業と紙中心の業務をデジタル化したい","部門間の情報共有が手作業になっているため、現場へ定着しやすい業務システムの提案を募集しています。","DX・IT","低","true","施設政策部","責任者","97","false","未対応","2026-08-30","true","本データはデモ用途の架空企業です。実在の企業・団体とは関係ありません。"
"FC-01822","株式会社ノヴァパブリックパートナーズ","株式会社 ノヴァ パブリック パートナーズ","public_services","公共関連サービス","福井県","若葉市","2005","514","中堅企業","14392","地域インフラ支援","https://example.invalid/public_services/022","在庫差異と配送負担を減らしたい","在庫状況の把握に時間がかかっており、入出庫と配送計画を改善する提案を募集しています。","既存施設の改修","在庫差異と配送負担を減らしたい","在庫状況の把握に時間がかかっており、入出庫と配送計画を改善する提案を募集しています。","物流・在庫","中","true","施設政策部","企画担当","69","false","情報収集中","2026-08-30","true","本データはデモ用途の架空企業です。実在の企業・団体とは関係ありません。"
"FC-01823","合同会社ノヴァパブリックワークス","合同会社 ノヴァ パブリック ワークス","public_services","公共関連サービス","滋賀県","豊栄市","2016","4451","大企業","129079","公共施設の受託運営","https://example.invalid/public_services/023","エネルギー・運用費を削減したい","拠点運営費が増加しているため、効果を測定できる省エネ・コスト削減策を求めています。","事業エリアの拡大","エネルギー・運用費を削減したい","拠点運営費が増加しているため、効果を測定できる省エネ・コスト削減策を求めています。","コスト削減","高","true","施設政策部","部長","86","false","アプローチ準備中","2026-08-30","true","本データはデモ用途の架空企業です。実在の企業・団体とは関係ありません。"
"FC-01824","株式会社ノヴァパブリックグループ","株式会社 ノヴァ パブリック グループ","public_services","公共関連サービス","島根県","清流市","1959","12","小規模","132","地域事業の企画支援","https://example.invalid/public_services/024","設備の老朽化と保守負担を減らしたい","既存設備の故障と保守工数が増えており、更新計画と運用改善を一緒に提案できる企業を探しています。","DX推進組織の新設","設備の老朽化と保守負担を減らしたい","既存設備の故障と保守工数が増えており、更新計画と運用改善を一緒に提案できる企業を探しています。","設備・施設","低","true","施設政策部","課長","58","false","未対応","2026-08-30","true","本データはデモ用途の架空企業です。実在の企業・団体とは関係ありません。"
"FC-01825","合同会社ノヴァパブリックコーポレーション","合同会社 ノヴァ パブリック コーポレーション","public_services","公共関連サービス","高知県","旭市","1970","75","中小企業","900","地域インフラ支援","https://example.invalid/public_services/025","問い合わせと顧客対応を効率化したい","問い合わせ情報が複数部署に分散しており、対応状況を一元管理できる仕組みを探しています。","安全管理方針の強化","問い合わせと顧客対応を効率化したい","問い合わせ情報が複数部署に分散しており、対応状況を一元管理できる仕組みを探しています。","営業・顧客管理","中","true","施設政策部","責任者","75","false","情報収集中","2026-08-30","true","本データはデモ用途の架空企業です。実在の企業・団体とは関係ありません。"
"FC-01826","株式会社ユニゾンパブリックソリューションズ","株式会社 ユニゾン パブリック ソリューションズ","public_services","公共関連サービス","鹿児島県","みなと市","1981","662","中堅企業","8606","公共施設の受託運営","https://example.invalid/public_services/026","採用後の教育と定着を改善したい","人員拡大に対して教育担当者が不足しており、研修の標準化と定着支援を相談したいです。","業務提携の締結","採用後の教育と定着を改善したい","人員拡大に対して教育担当者が不足しており、研修の標準化と定着支援を相談したいです。","人材・労務","高","true","施設政策部","企画担当","92","false","アプローチ準備中","2026-08-30","true","本データはデモ用途の架空企業です。実在の企業・団体とは関係ありません。"
"FC-01827","合同会社ユニゾンパブリックパートナーズ","合同会社 ユニゾン パブリック パートナーズ","public_services","公共関連サービス","山形県","高台市","1992","4599","大企業","64386","地域事業の企画支援","https://example.invalid/public_services/027","新サービスの販売パートナーを探したい","新サービスの提供地域を広げるため、共同提案や販売連携が可能な企業を探しています。","設備更新予算の増額","新サービスの販売パートナーを探したい","新サービスの提供地域を広げるため、共同提案や販売連携が可能な企業を探しています。","事業開発","低","true","施設政策部","部長","64","false","未対応","2026-08-30","true","本データはデモ用途の架空企業です。実在の企業・団体とは関係ありません。"
"FC-01828","株式会社ユニゾンパブリックワークス","株式会社 ユニゾン パブリック ワークス","public_services","公共関連サービス","東京都","新生市","2003","46","小規模","690","地域インフラ支援","https://example.invalid/public_services/028","現場の安全管理と品質記録を強化したい","点検記録と事故予防の仕組みを見直しており、導入負担の小さい安全管理提案を受け付けています。","省エネ投資の開始","現場の安全管理と品質記録を強化したい","点検記録と事故予防の仕組みを見直しており、導入負担の小さい安全管理提案を受け付けています。","安全・品質","中","true","施設政策部","課長","81","false","情報収集中","2026-08-30","true","本データはデモ用途の架空企業です。実在の企業・団体とは関係ありません。"
"FC-01829","合同会社ユニゾンパブリックグループ","合同会社 ユニゾン パブリック グループ","public_services","公共関連サービス","長野県","平和市","2014","223","中小企業","3568","公共施設の受託運営","https://example.invalid/public_services/029","手作業と紙中心の業務をデジタル化したい","部門間の情報共有が手作業になっているため、現場へ定着しやすい業務システムの提案を募集しています。","新サービスの発表","手作業と紙中心の業務をデジタル化したい","部門間の情報共有が手作業になっているため、現場へ定着しやすい業務システムの提案を募集しています。","DX・IT","高","true","施設政策部","責任者","98","false","アプローチ準備中","2026-08-30","true","本データはデモ用途の架空企業です。実在の企業・団体とは関係ありません。"
"FC-01830","株式会社ユニゾンパブリックコーポレーション","株式会社 ユニゾン パブリック コーポレーション","public_services","公共関連サービス","大阪府","希望市","1957","810","中堅企業","13770","地域事業の企画支援","https://example.invalid/public_services/030","在庫差異と配送負担を減らしたい","在庫状況の把握に時間がかかっており、入出庫と配送計画を改善する提案を募集しています。","新拠点の開設計画","在庫差異と配送負担を減らしたい","在庫状況の把握に時間がかかっており、入出庫と配送計画を改善する提案を募集しています。","物流・在庫","低","true","施設政策部","企画担当","70","false","未対応","2026-08-30","true","本データはデモ用途の架空企業です。実在の企業・団体とは関係ありません。"
"FC-01831","合同会社ヴェリタスパブリックソリューションズ","合同会社 ヴェリタス パブリック ソリューションズ","public_services","公共関連サービス","広島県","文化市","1968","4747","大企業","85446","地域インフラ支援","https://example.invalid/public_services/031","エネルギー・運用費を削減したい","拠点運営費が増加しているため、効果を測定できる省エネ・コスト削減策を求めています。","人員採用の拡大","エネルギー・運用費を削減したい","拠点運営費が増加しているため、効果を測定できる省エネ・コスト削減策を求めています。","コスト削減","中","true","施設政策部","部長","87","false","情報収集中","2026-08-30","true","本データはデモ用途の架空企業です。実在の企業・団体とは関係ありません。"
"FC-01832","株式会社ヴェリタスパブリックパートナーズ","株式会社 ヴェリタス パブリック パートナーズ","public_services","公共関連サービス","佐賀県","産業市","1979","42","小規模","798","公共施設の受託運営","https://example.invalid/public_services/032","設備の老朽化と保守負担を減らしたい","既存設備の故障と保守工数が増えており、更新計画と運用改善を一緒に提案できる企業を探しています。","既存施設の改修","設備の老朽化と保守負担を減らしたい","既存設備の故障と保守工数が増えており、更新計画と運用改善を一緒に提案できる企業を探しています。","設備・施設","高","true","施設政策部","課長","59","false","アプローチ準備中","2026-08-30","true","本データはデモ用途の架空企業です。実在の企業・団体とは関係ありません。"
"FC-01833","合同会社ヴェリタスパブリックワークス","合同会社 ヴェリタス パブリック ワークス","public_services","公共関連サービス","北海道","学園市","1990","121","中小企業","2420","地域事業の企画支援","https://example.invalid/public_services/033","問い合わせと顧客対応を効率化したい","問い合わせ情報が複数部署に分散しており、対応状況を一元管理できる仕組みを探しています。","事業エリアの拡大","問い合わせと顧客対応を効率化したい","問い合わせ情報が複数部署に分散しており、対応状況を一元管理できる仕組みを探しています。","営業・顧客管理","低","true","施設政策部","責任者","76","false","未対応","2026-08-30","true","本データはデモ用途の架空企業です。実在の企業・団体とは関係ありません。"
"FC-01834","株式会社ヴェリタスパブリックグループ","株式会社 ヴェリタス パブリック グループ","public_services","公共関連サービス","茨城県","泉市","2001","958","中堅企業","20118","地域インフラ支援","https://example.invalid/public_services/034","採用後の教育と定着を改善したい","人員拡大に対して教育担当者が不足しており、研修の標準化と定着支援を相談したいです。","DX推進組織の新設","採用後の教育と定着を改善したい","人員拡大に対して教育担当者が不足しており、研修の標準化と定着支援を相談したいです。","人材・労務","中","true","施設政策部","企画担当","93","false","情報収集中","2026-08-30","true","本データはデモ用途の架空企業です。実在の企業・団体とは関係ありません。"
"FC-01835","合同会社ヴェリタスパブリックコーポレーション","合同会社 ヴェリタス パブリック コーポレーション","public_services","公共関連サービス","新潟県","丘陵市","2012","4895","大企業","107690","公共施設の受託運営","https://example.invalid/public_services/035","新サービスの販売パートナーを探したい","新サービスの提供地域を広げるため、共同提案や販売連携が可能な企業を探しています。","安全管理方針の強化","新サービスの販売パートナーを探したい","新サービスの提供地域を広げるため、共同提案や販売連携が可能な企業を探しています。","事業開発","高","true","施設政策部","部長","65","false","アプローチ準備中","2026-08-30","true","本データはデモ用途の架空企業です。実在の企業・団体とは関係ありません。"
"FC-01836","株式会社セントラルパブリックソリューションズ","株式会社 セントラル パブリック ソリューションズ","public_services","公共関連サービス","静岡県","未来市","1955","38","小規模","874","地域事業の企画支援","https://example.invalid/public_services/036","現場の安全管理と品質記録を強化したい","点検記録と事故予防の仕組みを見直しており、導入負担の小さい安全管理提案を受け付けています。","業務提携の締結","現場の安全管理と品質記録を強化したい","点検記録と事故予防の仕組みを見直しており、導入負担の小さい安全管理提案を受け付けています。","安全・品質","低","true","施設政策部","課長","82","true","未対応","2026-08-30","true","本データはデモ用途の架空企業です。実在の企業・団体とは関係ありません。"
"FC-01837","合同会社セントラルパブリックパートナーズ","合同会社 セントラル パブリック パートナーズ","public_services","公共関連サービス","奈良県","中央市","1966","269","中小企業","6456","地域インフラ支援","https://example.invalid/public_services/037","手作業と紙中心の業務をデジタル化したい","部門間の情報共有が手作業になっているため、現場へ定着しやすい業務システムの提案を募集しています。","設備更新予算の増額","手作業と紙中心の業務をデジタル化したい","部門間の情報共有が手作業になっているため、現場へ定着しやすい業務システムの提案を募集しています。","DX・IT","中","true","施設政策部","責任者","99","false","情報収集中","2026-08-30","true","本データはデモ用途の架空企業です。実在の企業・団体とは関係ありません。"
"FC-01838","株式会社セントラルパブリックワークス","株式会社 セントラル パブリック ワークス","public_services","公共関連サービス","徳島県","緑市","1977","406","中堅企業","10150","公共施設の受託運営","https://example.invalid/public_services/038","在庫差異と配送負担を減らしたい","在庫状況の把握に時間がかかっており、入出庫と配送計画を改善する提案を募集しています。","省エネ投資の開始","在庫差異と配送負担を減らしたい","在庫状況の把握に時間がかかっており、入出庫と配送計画を改善する提案を募集しています。","物流・在庫","高","true","施設政策部","企画担当","71","false","アプローチ準備中","2026-08-30","true","本データはデモ用途の架空企業です。実在の企業・団体とは関係ありません。"
"FC-01839","合同会社セントラルパブリックグループ","合同会社 セントラル パブリック グループ","public_services","公共関連サービス","熊本県","さくら市","1988","1043","大企業","27118","地域事業の企画支援","https://example.invalid/public_services/039","エネルギー・運用費を削減したい","拠点運営費が増加しているため、効果を測定できる省エネ・コスト削減策を求めています。","新サービスの発表","エネルギー・運用費を削減したい","拠点運営費が増加しているため、効果を測定できる省エネ・コスト削減策を求めています。","コスト削減","低","true","施設政策部","部長","88","false","未対応","2026-08-30","true","本データはデモ用途の架空企業です。実在の企業・団体とは関係ありません。"
"FC-01840","株式会社セントラルパブリックコーポレーション","株式会社 セントラル パブリック コーポレーション","public_services","公共関連サービス","岩手県","ひかり市","1999","34","小規模","918","地域インフラ支援","https://example.invalid/public_services/040","設備の老朽化と保守負担を減らしたい","既存設備の故障と保守工数が増えており、更新計画と運用改善を一緒に提案できる企業を探しています。","新拠点の開設計画","設備の老朽化と保守負担を減らしたい","既存設備の故障と保守工数が増えており、更新計画と運用改善を一緒に提案できる企業を探しています。","設備・施設","中","true","施設政策部","課長","60","false","情報収集中","2026-08-30","true","本データはデモ用途の架空企業です。実在の企業・団体とは関係ありません。"
"FC-01841","合同会社エレメントパブリックソリューションズ","合同会社 エレメント パブリック ソリューションズ","public_services","公共関連サービス","群馬県","あおば市","2010","167","中小企業","4676","公共施設の受託運営","https://example.invalid/public_services/041","問い合わせと顧客対応を効率化したい","問い合わせ情報が複数部署に分散しており、対応状況を一元管理できる仕組みを探しています。","人員採用の拡大","問い合わせと顧客対応を効率化したい","問い合わせ情報が複数部署に分散しており、対応状況を一元管理できる仕組みを探しています。","営業・顧客管理","高","true","施設政策部","責任者","77","false","アプローチ準備中","2026-08-30","true","本データはデモ用途の架空企業です。実在の企業・団体とは関係ありません。"
"FC-01842","株式会社エレメントパブリックパートナーズ","株式会社 エレメント パブリック パートナーズ","public_services","公共関連サービス","石川県","若葉市","2021","554","中堅企業","16066","地域事業の企画支援","https://example.invalid/public_services/042","採用後の教育と定着を改善したい","人員拡大に対して教育担当者が不足しており、研修の標準化と定着支援を相談したいです。","既存施設の改修","採用後の教育と定着を改善したい","人員拡大に対して教育担当者が不足しており、研修の標準化と定着支援を相談したいです。","人材・労務","低","true","施設政策部","企画担当","94","false","未対応","2026-08-30","true","本データはデモ用途の架空企業です。実在の企業・団体とは関係ありません。"
"FC-01843","合同会社エレメントパブリックワークス","合同会社 エレメント パブリック ワークス","public_services","公共関連サービス","三重県","豊栄市","1964","1191","大企業","13101","地域インフラ支援","https://example.invalid/public_services/043","新サービスの販売パートナーを探したい","新サービスの提供地域を広げるため、共同提案や販売連携が可能な企業を探しています。","事業エリアの拡大","新サービスの販売パートナーを探したい","新サービスの提供地域を広げるため、共同提案や販売連携が可能な企業を探しています。","事業開発","中","true","施設政策部","部長","66","false","情報収集中","2026-08-30","true","本データはデモ用途の架空企業です。実在の企業・団体とは関係ありません。"
"FC-01844","株式会社エレメントパブリックグループ","株式会社 エレメント パブリック グループ","public_services","公共関連サービス","鳥取県","清流市","1975","30","小規模","360","公共施設の受託運営","https://example.invalid/public_services/044","現場の安全管理と品質記録を強化したい","点検記録と事故予防の仕組みを見直しており、導入負担の小さい安全管理提案を受け付けています。","DX推進組織の新設","現場の安全管理と品質記録を強化したい","点検記録と事故予防の仕組みを見直しており、導入負担の小さい安全管理提案を受け付けています。","安全・品質","高","true","施設政策部","課長","83","false","アプローチ準備中","2026-08-30","true","本データはデモ用途の架空企業です。実在の企業・団体とは関係ありません。"
"FC-01845","合同会社エレメントパブリックコーポレーション","合同会社 エレメント パブリック コーポレーション","public_services","公共関連サービス","愛媛県","旭市","1986","65","中小企業","845","地域事業の企画支援","https://example.invalid/public_services/045","手作業と紙中心の業務をデジタル化したい","部門間の情報共有が手作業になっているため、現場へ定着しやすい業務システムの提案を募集しています。","安全管理方針の強化","手作業と紙中心の業務をデジタル化したい","部門間の情報共有が手作業になっているため、現場へ定着しやすい業務システムの提案を募集しています。","DX・IT","低","true","施設政策部","責任者","55","false","未対応","2026-08-30","true","本データはデモ用途の架空企業です。実在の企業・団体とは関係ありません。"
"FC-01846","株式会社クレストパブリックソリューションズ","株式会社 クレスト パブリック ソリューションズ","public_services","公共関連サービス","宮崎県","みなと市","1997","702","中堅企業","9828","地域インフラ支援","https://example.invalid/public_services/046","在庫差異と配送負担を減らしたい","在庫状況の把握に時間がかかっており、入出庫と配送計画を改善する提案を募集しています。","業務提携の締結","在庫差異と配送負担を減らしたい","在庫状況の把握に時間がかかっており、入出庫と配送計画を改善する提案を募集しています。","物流・在庫","中","true","施設政策部","企画担当","72","false","情報収集中","2026-08-30","true","本データはデモ用途の架空企業です。実在の企業・団体とは関係ありません。"
"FC-01847","合同会社クレストパブリックパートナーズ","合同会社 クレスト パブリック パートナーズ","public_services","公共関連サービス","秋田県","高台市","2008","1339","大企業","20085","公共施設の受託運営","https://example.invalid/public_services/047","エネルギー・運用費を削減したい","拠点運営費が増加しているため、効果を測定できる省エネ・コスト削減策を求めています。","設備更新予算の増額","エネルギー・運用費を削減したい","拠点運営費が増加しているため、効果を測定できる省エネ・コスト削減策を求めています。","コスト削減","高","true","施設政策部","部長","89","false","アプローチ準備中","2026-08-30","true","本データはデモ用途の架空企業です。実在の企業・団体とは関係ありません。"
"FC-01848","株式会社クレストパブリックワークス","株式会社 クレスト パブリック ワークス","public_services","公共関連サービス","千葉県","新生市","2019","26","小規模","416","地域事業の企画支援","https://example.invalid/public_services/048","設備の老朽化と保守負担を減らしたい","既存設備の故障と保守工数が増えており、更新計画と運用改善を一緒に提案できる企業を探しています。","省エネ投資の開始","設備の老朽化と保守負担を減らしたい","既存設備の故障と保守工数が増えており、更新計画と運用改善を一緒に提案できる企業を探しています。","設備・施設","低","true","施設政策部","課長","61","false","未対応","2026-08-30","true","本データはデモ用途の架空企業です。実在の企業・団体とは関係ありません。"
"FC-01849","合同会社クレストパブリックグループ","合同会社 クレスト パブリック グループ","public_services","公共関連サービス","山梨県","平和市","1962","213","中小企業","3621","地域インフラ支援","https://example.invalid/public_services/049","問い合わせと顧客対応を効率化したい","問い合わせ情報が複数部署に分散しており、対応状況を一元管理できる仕組みを探しています。","新サービスの発表","問い合わせと顧客対応を効率化したい","問い合わせ情報が複数部署に分散しており、対応状況を一元管理できる仕組みを探しています。","営業・顧客管理","中","true","施設政策部","責任者","78","false","情報収集中","2026-08-30","true","本データはデモ用途の架空企業です。実在の企業・団体とは関係ありません。"
"FC-01850","株式会社クレストパブリックコーポレーション","株式会社 クレスト パブリック コーポレーション","public_services","公共関連サービス","京都府","希望市","1973","850","中堅企業","15300","公共施設の受託運営","https://example.invalid/public_services/050","採用後の教育と定着を改善したい","人員拡大に対して教育担当者が不足しており、研修の標準化と定着支援を相談したいです。","新拠点の開設計画","採用後の教育と定着を改善したい","人員拡大に対して教育担当者が不足しており、研修の標準化と定着支援を相談したいです。","人材・労務","高","true","施設政策部","企画担当","95","false","アプローチ準備中","2026-08-30","true","本データはデモ用途の架空企業です。実在の企業・団体とは関係ありません。"
"FC-01851","合同会社シナジーパブリックソリューションズ","合同会社 シナジー パブリック ソリューションズ","public_services","公共関連サービス","岡山県","文化市","1984","1487","大企業","28253","地域事業の企画支援","https://example.invalid/public_services/051","新サービスの販売パートナーを探したい","新サービスの提供地域を広げるため、共同提案や販売連携が可能な企業を探しています。","人員採用の拡大","新サービスの販売パートナーを探したい","新サービスの提供地域を広げるため、共同提案や販売連携が可能な企業を探しています。","事業開発","低","true","施設政策部","部長","67","false","未対応","2026-08-30","true","本データはデモ用途の架空企業です。実在の企業・団体とは関係ありません。"
"FC-01852","株式会社シナジーパブリックパートナーズ","株式会社 シナジー パブリック パートナーズ","public_services","公共関連サービス","福岡県","産業市","1995","22","小規模","440","地域インフラ支援","https://example.invalid/public_services/052","現場の安全管理と品質記録を強化したい","点検記録と事故予防の仕組みを見直しており、導入負担の小さい安全管理提案を受け付けています。","既存施設の改修","現場の安全管理と品質記録を強化したい","点検記録と事故予防の仕組みを見直しており、導入負担の小さい安全管理提案を受け付けています。","安全・品質","中","true","施設政策部","課長","84","false","情報収集中","2026-08-30","true","本データはデモ用途の架空企業です。実在の企業・団体とは関係ありません。"
"FC-01853","合同会社シナジーパブリックワークス","合同会社 シナジー パブリック ワークス","public_services","公共関連サービス","沖縄県","学園市","2006","111","中小企業","2331","公共施設の受託運営","https://example.invalid/public_services/053","手作業と紙中心の業務をデジタル化したい","部門間の情報共有が手作業になっているため、現場へ定着しやすい業務システムの提案を募集しています。","事業エリアの拡大","手作業と紙中心の業務をデジタル化したい","部門間の情報共有が手作業になっているため、現場へ定着しやすい業務システムの提案を募集しています。","DX・IT","高","true","施設政策部","責任者","56","true","アプローチ準備中","2026-08-30","true","本データはデモ用途の架空企業です。実在の企業・団体とは関係ありません。"
"FC-01854","株式会社シナジーパブリックグループ","株式会社 シナジー パブリック グループ","public_services","公共関連サービス","福島県","泉市","2017","998","中堅企業","21956","地域事業の企画支援","https://example.invalid/public_services/054","在庫差異と配送負担を減らしたい","在庫状況の把握に時間がかかっており、入出庫と配送計画を改善する提案を募集しています。","DX推進組織の新設","在庫差異と配送負担を減らしたい","在庫状況の把握に時間がかかっており、入出庫と配送計画を改善する提案を募集しています。","物流・在庫","低","true","施設政策部","企画担当","73","false","未対応","2026-08-30","true","本データはデモ用途の架空企業です。実在の企業・団体とは関係ありません。"
"FC-01855","合同会社シナジーパブリックコーポレーション","合同会社 シナジー パブリック コーポレーション","public_services","公共関連サービス","神奈川県","丘陵市","1960","1635","大企業","37605","地域インフラ支援","https://example.invalid/public_services/055","エネルギー・運用費を削減したい","拠点運営費が増加しているため、効果を測定できる省エネ・コスト削減策を求めています。","安全管理方針の強化","エネルギー・運用費を削減したい","拠点運営費が増加しているため、効果を測定できる省エネ・コスト削減策を求めています。","コスト削減","中","true","施設政策部","部長","90","false","情報収集中","2026-08-30","true","本データはデモ用途の架空企業です。実在の企業・団体とは関係ありません。"
"FC-01856","株式会社アクセルパブリックソリューションズ","株式会社 アクセル パブリック ソリューションズ","public_services","公共関連サービス","岐阜県","未来市","1971","18","小規模","432","公共施設の受託運営","https://example.invalid/public_services/056","設備の老朽化と保守負担を減らしたい","既存設備の故障と保守工数が増えており、更新計画と運用改善を一緒に提案できる企業を探しています。","業務提携の締結","設備の老朽化と保守負担を減らしたい","既存設備の故障と保守工数が増えており、更新計画と運用改善を一緒に提案できる企業を探しています。","設備・施設","高","true","施設政策部","課長","62","false","アプローチ準備中","2026-08-30","true","本データはデモ用途の架空企業です。実在の企業・団体とは関係ありません。"
"FC-01857","合同会社アクセルパブリックパートナーズ","合同会社 アクセル パブリック パートナーズ","public_services","公共関連サービス","兵庫県","中央市","1982","259","中小企業","6475","地域事業の企画支援","https://example.invalid/public_services/057","問い合わせと顧客対応を効率化したい","問い合わせ情報が複数部署に分散しており、対応状況を一元管理できる仕組みを探しています。","設備更新予算の増額","問い合わせと顧客対応を効率化したい","問い合わせ情報が複数部署に分散しており、対応状況を一元管理できる仕組みを探しています。","営業・顧客管理","低","true","施設政策部","責任者","79","false","未対応","2026-08-30","true","本データはデモ用途の架空企業です。実在の企業・団体とは関係ありません。"
"FC-01858","株式会社アクセルパブリックワークス","株式会社 アクセル パブリック ワークス","public_services","公共関連サービス","山口県","緑市","1993","446","中堅企業","11596","地域インフラ支援","https://example.invalid/public_services/058","採用後の教育と定着を改善したい","人員拡大に対して教育担当者が不足しており、研修の標準化と定着支援を相談したいです。","省エネ投資の開始","採用後の教育と定着を改善したい","人員拡大に対して教育担当者が不足しており、研修の標準化と定着支援を相談したいです。","人材・労務","中","true","施設政策部","企画担当","96","false","情報収集中","2026-08-30","true","本データはデモ用途の架空企業です。実在の企業・団体とは関係ありません。"
"FC-01859","合同会社アクセルパブリックグループ","合同会社 アクセル パブリック グループ","public_services","公共関連サービス","長崎県","さくら市","2004","1783","大企業","48141","公共施設の受託運営","https://example.invalid/public_services/059","新サービスの販売パートナーを探したい","新サービスの提供地域を広げるため、共同提案や販売連携が可能な企業を探しています。","新サービスの発表","新サービスの販売パートナーを探したい","新サービスの提供地域を広げるため、共同提案や販売連携が可能な企業を探しています。","事業開発","高","true","施設政策部","部長","68","false","アプローチ準備中","2026-08-30","true","本データはデモ用途の架空企業です。実在の企業・団体とは関係ありません。"
"FC-01860","株式会社アクセルパブリックコーポレーション","株式会社 アクセル パブリック コーポレーション","public_services","公共関連サービス","青森県","ひかり市","2015","14","小規模","392","地域事業の企画支援","https://example.invalid/public_services/060","現場の安全管理と品質記録を強化したい","点検記録と事故予防の仕組みを見直しており、導入負担の小さい安全管理提案を受け付けています。","新拠点の開設計画","現場の安全管理と品質記録を強化したい","点検記録と事故予防の仕組みを見直しており、導入負担の小さい安全管理提案を受け付けています。","安全・品質","低","true","施設政策部","課長","85","false","未対応","2026-08-30","true","本データはデモ用途の架空企業です。実在の企業・団体とは関係ありません。"
"FC-01861","合同会社リードパブリックソリューションズ","合同会社 リード パブリック ソリューションズ","public_services","公共関連サービス","栃木県","あおば市","1958","157","中小企業","4553","地域インフラ支援","https://example.invalid/public_services/061","手作業と紙中心の業務をデジタル化したい","部門間の情報共有が手作業になっているため、現場へ定着しやすい業務システムの提案を募集しています。","人員採用の拡大","手作業と紙中心の業務をデジタル化したい","部門間の情報共有が手作業になっているため、現場へ定着しやすい業務システムの提案を募集しています。","DX・IT","中","true","施設政策部","責任者","57","false","情報収集中","2026-08-30","true","本データはデモ用途の架空企業です。実在の企業・団体とは関係ありません。"
"FC-01862","株式会社リードパブリックパートナーズ","株式会社 リード パブリック パートナーズ","public_services","公共関連サービス","富山県","若葉市","1969","594","中堅企業","6534","公共施設の受託運営","https://example.invalid/public_services/062","在庫差異と配送負担を減らしたい","在庫状況の把握に時間がかかっており、入出庫と配送計画を改善する提案を募集しています。","既存施設の改修","在庫差異と配送負担を減らしたい","在庫状況の把握に時間がかかっており、入出庫と配送計画を改善する提案を募集しています。","物流・在庫","高","true","施設政策部","企画担当","74","false","アプローチ準備中","2026-08-30","true","本データはデモ用途の架空企業です。実在の企業・団体とは関係ありません。"
"FC-01863","合同会社リードパブリックワークス","合同会社 リード パブリック ワークス","public_services","公共関連サービス","愛知県","豊栄市","1980","1931","大企業","23172","地域事業の企画支援","https://example.invalid/public_services/063","エネルギー・運用費を削減したい","拠点運営費が増加しているため、効果を測定できる省エネ・コスト削減策を求めています。","事業エリアの拡大","エネルギー・運用費を削減したい","拠点運営費が増加しているため、効果を測定できる省エネ・コスト削減策を求めています。","コスト削減","低","true","施設政策部","部長","91","false","未対応","2026-08-30","true","本データはデモ用途の架空企業です。実在の企業・団体とは関係ありません。"
"FC-01864","株式会社リードパブリックグループ","株式会社 リード パブリック グループ","public_services","公共関連サービス","和歌山県","清流市","1991","48","小規模","624","地域インフラ支援","https://example.invalid/public_services/064","設備の老朽化と保守負担を減らしたい","既存設備の故障と保守工数が増えており、更新計画と運用改善を一緒に提案できる企業を探しています。","DX推進組織の新設","設備の老朽化と保守負担を減らしたい","既存設備の故障と保守工数が増えており、更新計画と運用改善を一緒に提案できる企業を探しています。","設備・施設","中","true","施設政策部","課長","63","false","情報収集中","2026-08-30","true","本データはデモ用途の架空企業です。実在の企業・団体とは関係ありません。"
"FC-01865","合同会社リードパブリックコーポレーション","合同会社 リード パブリック コーポレーション","public_services","公共関連サービス","香川県","旭市","2002","55","中小企業","770","公共施設の受託運営","https://example.invalid/public_services/065","問い合わせと顧客対応を効率化したい","問い合わせ情報が複数部署に分散しており、対応状況を一元管理できる仕組みを探しています。","安全管理方針の強化","問い合わせと顧客対応を効率化したい","問い合わせ情報が複数部署に分散しており、対応状況を一元管理できる仕組みを探しています。","営業・顧客管理","高","true","施設政策部","責任者","80","false","アプローチ準備中","2026-08-30","true","本データはデモ用途の架空企業です。実在の企業・団体とは関係ありません。"
"FC-01866","株式会社ハーモニーパブリックソリューションズ","株式会社 ハーモニー パブリック ソリューションズ","public_services","公共関連サービス","大分県","みなと市","2013","742","中堅企業","11130","地域事業の企画支援","https://example.invalid/public_services/066","採用後の教育と定着を改善したい","人員拡大に対して教育担当者が不足しており、研修の標準化と定着支援を相談したいです。","業務提携の締結","採用後の教育と定着を改善したい","人員拡大に対して教育担当者が不足しており、研修の標準化と定着支援を相談したいです。","人材・労務","低","true","施設政策部","企画担当","97","false","未対応","2026-08-30","true","本データはデモ用途の架空企業です。実在の企業・団体とは関係ありません。"
"FC-01867","合同会社ハーモニーパブリックパートナーズ","合同会社 ハーモニー パブリック パートナーズ","public_services","公共関連サービス","宮城県","高台市","1956","2079","大企業","33264","地域インフラ支援","https://example.invalid/public_services/067","新サービスの販売パートナーを探したい","新サービスの提供地域を広げるため、共同提案や販売連携が可能な企業を探しています。","設備更新予算の増額","新サービスの販売パートナーを探したい","新サービスの提供地域を広げるため、共同提案や販売連携が可能な企業を探しています。","事業開発","中","true","施設政策部","部長","69","false","情報収集中","2026-08-30","true","本データはデモ用途の架空企業です。実在の企業・団体とは関係ありません。"
"FC-01868","株式会社ハーモニーパブリックワークス","株式会社 ハーモニー パブリック ワークス","public_services","公共関連サービス","埼玉県","新生市","1967","44","小規模","748","公共施設の受託運営","https://example.invalid/public_services/068","現場の安全管理と品質記録を強化したい","点検記録と事故予防の仕組みを見直しており、導入負担の小さい安全管理提案を受け付けています。","省エネ投資の開始","現場の安全管理と品質記録を強化したい","点検記録と事故予防の仕組みを見直しており、導入負担の小さい安全管理提案を受け付けています。","安全・品質","高","true","施設政策部","課長","86","false","アプローチ準備中","2026-08-30","true","本データはデモ用途の架空企業です。実在の企業・団体とは関係ありません。"
"FC-01869","合同会社ハーモニーパブリックグループ","合同会社 ハーモニー パブリック グループ","public_services","公共関連サービス","福井県","平和市","1978","203","中小企業","3654","地域事業の企画支援","https://example.invalid/public_services/069","手作業と紙中心の業務をデジタル化したい","部門間の情報共有が手作業になっているため、現場へ定着しやすい業務システムの提案を募集しています。","新サービスの発表","手作業と紙中心の業務をデジタル化したい","部門間の情報共有が手作業になっているため、現場へ定着しやすい業務システムの提案を募集しています。","DX・IT","低","true","施設政策部","責任者","58","false","未対応","2026-08-30","true","本データはデモ用途の架空企業です。実在の企業・団体とは関係ありません。"
"FC-01870","株式会社ハーモニーパブリックコーポレーション","株式会社 ハーモニー パブリック コーポレーション","public_services","公共関連サービス","滋賀県","希望市","1989","890","中堅企業","16910","地域インフラ支援","https://example.invalid/public_services/070","在庫差異と配送負担を減らしたい","在庫状況の把握に時間がかかっており、入出庫と配送計画を改善する提案を募集しています。","新拠点の開設計画","在庫差異と配送負担を減らしたい","在庫状況の把握に時間がかかっており、入出庫と配送計画を改善する提案を募集しています。","物流・在庫","中","true","施設政策部","企画担当","75","true","情報収集中","2026-08-30","true","本データはデモ用途の架空企業です。実在の企業・団体とは関係ありません。"
"FC-01871","合同会社ブリッジパブリックソリューションズ","合同会社 ブリッジ パブリック ソリューションズ","public_services","公共関連サービス","島根県","文化市","2000","2227","大企業","44540","公共施設の受託運営","https://example.invalid/public_services/071","エネルギー・運用費を削減したい","拠点運営費が増加しているため、効果を測定できる省エネ・コスト削減策を求めています。","人員採用の拡大","エネルギー・運用費を削減したい","拠点運営費が増加しているため、効果を測定できる省エネ・コスト削減策を求めています。","コスト削減","高","true","施設政策部","部長","92","false","アプローチ準備中","2026-08-30","true","本データはデモ用途の架空企業です。実在の企業・団体とは関係ありません。"
"FC-01872","株式会社ブリッジパブリックパートナーズ","株式会社 ブリッジ パブリック パートナーズ","public_services","公共関連サービス","高知県","産業市","2011","40","小規模","840","地域事業の企画支援","https://example.invalid/public_services/072","設備の老朽化と保守負担を減らしたい","既存設備の故障と保守工数が増えており、更新計画と運用改善を一緒に提案できる企業を探しています。","既存施設の改修","設備の老朽化と保守負担を減らしたい","既存設備の故障と保守工数が増えており、更新計画と運用改善を一緒に提案できる企業を探しています。","設備・施設","低","true","施設政策部","課長","64","false","未対応","2026-08-30","true","本データはデモ用途の架空企業です。実在の企業・団体とは関係ありません。"
"FC-01873","合同会社ブリッジパブリックワークス","合同会社 ブリッジ パブリック ワークス","public_services","公共関連サービス","鹿児島県","学園市","2022","101","中小企業","2222","地域インフラ支援","https://example.invalid/public_services/073","問い合わせと顧客対応を効率化したい","問い合わせ情報が複数部署に分散しており、対応状況を一元管理できる仕組みを探しています。","事業エリアの拡大","問い合わせと顧客対応を効率化したい","問い合わせ情報が複数部署に分散しており、対応状況を一元管理できる仕組みを探しています。","営業・顧客管理","中","true","施設政策部","責任者","81","false","情報収集中","2026-08-30","true","本データはデモ用途の架空企業です。実在の企業・団体とは関係ありません。"
"FC-01874","株式会社ブリッジパブリックグループ","株式会社 ブリッジ パブリック グループ","public_services","公共関連サービス","山形県","泉市","1965","338","中堅企業","7774","公共施設の受託運営","https://example.invalid/public_services/074","採用後の教育と定着を改善したい","人員拡大に対して教育担当者が不足しており、研修の標準化と定着支援を相談したいです。","DX推進組織の新設","採用後の教育と定着を改善したい","人員拡大に対して教育担当者が不足しており、研修の標準化と定着支援を相談したいです。","人材・労務","高","true","施設政策部","企画担当","98","false","アプローチ準備中","2026-08-30","true","本データはデモ用途の架空企業です。実在の企業・団体とは関係ありません。"
"FC-01875","合同会社ブリッジパブリックコーポレーション","合同会社 ブリッジ パブリック コーポレーション","public_services","公共関連サービス","東京都","丘陵市","1976","2375","大企業","57000","地域事業の企画支援","https://example.invalid/public_services/075","新サービスの販売パートナーを探したい","新サービスの提供地域を広げるため、共同提案や販売連携が可能な企業を探しています。","安全管理方針の強化","新サービスの販売パートナーを探したい","新サービスの提供地域を広げるため、共同提案や販売連携が可能な企業を探しています。","事業開発","低","true","施設政策部","部長","70","false","未対応","2026-08-30","true","本データはデモ用途の架空企業です。実在の企業・団体とは関係ありません。"
"FC-01876","株式会社フォーカスパブリックソリューションズ","株式会社 フォーカス パブリック ソリューションズ","public_services","公共関連サービス","長野県","未来市","1987","36","小規模","900","地域インフラ支援","https://example.invalid/public_services/076","現場の安全管理と品質記録を強化したい","点検記録と事故予防の仕組みを見直しており、導入負担の小さい安全管理提案を受け付けています。","業務提携の締結","現場の安全管理と品質記録を強化したい","点検記録と事故予防の仕組みを見直しており、導入負担の小さい安全管理提案を受け付けています。","安全・品質","中","true","施設政策部","課長","87","false","情報収集中","2026-08-30","true","本データはデモ用途の架空企業です。実在の企業・団体とは関係ありません。"
"FC-01877","合同会社フォーカスパブリックパートナーズ","合同会社 フォーカス パブリック パートナーズ","public_services","公共関連サービス","大阪府","中央市","1998","249","中小企業","6474","公共施設の受託運営","https://example.invalid/public_services/077","手作業と紙中心の業務をデジタル化したい","部門間の情報共有が手作業になっているため、現場へ定着しやすい業務システムの提案を募集しています。","設備更新予算の増額","手作業と紙中心の業務をデジタル化したい","部門間の情報共有が手作業になっているため、現場へ定着しやすい業務システムの提案を募集しています。","DX・IT","高","true","施設政策部","責任者","59","false","アプローチ準備中","2026-08-30","true","本データはデモ用途の架空企業です。実在の企業・団体とは関係ありません。"
"FC-01878","株式会社フォーカスパブリックワークス","株式会社 フォーカス パブリック ワークス","public_services","公共関連サービス","広島県","緑市","2009","486","中堅企業","13122","地域事業の企画支援","https://example.invalid/public_services/078","在庫差異と配送負担を減らしたい","在庫状況の把握に時間がかかっており、入出庫と配送計画を改善する提案を募集しています。","省エネ投資の開始","在庫差異と配送負担を減らしたい","在庫状況の把握に時間がかかっており、入出庫と配送計画を改善する提案を募集しています。","物流・在庫","低","true","施設政策部","企画担当","76","false","未対応","2026-08-30","true","本データはデモ用途の架空企業です。実在の企業・団体とは関係ありません。"
"FC-01879","合同会社フォーカスパブリックグループ","合同会社 フォーカス パブリック グループ","public_services","公共関連サービス","佐賀県","さくら市","2020","2523","大企業","70644","地域インフラ支援","https://example.invalid/public_services/079","エネルギー・運用費を削減したい","拠点運営費が増加しているため、効果を測定できる省エネ・コスト削減策を求めています。","新サービスの発表","エネルギー・運用費を削減したい","拠点運営費が増加しているため、効果を測定できる省エネ・コスト削減策を求めています。","コスト削減","中","true","施設政策部","部長","93","false","情報収集中","2026-08-30","true","本データはデモ用途の架空企業です。実在の企業・団体とは関係ありません。"
"FC-01880","株式会社フォーカスパブリックコーポレーション","株式会社 フォーカス パブリック コーポレーション","public_services","公共関連サービス","北海道","ひかり市","1963","32","小規模","928","公共施設の受託運営","https://example.invalid/public_services/080","設備の老朽化と保守負担を減らしたい","既存設備の故障と保守工数が増えており、更新計画と運用改善を一緒に提案できる企業を探しています。","新拠点の開設計画","設備の老朽化と保守負担を減らしたい","既存設備の故障と保守工数が増えており、更新計画と運用改善を一緒に提案できる企業を探しています。","設備・施設","高","true","施設政策部","課長","65","false","アプローチ準備中","2026-08-30","true","本データはデモ用途の架空企業です。実在の企業・団体とは関係ありません。"
"FC-01881","合同会社ビジョンパブリックソリューションズ","合同会社 ビジョン パブリック ソリューションズ","public_services","公共関連サービス","茨城県","あおば市","1974","147","中小企業","1617","地域事業の企画支援","https://example.invalid/public_services/081","問い合わせと顧客対応を効率化したい","問い合わせ情報が複数部署に分散しており、対応状況を一元管理できる仕組みを探しています。","人員採用の拡大","問い合わせと顧客対応を効率化したい","問い合わせ情報が複数部署に分散しており、対応状況を一元管理できる仕組みを探しています。","営業・顧客管理","低","true","施設政策部","責任者","82","false","未対応","2026-08-30","true","本データはデモ用途の架空企業です。実在の企業・団体とは関係ありません。"
"FC-01882","株式会社ビジョンパブリックパートナーズ","株式会社 ビジョン パブリック パートナーズ","public_services","公共関連サービス","新潟県","若葉市","1985","634","中堅企業","7608","地域インフラ支援","https://example.invalid/public_services/082","採用後の教育と定着を改善したい","人員拡大に対して教育担当者が不足しており、研修の標準化と定着支援を相談したいです。","既存施設の改修","採用後の教育と定着を改善したい","人員拡大に対して教育担当者が不足しており、研修の標準化と定着支援を相談したいです。","人材・労務","中","true","施設政策部","企画担当","99","false","情報収集中","2026-08-30","true","本データはデモ用途の架空企業です。実在の企業・団体とは関係ありません。"
"FC-01883","合同会社ビジョンパブリックワークス","合同会社 ビジョン パブリック ワークス","public_services","公共関連サービス","静岡県","豊栄市","1996","2671","大企業","34723","公共施設の受託運営","https://example.invalid/public_services/083","新サービスの販売パートナーを探したい","新サービスの提供地域を広げるため、共同提案や販売連携が可能な企業を探しています。","事業エリアの拡大","新サービスの販売パートナーを探したい","新サービスの提供地域を広げるため、共同提案や販売連携が可能な企業を探しています。","事業開発","高","true","施設政策部","部長","71","false","アプローチ準備中","2026-08-30","true","本データはデモ用途の架空企業です。実在の企業・団体とは関係ありません。"
"FC-01884","株式会社ビジョンパブリックグループ","株式会社 ビジョン パブリック グループ","public_services","公共関連サービス","奈良県","清流市","2007","28","小規模","392","地域事業の企画支援","https://example.invalid/public_services/084","現場の安全管理と品質記録を強化したい","点検記録と事故予防の仕組みを見直しており、導入負担の小さい安全管理提案を受け付けています。","DX推進組織の新設","現場の安全管理と品質記録を強化したい","点検記録と事故予防の仕組みを見直しており、導入負担の小さい安全管理提案を受け付けています。","安全・品質","低","true","施設政策部","課長","88","false","未対応","2026-08-30","true","本データはデモ用途の架空企業です。実在の企業・団体とは関係ありません。"
"FC-01885","合同会社ビジョンパブリックコーポレーション","合同会社 ビジョン パブリック コーポレーション","public_services","公共関連サービス","徳島県","旭市","2018","295","中小企業","4425","地域インフラ支援","https://example.invalid/public_services/085","手作業と紙中心の業務をデジタル化したい","部門間の情報共有が手作業になっているため、現場へ定着しやすい業務システムの提案を募集しています。","安全管理方針の強化","手作業と紙中心の業務をデジタル化したい","部門間の情報共有が手作業になっているため、現場へ定着しやすい業務システムの提案を募集しています。","DX・IT","中","true","施設政策部","責任者","60","false","情報収集中","2026-08-30","true","本データはデモ用途の架空企業です。実在の企業・団体とは関係ありません。"
"FC-01886","株式会社コアパブリックソリューションズ","株式会社 コア パブリック ソリューションズ","public_services","公共関連サービス","熊本県","みなと市","1961","782","中堅企業","12512","公共施設の受託運営","https://example.invalid/public_services/086","在庫差異と配送負担を減らしたい","在庫状況の把握に時間がかかっており、入出庫と配送計画を改善する提案を募集しています。","業務提携の締結","在庫差異と配送負担を減らしたい","在庫状況の把握に時間がかかっており、入出庫と配送計画を改善する提案を募集しています。","物流・在庫","高","true","施設政策部","企画担当","77","false","アプローチ準備中","2026-08-30","true","本データはデモ用途の架空企業です。実在の企業・団体とは関係ありません。"
"FC-01887","合同会社コアパブリックパートナーズ","合同会社 コア パブリック パートナーズ","public_services","公共関連サービス","岩手県","高台市","1972","2819","大企業","47923","地域事業の企画支援","https://example.invalid/public_services/087","エネルギー・運用費を削減したい","拠点運営費が増加しているため、効果を測定できる省エネ・コスト削減策を求めています。","設備更新予算の増額","エネルギー・運用費を削減したい","拠点運営費が増加しているため、効果を測定できる省エネ・コスト削減策を求めています。","コスト削減","低","true","施設政策部","部長","94","true","未対応","2026-08-30","true","本データはデモ用途の架空企業です。実在の企業・団体とは関係ありません。"
"FC-01888","株式会社コアパブリックワークス","株式会社 コア パブリック ワークス","public_services","公共関連サービス","群馬県","新生市","1983","24","小規模","432","地域インフラ支援","https://example.invalid/public_services/088","設備の老朽化と保守負担を減らしたい","既存設備の故障と保守工数が増えており、更新計画と運用改善を一緒に提案できる企業を探しています。","省エネ投資の開始","設備の老朽化と保守負担を減らしたい","既存設備の故障と保守工数が増えており、更新計画と運用改善を一緒に提案できる企業を探しています。","設備・施設","中","true","施設政策部","課長","66","false","情報収集中","2026-08-30","true","本データはデモ用途の架空企業です。実在の企業・団体とは関係ありません。"
"FC-01889","合同会社コアパブリックグループ","合同会社 コア パブリック グループ","public_services","公共関連サービス","石川県","平和市","1994","193","中小企業","3667","公共施設の受託運営","https://example.invalid/public_services/089","問い合わせと顧客対応を効率化したい","問い合わせ情報が複数部署に分散しており、対応状況を一元管理できる仕組みを探しています。","新サービスの発表","問い合わせと顧客対応を効率化したい","問い合わせ情報が複数部署に分散しており、対応状況を一元管理できる仕組みを探しています。","営業・顧客管理","高","true","施設政策部","責任者","83","false","アプローチ準備中","2026-08-30","true","本データはデモ用途の架空企業です。実在の企業・団体とは関係ありません。"
"FC-01890","株式会社コアパブリックコーポレーション","株式会社 コア パブリック コーポレーション","public_services","公共関連サービス","三重県","希望市","2005","930","中堅企業","18600","地域事業の企画支援","https://example.invalid/public_services/090","採用後の教育と定着を改善したい","人員拡大に対して教育担当者が不足しており、研修の標準化と定着支援を相談したいです。","新拠点の開設計画","採用後の教育と定着を改善したい","人員拡大に対して教育担当者が不足しており、研修の標準化と定着支援を相談したいです。","人材・労務","低","true","施設政策部","企画担当","55","false","未対応","2026-08-30","true","本データはデモ用途の架空企業です。実在の企業・団体とは関係ありません。"
"FC-01891","合同会社アドバンスパブリックソリューションズ","合同会社 アドバンス パブリック ソリューションズ","public_services","公共関連サービス","鳥取県","文化市","2016","2967","大企業","62307","地域インフラ支援","https://example.invalid/public_services/091","新サービスの販売パートナーを探したい","新サービスの提供地域を広げるため、共同提案や販売連携が可能な企業を探しています。","人員採用の拡大","新サービスの販売パートナーを探したい","新サービスの提供地域を広げるため、共同提案や販売連携が可能な企業を探しています。","事業開発","中","true","施設政策部","部長","72","false","情報収集中","2026-08-30","true","本データはデモ用途の架空企業です。実在の企業・団体とは関係ありません。"
"FC-01892","株式会社アドバンスパブリックパートナーズ","株式会社 アドバンス パブリック パートナーズ","public_services","公共関連サービス","愛媛県","産業市","1959","20","小規模","440","公共施設の受託運営","https://example.invalid/public_services/092","現場の安全管理と品質記録を強化したい","点検記録と事故予防の仕組みを見直しており、導入負担の小さい安全管理提案を受け付けています。","既存施設の改修","現場の安全管理と品質記録を強化したい","点検記録と事故予防の仕組みを見直しており、導入負担の小さい安全管理提案を受け付けています。","安全・品質","高","true","施設政策部","課長","89","false","アプローチ準備中","2026-08-30","true","本データはデモ用途の架空企業です。実在の企業・団体とは関係ありません。"
"FC-01893","合同会社アドバンスパブリックワークス","合同会社 アドバンス パブリック ワークス","public_services","公共関連サービス","宮崎県","学園市","1970","91","中小企業","2093","地域事業の企画支援","https://example.invalid/public_services/093","手作業と紙中心の業務をデジタル化したい","部門間の情報共有が手作業になっているため、現場へ定着しやすい業務システムの提案を募集しています。","事業エリアの拡大","手作業と紙中心の業務をデジタル化したい","部門間の情報共有が手作業になっているため、現場へ定着しやすい業務システムの提案を募集しています。","DX・IT","低","true","施設政策部","責任者","61","false","未対応","2026-08-30","true","本データはデモ用途の架空企業です。実在の企業・団体とは関係ありません。"
"FC-01894","株式会社アドバンスパブリックグループ","株式会社 アドバンス パブリック グループ","public_services","公共関連サービス","秋田県","泉市","1981","378","中堅企業","9072","地域インフラ支援","https://example.invalid/public_services/094","在庫差異と配送負担を減らしたい","在庫状況の把握に時間がかかっており、入出庫と配送計画を改善する提案を募集しています。","DX推進組織の新設","在庫差異と配送負担を減らしたい","在庫状況の把握に時間がかかっており、入出庫と配送計画を改善する提案を募集しています。","物流・在庫","中","true","施設政策部","企画担当","78","false","情報収集中","2026-08-30","true","本データはデモ用途の架空企業です。実在の企業・団体とは関係ありません。"
"FC-01895","合同会社アドバンスパブリックコーポレーション","合同会社 アドバンス パブリック コーポレーション","public_services","公共関連サービス","千葉県","丘陵市","1992","3115","大企業","77875","公共施設の受託運営","https://example.invalid/public_services/095","エネルギー・運用費を削減したい","拠点運営費が増加しているため、効果を測定できる省エネ・コスト削減策を求めています。","安全管理方針の強化","エネルギー・運用費を削減したい","拠点運営費が増加しているため、効果を測定できる省エネ・コスト削減策を求めています。","コスト削減","高","true","施設政策部","部長","95","false","アプローチ準備中","2026-08-30","true","本データはデモ用途の架空企業です。実在の企業・団体とは関係ありません。"
"FC-01896","株式会社インテグラパブリックソリューションズ","株式会社 インテグラ パブリック ソリューションズ","public_services","公共関連サービス","山梨県","未来市","2003","16","小規模","416","地域事業の企画支援","https://example.invalid/public_services/096","設備の老朽化と保守負担を減らしたい","既存設備の故障と保守工数が増えており、更新計画と運用改善を一緒に提案できる企業を探しています。","業務提携の締結","設備の老朽化と保守負担を減らしたい","既存設備の故障と保守工数が増えており、更新計画と運用改善を一緒に提案できる企業を探しています。","設備・施設","低","true","施設政策部","課長","67","false","未対応","2026-08-30","true","本データはデモ用途の架空企業です。実在の企業・団体とは関係ありません。"
"FC-01897","合同会社インテグラパブリックパートナーズ","合同会社 インテグラ パブリック パートナーズ","public_services","公共関連サービス","京都府","中央市","2014","239","中小企業","6453","地域インフラ支援","https://example.invalid/public_services/097","問い合わせと顧客対応を効率化したい","問い合わせ情報が複数部署に分散しており、対応状況を一元管理できる仕組みを探しています。","設備更新予算の増額","問い合わせと顧客対応を効率化したい","問い合わせ情報が複数部署に分散しており、対応状況を一元管理できる仕組みを探しています。","営業・顧客管理","中","true","施設政策部","責任者","84","false","情報収集中","2026-08-30","true","本データはデモ用途の架空企業です。実在の企業・団体とは関係ありません。"
"FC-01898","株式会社インテグラパブリックワークス","株式会社 インテグラ パブリック ワークス","public_services","公共関連サービス","岡山県","緑市","1957","526","中堅企業","14728","公共施設の受託運営","https://example.invalid/public_services/098","採用後の教育と定着を改善したい","人員拡大に対して教育担当者が不足しており、研修の標準化と定着支援を相談したいです。","省エネ投資の開始","採用後の教育と定着を改善したい","人員拡大に対して教育担当者が不足しており、研修の標準化と定着支援を相談したいです。","人材・労務","高","true","施設政策部","企画担当","56","false","アプローチ準備中","2026-08-30","true","本データはデモ用途の架空企業です。実在の企業・団体とは関係ありません。"
"FC-01899","合同会社インテグラパブリックグループ","合同会社 インテグラ パブリック グループ","public_services","公共関連サービス","福岡県","さくら市","1968","3263","大企業","94627","地域事業の企画支援","https://example.invalid/public_services/099","新サービスの販売パートナーを探したい","新サービスの提供地域を広げるため、共同提案や販売連携が可能な企業を探しています。","新サービスの発表","新サービスの販売パートナーを探したい","新サービスの提供地域を広げるため、共同提案や販売連携が可能な企業を探しています。","事業開発","低","true","施設政策部","部長","73","false","未対応","2026-08-30","true","本データはデモ用途の架空企業です。実在の企業・団体とは関係ありません。"
"FC-01900","株式会社インテグラパブリックコーポレーション","株式会社 インテグラ パブリック コーポレーション","public_services","公共関連サービス","沖縄県","ひかり市","1979","12","小規模","132","地域インフラ支援","https://example.invalid/public_services/100","現場の安全管理と品質記録を強化したい","点検記録と事故予防の仕組みを見直しており、導入負担の小さい安全管理提案を受け付けています。","新拠点の開設計画","現場の安全管理と品質記録を強化したい","点検記録と事故予防の仕組みを見直しており、導入負担の小さい安全管理提案を受け付けています。","安全・品質","中","true","施設政策部","課長","90","false","情報収集中","2026-08-30","true","本データはデモ用途の架空企業です。実在の企業・団体とは関係ありません。"
"FC-01901","合同会社アークサービスソリューションズ","合同会社 アーク サービス ソリューションズ","other_services","その他サービス業","福島県","あおば市","1990","137","中小企業","1644","機器修理・保守","https://example.invalid/other_services/001","手作業と紙中心の業務をデジタル化したい","部門間の情報共有が手作業になっているため、現場へ定着しやすい業務システムの提案を募集しています。","人員採用の拡大","手作業と紙中心の業務をデジタル化したい","部門間の情報共有が手作業になっているため、現場へ定着しやすい業務システムの提案を募集しています。","DX・IT","高","true","サービス企画部","責任者","62","false","アプローチ準備中","2026-08-30","true","本データはデモ用途の架空企業です。実在の企業・団体とは関係ありません。"
"FC-01902","株式会社アークサービスパートナーズ","株式会社 アーク サービス パートナーズ","other_services","その他サービス業","神奈川県","若葉市","2001","674","中堅企業","8762","会員制サービス運営","https://example.invalid/other_services/002","在庫差異と配送負担を減らしたい","在庫状況の把握に時間がかかっており、入出庫と配送計画を改善する提案を募集しています。","既存施設の改修","在庫差異と配送負担を減らしたい","在庫状況の把握に時間がかかっており、入出庫と配送計画を改善する提案を募集しています。","物流・在庫","低","true","サービス企画部","企画担当","79","false","未対応","2026-08-30","true","本データはデモ用途の架空企業です。実在の企業・団体とは関係ありません。"
"FC-01903","合同会社アークサービスワークス","合同会社 アーク サービス ワークス","other_services","その他サービス業","岐阜県","豊栄市","2012","3411","大企業","47754","地域生活支援","https://example.invalid/other_services/003","エネルギー・運用費を削減したい","拠点運営費が増加しているため、効果を測定できる省エネ・コスト削減策を求めています。","事業エリアの拡大","エネルギー・運用費を削減したい","拠点運営費が増加しているため、効果を測定できる省エネ・コスト削減策を求めています。","コスト削減","中","true","サービス企画部","部長","96","false","情報収集中","2026-08-30","true","本データはデモ用途の架空企業です。実在の企業・団体とは関係ありません。"
"FC-01904","株式会社アークサービスグループ","株式会社 アーク サービス グループ","other_services","その他サービス業","兵庫県","清流市","1955","46","小規模","690","機器修理・保守","https://example.invalid/other_services/004","設備の老朽化と保守負担を減らしたい","既存設備の故障と保守工数が増えており、更新計画と運用改善を一緒に提案できる企業を探しています。","DX推進組織の新設","設備の老朽化と保守負担を減らしたい","既存設備の故障と保守工数が増えており、更新計画と運用改善を一緒に提案できる企業を探しています。","設備・施設","高","true","サービス企画部","課長","68","true","アプローチ準備中","2026-08-30","true","本データはデモ用途の架空企業です。実在の企業・団体とは関係ありません。"
"FC-01905","合同会社アークサービスコーポレーション","合同会社 アーク サービス コーポレーション","other_services","その他サービス業","山口県","旭市","1966","285","中小企業","4560","会員制サービス運営","https://example.invalid/other_services/005","問い合わせと顧客対応を効率化したい","問い合わせ情報が複数部署に分散しており、対応状況を一元管理できる仕組みを探しています。","安全管理方針の強化","問い合わせと顧客対応を効率化したい","問い合わせ情報が複数部署に分散しており、対応状況を一元管理できる仕組みを探しています。","営業・顧客管理","低","true","サービス企画部","責任者","85","false","未対応","2026-08-30","true","本データはデモ用途の架空企業です。実在の企業・団体とは関係ありません。"
"FC-01906","株式会社ネクサスサービスソリューションズ","株式会社 ネクサス サービス ソリューションズ","other_services","その他サービス業","長崎県","みなと市","1977","822","中堅企業","13974","地域生活支援","https://example.invalid/other_services/006","採用後の教育と定着を改善したい","人員拡大に対して教育担当者が不足しており、研修の標準化と定着支援を相談したいです。","業務提携の締結","採用後の教育と定着を改善したい","人員拡大に対して教育担当者が不足しており、研修の標準化と定着支援を相談したいです。","人材・労務","中","true","サービス企画部","企画担当","57","false","情報収集中","2026-08-30","true","本データはデモ用途の架空企業です。実在の企業・団体とは関係ありません。"
"FC-01907","合同会社ネクサスサービスパートナーズ","合同会社 ネクサス サービス パートナーズ","other_services","その他サービス業","青森県","高台市","1988","3559","大企業","64062","機器修理・保守","https://example.invalid/other_services/007","新サービスの販売パートナーを探したい","新サービスの提供地域を広げるため、共同提案や販売連携が可能な企業を探しています。","設備更新予算の増額","新サービスの販売パートナーを探したい","新サービスの提供地域を広げるため、共同提案や販売連携が可能な企業を探しています。","事業開発","高","true","サービス企画部","部長","74","false","アプローチ準備中","2026-08-30","true","本データはデモ用途の架空企業です。実在の企業・団体とは関係ありません。"
"FC-01908","株式会社ネクサスサービスワークス","株式会社 ネクサス サービス ワークス","other_services","その他サービス業","栃木県","新生市","1999","42","小規模","798","会員制サービス運営","https://example.invalid/other_services/008","現場の安全管理と品質記録を強化したい","点検記録と事故予防の仕組みを見直しており、導入負担の小さい安全管理提案を受け付けています。","省エネ投資の開始","現場の安全管理と品質記録を強化したい","点検記録と事故予防の仕組みを見直しており、導入負担の小さい安全管理提案を受け付けています。","安全・品質","低","true","サービス企画部","課長","91","false","未対応","2026-08-30","true","本データはデモ用途の架空企業です。実在の企業・団体とは関係ありません。"
"FC-01909","合同会社ネクサスサービスグループ","合同会社 ネクサス サービス グループ","other_services","その他サービス業","富山県","平和市","2010","183","中小企業","3660","地域生活支援","https://example.invalid/other_services/009","手作業と紙中心の業務をデジタル化したい","部門間の情報共有が手作業になっているため、現場へ定着しやすい業務システムの提案を募集しています。","新サービスの発表","手作業と紙中心の業務をデジタル化したい","部門間の情報共有が手作業になっているため、現場へ定着しやすい業務システムの提案を募集しています。","DX・IT","中","true","サービス企画部","責任者","63","false","情報収集中","2026-08-30","true","本データはデモ用途の架空企業です。実在の企業・団体とは関係ありません。"
"FC-01910","株式会社ネクサスサービスコーポレーション","株式会社 ネクサス サービス コーポレーション","other_services","その他サービス業","愛知県","希望市","2021","970","中堅企業","20370","機器修理・保守","https://example.invalid/other_services/010","在庫差異と配送負担を減らしたい","在庫状況の把握に時間がかかっており、入出庫と配送計画を改善する提案を募集しています。","新拠点の開設計画","在庫差異と配送負担を減らしたい","在庫状況の把握に時間がかかっており、入出庫と配送計画を改善する提案を募集しています。","物流・在庫","高","true","サービス企画部","企画担当","80","false","アプローチ準備中","2026-08-30","true","本データはデモ用途の架空企業です。実在の企業・団体とは関係ありません。"
"FC-01911","合同会社プライムサービスソリューションズ","合同会社 プライム サービス ソリューションズ","other_services","その他サービス業","和歌山県","文化市","1964","3707","大企業","81554","会員制サービス運営","https://example.invalid/other_services/011","エネルギー・運用費を削減したい","拠点運営費が増加しているため、効果を測定できる省エネ・コスト削減策を求めています。","人員採用の拡大","エネルギー・運用費を削減したい","拠点運営費が増加しているため、効果を測定できる省エネ・コスト削減策を求めています。","コスト削減","低","true","サービス企画部","部長","97","false","未対応","2026-08-30","true","本データはデモ用途の架空企業です。実在の企業・団体とは関係ありません。"
"FC-01912","株式会社プライムサービスパートナーズ","株式会社 プライム サービス パートナーズ","other_services","その他サービス業","香川県","産業市","1975","38","小規模","874","地域生活支援","https://example.invalid/other_services/012","設備の老朽化と保守負担を減らしたい","既存設備の故障と保守工数が増えており、更新計画と運用改善を一緒に提案できる企業を探しています。","既存施設の改修","設備の老朽化と保守負担を減らしたい","既存設備の故障と保守工数が増えており、更新計画と運用改善を一緒に提案できる企業を探しています。","設備・施設","中","true","サービス企画部","課長","69","false","情報収集中","2026-08-30","true","本データはデモ用途の架空企業です。実在の企業・団体とは関係ありません。"
"FC-01913","合同会社プライムサービスワークス","合同会社 プライム サービス ワークス","other_services","その他サービス業","大分県","学園市","1986","81","中小企業","1944","機器修理・保守","https://example.invalid/other_services/013","問い合わせと顧客対応を効率化したい","問い合わせ情報が複数部署に分散しており、対応状況を一元管理できる仕組みを探しています。","事業エリアの拡大","問い合わせと顧客対応を効率化したい","問い合わせ情報が複数部署に分散しており、対応状況を一元管理できる仕組みを探しています。","営業・顧客管理","高","true","サービス企画部","責任者","86","false","アプローチ準備中","2026-08-30","true","本データはデモ用途の架空企業です。実在の企業・団体とは関係ありません。"
"FC-01914","株式会社プライムサービスグループ","株式会社 プライム サービス グループ","other_services","その他サービス業","宮城県","泉市","1997","418","中堅企業","10450","会員制サービス運営","https://example.invalid/other_services/014","採用後の教育と定着を改善したい","人員拡大に対して教育担当者が不足しており、研修の標準化と定着支援を相談したいです。","DX推進組織の新設","採用後の教育と定着を改善したい","人員拡大に対して教育担当者が不足しており、研修の標準化と定着支援を相談したいです。","人材・労務","低","true","サービス企画部","企画担当","58","false","未対応","2026-08-30","true","本データはデモ用途の架空企業です。実在の企業・団体とは関係ありません。"
"FC-01915","合同会社プライムサービスコーポレーション","合同会社 プライム サービス コーポレーション","other_services","その他サービス業","埼玉県","丘陵市","2008","3855","大企業","100230","地域生活支援","https://example.invalid/other_services/015","新サービスの販売パートナーを探したい","新サービスの提供地域を広げるため、共同提案や販売連携が可能な企業を探しています。","安全管理方針の強化","新サービスの販売パートナーを探したい","新サービスの提供地域を広げるため、共同提案や販売連携が可能な企業を探しています。","事業開発","中","true","サービス企画部","部長","75","false","情報収集中","2026-08-30","true","本データはデモ用途の架空企業です。実在の企業・団体とは関係ありません。"
"FC-01916","株式会社オルビスサービスソリューションズ","株式会社 オルビス サービス ソリューションズ","other_services","その他サービス業","福井県","未来市","2019","34","小規模","918","機器修理・保守","https://example.invalid/other_services/016","現場の安全管理と品質記録を強化したい","点検記録と事故予防の仕組みを見直しており、導入負担の小さい安全管理提案を受け付けています。","業務提携の締結","現場の安全管理と品質記録を強化したい","点検記録と事故予防の仕組みを見直しており、導入負担の小さい安全管理提案を受け付けています。","安全・品質","高","true","サービス企画部","課長","92","false","アプローチ準備中","2026-08-30","true","本データはデモ用途の架空企業です。実在の企業・団体とは関係ありません。"
"FC-01917","合同会社オルビスサービスパートナーズ","合同会社 オルビス サービス パートナーズ","other_services","その他サービス業","滋賀県","中央市","1962","229","中小企業","6412","会員制サービス運営","https://example.invalid/other_services/017","手作業と紙中心の業務をデジタル化したい","部門間の情報共有が手作業になっているため、現場へ定着しやすい業務システムの提案を募集しています。","設備更新予算の増額","手作業と紙中心の業務をデジタル化したい","部門間の情報共有が手作業になっているため、現場へ定着しやすい業務システムの提案を募集しています。","DX・IT","低","true","サービス企画部","責任者","64","false","未対応","2026-08-30","true","本データはデモ用途の架空企業です。実在の企業・団体とは関係ありません。"
"FC-01918","株式会社オルビスサービスワークス","株式会社 オルビス サービス ワークス","other_services","その他サービス業","島根県","緑市","1973","566","中堅企業","16414","地域生活支援","https://example.invalid/other_services/018","在庫差異と配送負担を減らしたい","在庫状況の把握に時間がかかっており、入出庫と配送計画を改善する提案を募集しています。","省エネ投資の開始","在庫差異と配送負担を減らしたい","在庫状況の把握に時間がかかっており、入出庫と配送計画を改善する提案を募集しています。","物流・在庫","中","true","サービス企画部","企画担当","81","false","情報収集中","2026-08-30","true","本データはデモ用途の架空企業です。実在の企業・団体とは関係ありません。"
"FC-01919","合同会社オルビスサービスグループ","合同会社 オルビス サービス グループ","other_services","その他サービス業","高知県","さくら市","1984","4003","大企業","44033","機器修理・保守","https://example.invalid/other_services/019","エネルギー・運用費を削減したい","拠点運営費が増加しているため、効果を測定できる省エネ・コスト削減策を求めています。","新サービスの発表","エネルギー・運用費を削減したい","拠点運営費が増加しているため、効果を測定できる省エネ・コスト削減策を求めています。","コスト削減","高","true","サービス企画部","部長","98","false","アプローチ準備中","2026-08-30","true","本データはデモ用途の架空企業です。実在の企業・団体とは関係ありません。"
"FC-01920","株式会社オルビスサービスコーポレーション","株式会社 オルビス サービス コーポレーション","other_services","その他サービス業","鹿児島県","ひかり市","1995","30","小規模","360","会員制サービス運営","https://example.invalid/other_services/020","設備の老朽化と保守負担を減らしたい","既存設備の故障と保守工数が増えており、更新計画と運用改善を一緒に提案できる企業を探しています。","新拠点の開設計画","設備の老朽化と保守負担を減らしたい","既存設備の故障と保守工数が増えており、更新計画と運用改善を一緒に提案できる企業を探しています。","設備・施設","低","true","サービス企画部","課長","70","false","未対応","2026-08-30","true","本データはデモ用途の架空企業です。実在の企業・団体とは関係ありません。"
"FC-01921","合同会社ノヴァサービスソリューションズ","合同会社 ノヴァ サービス ソリューションズ","other_services","その他サービス業","山形県","あおば市","2006","127","中小企業","1651","地域生活支援","https://example.invalid/other_services/021","問い合わせと顧客対応を効率化したい","問い合わせ情報が複数部署に分散しており、対応状況を一元管理できる仕組みを探しています。","人員採用の拡大","問い合わせと顧客対応を効率化したい","問い合わせ情報が複数部署に分散しており、対応状況を一元管理できる仕組みを探しています。","営業・顧客管理","中","true","サービス企画部","責任者","87","true","情報収集中","2026-08-30","true","本データはデモ用途の架空企業です。実在の企業・団体とは関係ありません。"
"FC-01922","株式会社ノヴァサービスパートナーズ","株式会社 ノヴァ サービス パートナーズ","other_services","その他サービス業","東京都","若葉市","2017","714","中堅企業","9996","機器修理・保守","https://example.invalid/other_services/022","採用後の教育と定着を改善したい","人員拡大に対して教育担当者が不足しており、研修の標準化と定着支援を相談したいです。","既存施設の改修","採用後の教育と定着を改善したい","人員拡大に対して教育担当者が不足しており、研修の標準化と定着支援を相談したいです。","人材・労務","高","true","サービス企画部","企画担当","59","false","アプローチ準備中","2026-08-30","true","本データはデモ用途の架空企業です。実在の企業・団体とは関係ありません。"
"FC-01923","合同会社ノヴァサービスワークス","合同会社 ノヴァ サービス ワークス","other_services","その他サービス業","長野県","豊栄市","1960","4151","大企業","62265","会員制サービス運営","https://example.invalid/other_services/023","新サービスの販売パートナーを探したい","新サービスの提供地域を広げるため、共同提案や販売連携が可能な企業を探しています。","事業エリアの拡大","新サービスの販売パートナーを探したい","新サービスの提供地域を広げるため、共同提案や販売連携が可能な企業を探しています。","事業開発","低","true","サービス企画部","部長","76","false","未対応","2026-08-30","true","本データはデモ用途の架空企業です。実在の企業・団体とは関係ありません。"
"FC-01924","株式会社ノヴァサービスグループ","株式会社 ノヴァ サービス グループ","other_services","その他サービス業","大阪府","清流市","1971","26","小規模","416","地域生活支援","https://example.invalid/other_services/024","現場の安全管理と品質記録を強化したい","点検記録と事故予防の仕組みを見直しており、導入負担の小さい安全管理提案を受け付けています。","DX推進組織の新設","現場の安全管理と品質記録を強化したい","点検記録と事故予防の仕組みを見直しており、導入負担の小さい安全管理提案を受け付けています。","安全・品質","中","true","サービス企画部","課長","93","false","情報収集中","2026-08-30","true","本データはデモ用途の架空企業です。実在の企業・団体とは関係ありません。"
"FC-01925","合同会社ノヴァサービスコーポレーション","合同会社 ノヴァ サービス コーポレーション","other_services","その他サービス業","広島県","旭市","1982","275","中小企業","4675","機器修理・保守","https://example.invalid/other_services/025","手作業と紙中心の業務をデジタル化したい","部門間の情報共有が手作業になっているため、現場へ定着しやすい業務システムの提案を募集しています。","安全管理方針の強化","手作業と紙中心の業務をデジタル化したい","部門間の情報共有が手作業になっているため、現場へ定着しやすい業務システムの提案を募集しています。","DX・IT","高","true","サービス企画部","責任者","65","false","アプローチ準備中","2026-08-30","true","本データはデモ用途の架空企業です。実在の企業・団体とは関係ありません。"
"FC-01926","株式会社ユニゾンサービスソリューションズ","株式会社 ユニゾン サービス ソリューションズ","other_services","その他サービス業","佐賀県","みなと市","1993","862","中堅企業","15516","会員制サービス運営","https://example.invalid/other_services/026","在庫差異と配送負担を減らしたい","在庫状況の把握に時間がかかっており、入出庫と配送計画を改善する提案を募集しています。","業務提携の締結","在庫差異と配送負担を減らしたい","在庫状況の把握に時間がかかっており、入出庫と配送計画を改善する提案を募集しています。","物流・在庫","低","true","サービス企画部","企画担当","82","false","未対応","2026-08-30","true","本データはデモ用途の架空企業です。実在の企業・団体とは関係ありません。"
"FC-01927","合同会社ユニゾンサービスパートナーズ","合同会社 ユニゾン サービス パートナーズ","other_services","その他サービス業","北海道","高台市","2004","4299","大企業","81681","地域生活支援","https://example.invalid/other_services/027","エネルギー・運用費を削減したい","拠点運営費が増加しているため、効果を測定できる省エネ・コスト削減策を求めています。","設備更新予算の増額","エネルギー・運用費を削減したい","拠点運営費が増加しているため、効果を測定できる省エネ・コスト削減策を求めています。","コスト削減","中","true","サービス企画部","部長","99","false","情報収集中","2026-08-30","true","本データはデモ用途の架空企業です。実在の企業・団体とは関係ありません。"
"FC-01928","株式会社ユニゾンサービスワークス","株式会社 ユニゾン サービス ワークス","other_services","その他サービス業","茨城県","新生市","2015","22","小規模","440","機器修理・保守","https://example.invalid/other_services/028","設備の老朽化と保守負担を減らしたい","既存設備の故障と保守工数が増えており、更新計画と運用改善を一緒に提案できる企業を探しています。","省エネ投資の開始","設備の老朽化と保守負担を減らしたい","既存設備の故障と保守工数が増えており、更新計画と運用改善を一緒に提案できる企業を探しています。","設備・施設","高","true","サービス企画部","課長","71","false","アプローチ準備中","2026-08-30","true","本データはデモ用途の架空企業です。実在の企業・団体とは関係ありません。"
"FC-01929","合同会社ユニゾンサービスグループ","合同会社 ユニゾン サービス グループ","other_services","その他サービス業","新潟県","平和市","1958","173","中小企業","3633","会員制サービス運営","https://example.invalid/other_services/029","問い合わせと顧客対応を効率化したい","問い合わせ情報が複数部署に分散しており、対応状況を一元管理できる仕組みを探しています。","新サービスの発表","問い合わせと顧客対応を効率化したい","問い合わせ情報が複数部署に分散しており、対応状況を一元管理できる仕組みを探しています。","営業・顧客管理","低","true","サービス企画部","責任者","88","false","未対応","2026-08-30","true","本データはデモ用途の架空企業です。実在の企業・団体とは関係ありません。"
"FC-01930","株式会社ユニゾンサービスコーポレーション","株式会社 ユニゾン サービス コーポレーション","other_services","その他サービス業","静岡県","希望市","1969","310","中堅企業","6820","地域生活支援","https://example.invalid/other_services/030","採用後の教育と定着を改善したい","人員拡大に対して教育担当者が不足しており、研修の標準化と定着支援を相談したいです。","新拠点の開設計画","採用後の教育と定着を改善したい","人員拡大に対して教育担当者が不足しており、研修の標準化と定着支援を相談したいです。","人材・労務","中","true","サービス企画部","企画担当","60","false","情報収集中","2026-08-30","true","本データはデモ用途の架空企業です。実在の企業・団体とは関係ありません。"
"FC-01931","合同会社ヴェリタスサービスソリューションズ","合同会社 ヴェリタス サービス ソリューションズ","other_services","その他サービス業","奈良県","文化市","1980","4447","大企業","102281","機器修理・保守","https://example.invalid/other_services/031","新サービスの販売パートナーを探したい","新サービスの提供地域を広げるため、共同提案や販売連携が可能な企業を探しています。","人員採用の拡大","新サービスの販売パートナーを探したい","新サービスの提供地域を広げるため、共同提案や販売連携が可能な企業を探しています。","事業開発","高","true","サービス企画部","部長","77","false","アプローチ準備中","2026-08-30","true","本データはデモ用途の架空企業です。実在の企業・団体とは関係ありません。"
"FC-01932","株式会社ヴェリタスサービスパートナーズ","株式会社 ヴェリタス サービス パートナーズ","other_services","その他サービス業","徳島県","産業市","1991","18","小規模","432","会員制サービス運営","https://example.invalid/other_services/032","現場の安全管理と品質記録を強化したい","点検記録と事故予防の仕組みを見直しており、導入負担の小さい安全管理提案を受け付けています。","既存施設の改修","現場の安全管理と品質記録を強化したい","点検記録と事故予防の仕組みを見直しており、導入負担の小さい安全管理提案を受け付けています。","安全・品質","低","true","サービス企画部","課長","94","false","未対応","2026-08-30","true","本データはデモ用途の架空企業です。実在の企業・団体とは関係ありません。"
"FC-01933","合同会社ヴェリタスサービスワークス","合同会社 ヴェリタス サービス ワークス","other_services","その他サービス業","熊本県","学園市","2002","71","中小企業","1775","地域生活支援","https://example.invalid/other_services/033","手作業と紙中心の業務をデジタル化したい","部門間の情報共有が手作業になっているため、現場へ定着しやすい業務システムの提案を募集しています。","事業エリアの拡大","手作業と紙中心の業務をデジタル化したい","部門間の情報共有が手作業になっているため、現場へ定着しやすい業務システムの提案を募集しています。","DX・IT","中","true","サービス企画部","責任者","66","false","情報収集中","2026-08-30","true","本データはデモ用途の架空企業です。実在の企業・団体とは関係ありません。"
"FC-01934","株式会社ヴェリタスサービスグループ","株式会社 ヴェリタス サービス グループ","other_services","その他サービス業","岩手県","泉市","2013","458","中堅企業","11908","機器修理・保守","https://example.invalid/other_services/034","在庫差異と配送負担を減らしたい","在庫状況の把握に時間がかかっており、入出庫と配送計画を改善する提案を募集しています。","DX推進組織の新設","在庫差異と配送負担を減らしたい","在庫状況の把握に時間がかかっており、入出庫と配送計画を改善する提案を募集しています。","物流・在庫","高","true","サービス企画部","企画担当","83","false","アプローチ準備中","2026-08-30","true","本データはデモ用途の架空企業です。実在の企業・団体とは関係ありません。"
"FC-01935","合同会社ヴェリタスサービスコーポレーション","合同会社 ヴェリタス サービス コーポレーション","other_services","その他サービス業","群馬県","丘陵市","1956","4595","大企業","124065","会員制サービス運営","https://example.invalid/other_services/035","エネルギー・運用費を削減したい","拠点運営費が増加しているため、効果を測定できる省エネ・コスト削減策を求めています。","安全管理方針の強化","エネルギー・運用費を削減したい","拠点運営費が増加しているため、効果を測定できる省エネ・コスト削減策を求めています。","コスト削減","低","true","サービス企画部","部長","55","false","未対応","2026-08-30","true","本データはデモ用途の架空企業です。実在の企業・団体とは関係ありません。"
"FC-01936","株式会社セントラルサービスソリューションズ","株式会社 セントラル サービス ソリューションズ","other_services","その他サービス業","石川県","未来市","1967","14","小規模","392","地域生活支援","https://example.invalid/other_services/036","設備の老朽化と保守負担を減らしたい","既存設備の故障と保守工数が増えており、更新計画と運用改善を一緒に提案できる企業を探しています。","業務提携の締結","設備の老朽化と保守負担を減らしたい","既存設備の故障と保守工数が増えており、更新計画と運用改善を一緒に提案できる企業を探しています。","設備・施設","中","true","サービス企画部","課長","72","false","情報収集中","2026-08-30","true","本データはデモ用途の架空企業です。実在の企業・団体とは関係ありません。"
"FC-01937","合同会社セントラルサービスパートナーズ","合同会社 セントラル サービス パートナーズ","other_services","その他サービス業","三重県","中央市","1978","219","中小企業","6351","機器修理・保守","https://example.invalid/other_services/037","問い合わせと顧客対応を効率化したい","問い合わせ情報が複数部署に分散しており、対応状況を一元管理できる仕組みを探しています。","設備更新予算の増額","問い合わせと顧客対応を効率化したい","問い合わせ情報が複数部署に分散しており、対応状況を一元管理できる仕組みを探しています。","営業・顧客管理","高","true","サービス企画部","責任者","89","false","アプローチ準備中","2026-08-30","true","本データはデモ用途の架空企業です。実在の企業・団体とは関係ありません。"
"FC-01938","株式会社セントラルサービスワークス","株式会社 セントラル サービス ワークス","other_services","その他サービス業","鳥取県","緑市","1989","606","中堅企業","6666","会員制サービス運営","https://example.invalid/other_services/038","採用後の教育と定着を改善したい","人員拡大に対して教育担当者が不足しており、研修の標準化と定着支援を相談したいです。","省エネ投資の開始","採用後の教育と定着を改善したい","人員拡大に対して教育担当者が不足しており、研修の標準化と定着支援を相談したいです。","人材・労務","低","true","サービス企画部","企画担当","61","true","未対応","2026-08-30","true","本データはデモ用途の架空企業です。実在の企業・団体とは関係ありません。"
"FC-01939","合同会社セントラルサービスグループ","合同会社 セントラル サービス グループ","other_services","その他サービス業","愛媛県","さくら市","2000","4743","大企業","56916","地域生活支援","https://example.invalid/other_services/039","新サービスの販売パートナーを探したい","新サービスの提供地域を広げるため、共同提案や販売連携が可能な企業を探しています。","新サービスの発表","新サービスの販売パートナーを探したい","新サービスの提供地域を広げるため、共同提案や販売連携が可能な企業を探しています。","事業開発","中","true","サービス企画部","部長","78","false","情報収集中","2026-08-30","true","本データはデモ用途の架空企業です。実在の企業・団体とは関係ありません。"
"FC-01940","株式会社セントラルサービスコーポレーション","株式会社 セントラル サービス コーポレーション","other_services","その他サービス業","宮崎県","ひかり市","2011","48","小規模","624","機器修理・保守","https://example.invalid/other_services/040","現場の安全管理と品質記録を強化したい","点検記録と事故予防の仕組みを見直しており、導入負担の小さい安全管理提案を受け付けています。","新拠点の開設計画","現場の安全管理と品質記録を強化したい","点検記録と事故予防の仕組みを見直しており、導入負担の小さい安全管理提案を受け付けています。","安全・品質","高","true","サービス企画部","課長","95","false","アプローチ準備中","2026-08-30","true","本データはデモ用途の架空企業です。実在の企業・団体とは関係ありません。"
"FC-01941","合同会社エレメントサービスソリューションズ","合同会社 エレメント サービス ソリューションズ","other_services","その他サービス業","秋田県","あおば市","2022","117","中小企業","1638","会員制サービス運営","https://example.invalid/other_services/041","手作業と紙中心の業務をデジタル化したい","部門間の情報共有が手作業になっているため、現場へ定着しやすい業務システムの提案を募集しています。","人員採用の拡大","手作業と紙中心の業務をデジタル化したい","部門間の情報共有が手作業になっているため、現場へ定着しやすい業務システムの提案を募集しています。","DX・IT","低","true","サービス企画部","責任者","67","false","未対応","2026-08-30","true","本データはデモ用途の架空企業です。実在の企業・団体とは関係ありません。"
"FC-01942","株式会社エレメントサービスパートナーズ","株式会社 エレメント サービス パートナーズ","other_services","その他サービス業","千葉県","若葉市","1965","754","中堅企業","11310","地域生活支援","https://example.invalid/other_services/042","在庫差異と配送負担を減らしたい","在庫状況の把握に時間がかかっており、入出庫と配送計画を改善する提案を募集しています。","既存施設の改修","在庫差異と配送負担を減らしたい","在庫状況の把握に時間がかかっており、入出庫と配送計画を改善する提案を募集しています。","物流・在庫","中","true","サービス企画部","企画担当","84","false","情報収集中","2026-08-30","true","本データはデモ用途の架空企業です。実在の企業・団体とは関係ありません。"
"FC-01943","合同会社エレメントサービスワークス","合同会社 エレメント サービス ワークス","other_services","その他サービス業","山梨県","豊栄市","1976","4891","大企業","78256","機器修理・保守","https://example.invalid/other_services/043","エネルギー・運用費を削減したい","拠点運営費が増加しているため、効果を測定できる省エネ・コスト削減策を求めています。","事業エリアの拡大","エネルギー・運用費を削減したい","拠点運営費が増加しているため、効果を測定できる省エネ・コスト削減策を求めています。","コスト削減","高","true","サービス企画部","部長","56","false","アプローチ準備中","2026-08-30","true","本データはデモ用途の架空企業です。実在の企業・団体とは関係ありません。"
"FC-01944","株式会社エレメントサービスグループ","株式会社 エレメント サービス グループ","other_services","その他サービス業","京都府","清流市","1987","44","小規模","748","会員制サービス運営","https://example.invalid/other_services/044","設備の老朽化と保守負担を減らしたい","既存設備の故障と保守工数が増えており、更新計画と運用改善を一緒に提案できる企業を探しています。","DX推進組織の新設","設備の老朽化と保守負担を減らしたい","既存設備の故障と保守工数が増えており、更新計画と運用改善を一緒に提案できる企業を探しています。","設備・施設","低","true","サービス企画部","課長","73","false","未対応","2026-08-30","true","本データはデモ用途の架空企業です。実在の企業・団体とは関係ありません。"
"FC-01945","合同会社エレメントサービスコーポレーション","合同会社 エレメント サービス コーポレーション","other_services","その他サービス業","岡山県","旭市","1998","265","中小企業","4770","地域生活支援","https://example.invalid/other_services/045","問い合わせと顧客対応を効率化したい","問い合わせ情報が複数部署に分散しており、対応状況を一元管理できる仕組みを探しています。","安全管理方針の強化","問い合わせと顧客対応を効率化したい","問い合わせ情報が複数部署に分散しており、対応状況を一元管理できる仕組みを探しています。","営業・顧客管理","中","true","サービス企画部","責任者","90","false","情報収集中","2026-08-30","true","本データはデモ用途の架空企業です。実在の企業・団体とは関係ありません。"
"FC-01946","株式会社クレストサービスソリューションズ","株式会社 クレスト サービス ソリューションズ","other_services","その他サービス業","福岡県","みなと市","2009","902","中堅企業","17138","機器修理・保守","https://example.invalid/other_services/046","採用後の教育と定着を改善したい","人員拡大に対して教育担当者が不足しており、研修の標準化と定着支援を相談したいです。","業務提携の締結","採用後の教育と定着を改善したい","人員拡大に対して教育担当者が不足しており、研修の標準化と定着支援を相談したいです。","人材・労務","高","true","サービス企画部","企画担当","62","false","アプローチ準備中","2026-08-30","true","本データはデモ用途の架空企業です。実在の企業・団体とは関係ありません。"
"FC-01947","合同会社クレストサービスパートナーズ","合同会社 クレスト サービス パートナーズ","other_services","その他サービス業","沖縄県","高台市","2020","1039","大企業","20780","会員制サービス運営","https://example.invalid/other_services/047","新サービスの販売パートナーを探したい","新サービスの提供地域を広げるため、共同提案や販売連携が可能な企業を探しています。","設備更新予算の増額","新サービスの販売パートナーを探したい","新サービスの提供地域を広げるため、共同提案や販売連携が可能な企業を探しています。","事業開発","低","true","サービス企画部","部長","79","false","未対応","2026-08-30","true","本データはデモ用途の架空企業です。実在の企業・団体とは関係ありません。"
"FC-01948","株式会社クレストサービスワークス","株式会社 クレスト サービス ワークス","other_services","その他サービス業","福島県","新生市","1963","40","小規模","840","地域生活支援","https://example.invalid/other_services/048","現場の安全管理と品質記録を強化したい","点検記録と事故予防の仕組みを見直しており、導入負担の小さい安全管理提案を受け付けています。","省エネ投資の開始","現場の安全管理と品質記録を強化したい","点検記録と事故予防の仕組みを見直しており、導入負担の小さい安全管理提案を受け付けています。","安全・品質","中","true","サービス企画部","課長","96","false","情報収集中","2026-08-30","true","本データはデモ用途の架空企業です。実在の企業・団体とは関係ありません。"
"FC-01949","合同会社クレストサービスグループ","合同会社 クレスト サービス グループ","other_services","その他サービス業","神奈川県","平和市","1974","163","中小企業","3586","機器修理・保守","https://example.invalid/other_services/049","手作業と紙中心の業務をデジタル化したい","部門間の情報共有が手作業になっているため、現場へ定着しやすい業務システムの提案を募集しています。","新サービスの発表","手作業と紙中心の業務をデジタル化したい","部門間の情報共有が手作業になっているため、現場へ定着しやすい業務システムの提案を募集しています。","DX・IT","高","true","サービス企画部","責任者","68","false","アプローチ準備中","2026-08-30","true","本データはデモ用途の架空企業です。実在の企業・団体とは関係ありません。"
"FC-01950","株式会社クレストサービスコーポレーション","株式会社 クレスト サービス コーポレーション","other_services","その他サービス業","岐阜県","希望市","1985","350","中堅企業","8050","会員制サービス運営","https://example.invalid/other_services/050","在庫差異と配送負担を減らしたい","在庫状況の把握に時間がかかっており、入出庫と配送計画を改善する提案を募集しています。","新拠点の開設計画","在庫差異と配送負担を減らしたい","在庫状況の把握に時間がかかっており、入出庫と配送計画を改善する提案を募集しています。","物流・在庫","低","true","サービス企画部","企画担当","85","false","未対応","2026-08-30","true","本データはデモ用途の架空企業です。実在の企業・団体とは関係ありません。"
"FC-01951","合同会社シナジーサービスソリューションズ","合同会社 シナジー サービス ソリューションズ","other_services","その他サービス業","兵庫県","文化市","1996","1187","大企業","28488","地域生活支援","https://example.invalid/other_services/051","エネルギー・運用費を削減したい","拠点運営費が増加しているため、効果を測定できる省エネ・コスト削減策を求めています。","人員採用の拡大","エネルギー・運用費を削減したい","拠点運営費が増加しているため、効果を測定できる省エネ・コスト削減策を求めています。","コスト削減","中","true","サービス企画部","部長","57","false","情報収集中","2026-08-30","true","本データはデモ用途の架空企業です。実在の企業・団体とは関係ありません。"
"FC-01952","株式会社シナジーサービスパートナーズ","株式会社 シナジー サービス パートナーズ","other_services","その他サービス業","山口県","産業市","2007","36","小規模","900","機器修理・保守","https://example.invalid/other_services/052","設備の老朽化と保守負担を減らしたい","既存設備の故障と保守工数が増えており、更新計画と運用改善を一緒に提案できる企業を探しています。","既存施設の改修","設備の老朽化と保守負担を減らしたい","既存設備の故障と保守工数が増えており、更新計画と運用改善を一緒に提案できる企業を探しています。","設備・施設","高","true","サービス企画部","課長","74","false","アプローチ準備中","2026-08-30","true","本データはデモ用途の架空企業です。実在の企業・団体とは関係ありません。"
"FC-01953","合同会社シナジーサービスワークス","合同会社 シナジー サービス ワークス","other_services","その他サービス業","長崎県","学園市","2018","61","中小企業","1586","会員制サービス運営","https://example.invalid/other_services/053","問い合わせと顧客対応を効率化したい","問い合わせ情報が複数部署に分散しており、対応状況を一元管理できる仕組みを探しています。","事業エリアの拡大","問い合わせと顧客対応を効率化したい","問い合わせ情報が複数部署に分散しており、対応状況を一元管理できる仕組みを探しています。","営業・顧客管理","低","true","サービス企画部","責任者","91","false","未対応","2026-08-30","true","本データはデモ用途の架空企業です。実在の企業・団体とは関係ありません。"
"FC-01954","株式会社シナジーサービスグループ","株式会社 シナジー サービス グループ","other_services","その他サービス業","青森県","泉市","1961","498","中堅企業","13446","地域生活支援","https://example.invalid/other_services/054","採用後の教育と定着を改善したい","人員拡大に対して教育担当者が不足しており、研修の標準化と定着支援を相談したいです。","DX推進組織の新設","採用後の教育と定着を改善したい","人員拡大に対して教育担当者が不足しており、研修の標準化と定着支援を相談したいです。","人材・労務","中","true","サービス企画部","企画担当","63","false","情報収集中","2026-08-30","true","本データはデモ用途の架空企業です。実在の企業・団体とは関係ありません。"
"FC-01955","合同会社シナジーサービスコーポレーション","合同会社 シナジー サービス コーポレーション","other_services","その他サービス業","栃木県","丘陵市","1972","1335","大企業","37380","機器修理・保守","https://example.invalid/other_services/055","新サービスの販売パートナーを探したい","新サービスの提供地域を広げるため、共同提案や販売連携が可能な企業を探しています。","安全管理方針の強化","新サービスの販売パートナーを探したい","新サービスの提供地域を広げるため、共同提案や販売連携が可能な企業を探しています。","事業開発","高","true","サービス企画部","部長","80","true","アプローチ準備中","2026-08-30","true","本データはデモ用途の架空企業です。実在の企業・団体とは関係ありません。"
"FC-01956","株式会社アクセルサービスソリューションズ","株式会社 アクセル サービス ソリューションズ","other_services","その他サービス業","富山県","未来市","1983","32","小規模","928","会員制サービス運営","https://example.invalid/other_services/056","現場の安全管理と品質記録を強化したい","点検記録と事故予防の仕組みを見直しており、導入負担の小さい安全管理提案を受け付けています。","業務提携の締結","現場の安全管理と品質記録を強化したい","点検記録と事故予防の仕組みを見直しており、導入負担の小さい安全管理提案を受け付けています。","安全・品質","低","true","サービス企画部","課長","97","false","未対応","2026-08-30","true","本データはデモ用途の架空企業です。実在の企業・団体とは関係ありません。"
"FC-01957","合同会社アクセルサービスパートナーズ","合同会社 アクセル サービス パートナーズ","other_services","その他サービス業","愛知県","中央市","1994","209","中小企業","2299","地域生活支援","https://example.invalid/other_services/057","手作業と紙中心の業務をデジタル化したい","部門間の情報共有が手作業になっているため、現場へ定着しやすい業務システムの提案を募集しています。","設備更新予算の増額","手作業と紙中心の業務をデジタル化したい","部門間の情報共有が手作業になっているため、現場へ定着しやすい業務システムの提案を募集しています。","DX・IT","中","true","サービス企画部","責任者","69","false","情報収集中","2026-08-30","true","本データはデモ用途の架空企業です。実在の企業・団体とは関係ありません。"
"FC-01958","株式会社アクセルサービスワークス","株式会社 アクセル サービス ワークス","other_services","その他サービス業","和歌山県","緑市","2005","646","中堅企業","7752","機器修理・保守","https://example.invalid/other_services/058","在庫差異と配送負担を減らしたい","在庫状況の把握に時間がかかっており、入出庫と配送計画を改善する提案を募集しています。","省エネ投資の開始","在庫差異と配送負担を減らしたい","在庫状況の把握に時間がかかっており、入出庫と配送計画を改善する提案を募集しています。","物流・在庫","高","true","サービス企画部","企画担当","86","false","アプローチ準備中","2026-08-30","true","本データはデモ用途の架空企業です。実在の企業・団体とは関係ありません。"
"FC-01959","合同会社アクセルサービスグループ","合同会社 アクセル サービス グループ","other_services","その他サービス業","香川県","さくら市","2016","1483","大企業","19279","会員制サービス運営","https://example.invalid/other_services/059","エネルギー・運用費を削減したい","拠点運営費が増加しているため、効果を測定できる省エネ・コスト削減策を求めています。","新サービスの発表","エネルギー・運用費を削減したい","拠点運営費が増加しているため、効果を測定できる省エネ・コスト削減策を求めています。","コスト削減","低","true","サービス企画部","部長","58","false","未対応","2026-08-30","true","本データはデモ用途の架空企業です。実在の企業・団体とは関係ありません。"
"FC-01960","株式会社アクセルサービスコーポレーション","株式会社 アクセル サービス コーポレーション","other_services","その他サービス業","大分県","ひかり市","1959","28","小規模","392","地域生活支援","https://example.invalid/other_services/060","設備の老朽化と保守負担を減らしたい","既存設備の故障と保守工数が増えており、更新計画と運用改善を一緒に提案できる企業を探しています。","新拠点の開設計画","設備の老朽化と保守負担を減らしたい","既存設備の故障と保守工数が増えており、更新計画と運用改善を一緒に提案できる企業を探しています。","設備・施設","中","true","サービス企画部","課長","75","false","情報収集中","2026-08-30","true","本データはデモ用途の架空企業です。実在の企業・団体とは関係ありません。"
"FC-01961","合同会社リードサービスソリューションズ","合同会社 リード サービス ソリューションズ","other_services","その他サービス業","宮城県","あおば市","1970","107","中小企業","1605","機器修理・保守","https://example.invalid/other_services/061","問い合わせと顧客対応を効率化したい","問い合わせ情報が複数部署に分散しており、対応状況を一元管理できる仕組みを探しています。","人員採用の拡大","問い合わせと顧客対応を効率化したい","問い合わせ情報が複数部署に分散しており、対応状況を一元管理できる仕組みを探しています。","営業・顧客管理","高","true","サービス企画部","責任者","92","false","アプローチ準備中","2026-08-30","true","本データはデモ用途の架空企業です。実在の企業・団体とは関係ありません。"
"FC-01962","株式会社リードサービスパートナーズ","株式会社 リード サービス パートナーズ","other_services","その他サービス業","埼玉県","若葉市","1981","794","中堅企業","12704","会員制サービス運営","https://example.invalid/other_services/062","採用後の教育と定着を改善したい","人員拡大に対して教育担当者が不足しており、研修の標準化と定着支援を相談したいです。","既存施設の改修","採用後の教育と定着を改善したい","人員拡大に対して教育担当者が不足しており、研修の標準化と定着支援を相談したいです。","人材・労務","低","true","サービス企画部","企画担当","64","false","未対応","2026-08-30","true","本データはデモ用途の架空企業です。実在の企業・団体とは関係ありません。"
"FC-01963","合同会社リードサービスワークス","合同会社 リード サービス ワークス","other_services","その他サービス業","福井県","豊栄市","1992","1631","大企業","27727","地域生活支援","https://example.invalid/other_services/063","新サービスの販売パートナーを探したい","新サービスの提供地域を広げるため、共同提案や販売連携が可能な企業を探しています。","事業エリアの拡大","新サービスの販売パートナーを探したい","新サービスの提供地域を広げるため、共同提案や販売連携が可能な企業を探しています。","事業開発","中","true","サービス企画部","部長","81","false","情報収集中","2026-08-30","true","本データはデモ用途の架空企業です。実在の企業・団体とは関係ありません。"
"FC-01964","株式会社リードサービスグループ","株式会社 リード サービス グループ","other_services","その他サービス業","滋賀県","清流市","2003","24","小規模","432","機器修理・保守","https://example.invalid/other_services/064","現場の安全管理と品質記録を強化したい","点検記録と事故予防の仕組みを見直しており、導入負担の小さい安全管理提案を受け付けています。","DX推進組織の新設","現場の安全管理と品質記録を強化したい","点検記録と事故予防の仕組みを見直しており、導入負担の小さい安全管理提案を受け付けています。","安全・品質","高","true","サービス企画部","課長","98","false","アプローチ準備中","2026-08-30","true","本データはデモ用途の架空企業です。実在の企業・団体とは関係ありません。"
"FC-01965","合同会社リードサービスコーポレーション","合同会社 リード サービス コーポレーション","other_services","その他サービス業","島根県","旭市","2014","255","中小企業","4845","会員制サービス運営","https://example.invalid/other_services/065","手作業と紙中心の業務をデジタル化したい","部門間の情報共有が手作業になっているため、現場へ定着しやすい業務システムの提案を募集しています。","安全管理方針の強化","手作業と紙中心の業務をデジタル化したい","部門間の情報共有が手作業になっているため、現場へ定着しやすい業務システムの提案を募集しています。","DX・IT","低","true","サービス企画部","責任者","70","false","未対応","2026-08-30","true","本データはデモ用途の架空企業です。実在の企業・団体とは関係ありません。"
"FC-01966","株式会社ハーモニーサービスソリューションズ","株式会社 ハーモニー サービス ソリューションズ","other_services","その他サービス業","高知県","みなと市","1957","942","中堅企業","18840","地域生活支援","https://example.invalid/other_services/066","在庫差異と配送負担を減らしたい","在庫状況の把握に時間がかかっており、入出庫と配送計画を改善する提案を募集しています。","業務提携の締結","在庫差異と配送負担を減らしたい","在庫状況の把握に時間がかかっており、入出庫と配送計画を改善する提案を募集しています。","物流・在庫","中","true","サービス企画部","企画担当","87","false","情報収集中","2026-08-30","true","本データはデモ用途の架空企業です。実在の企業・団体とは関係ありません。"
"FC-01967","合同会社ハーモニーサービスパートナーズ","合同会社 ハーモニー サービス パートナーズ","other_services","その他サービス業","鹿児島県","高台市","1968","1779","大企業","37359","機器修理・保守","https://example.invalid/other_services/067","エネルギー・運用費を削減したい","拠点運営費が増加しているため、効果を測定できる省エネ・コスト削減策を求めています。","設備更新予算の増額","エネルギー・運用費を削減したい","拠点運営費が増加しているため、効果を測定できる省エネ・コスト削減策を求めています。","コスト削減","高","true","サービス企画部","部長","59","false","アプローチ準備中","2026-08-30","true","本データはデモ用途の架空企業です。実在の企業・団体とは関係ありません。"
"FC-01968","株式会社ハーモニーサービスワークス","株式会社 ハーモニー サービス ワークス","other_services","その他サービス業","山形県","新生市","1979","20","小規模","440","会員制サービス運営","https://example.invalid/other_services/068","設備の老朽化と保守負担を減らしたい","既存設備の故障と保守工数が増えており、更新計画と運用改善を一緒に提案できる企業を探しています。","省エネ投資の開始","設備の老朽化と保守負担を減らしたい","既存設備の故障と保守工数が増えており、更新計画と運用改善を一緒に提案できる企業を探しています。","設備・施設","低","true","サービス企画部","課長","76","false","未対応","2026-08-30","true","本データはデモ用途の架空企業です。実在の企業・団体とは関係ありません。"
"FC-01969","合同会社ハーモニーサービスグループ","合同会社 ハーモニー サービス グループ","other_services","その他サービス業","東京都","平和市","1990","153","中小企業","3519","地域生活支援","https://example.invalid/other_services/069","問い合わせと顧客対応を効率化したい","問い合わせ情報が複数部署に分散しており、対応状況を一元管理できる仕組みを探しています。","新サービスの発表","問い合わせと顧客対応を効率化したい","問い合わせ情報が複数部署に分散しており、対応状況を一元管理できる仕組みを探しています。","営業・顧客管理","中","true","サービス企画部","責任者","93","false","情報収集中","2026-08-30","true","本データはデモ用途の架空企業です。実在の企業・団体とは関係ありません。"
"FC-01970","株式会社ハーモニーサービスコーポレーション","株式会社 ハーモニー サービス コーポレーション","other_services","その他サービス業","長野県","希望市","2001","390","中堅企業","9360","機器修理・保守","https://example.invalid/other_services/070","採用後の教育と定着を改善したい","人員拡大に対して教育担当者が不足しており、研修の標準化と定着支援を相談したいです。","新拠点の開設計画","採用後の教育と定着を改善したい","人員拡大に対して教育担当者が不足しており、研修の標準化と定着支援を相談したいです。","人材・労務","高","true","サービス企画部","企画担当","65","false","アプローチ準備中","2026-08-30","true","本データはデモ用途の架空企業です。実在の企業・団体とは関係ありません。"
"FC-01971","合同会社ブリッジサービスソリューションズ","合同会社 ブリッジ サービス ソリューションズ","other_services","その他サービス業","大阪府","文化市","2012","1927","大企業","48175","会員制サービス運営","https://example.invalid/other_services/071","新サービスの販売パートナーを探したい","新サービスの提供地域を広げるため、共同提案や販売連携が可能な企業を探しています。","人員採用の拡大","新サービスの販売パートナーを探したい","新サービスの提供地域を広げるため、共同提案や販売連携が可能な企業を探しています。","事業開発","低","true","サービス企画部","部長","82","false","未対応","2026-08-30","true","本データはデモ用途の架空企業です。実在の企業・団体とは関係ありません。"
"FC-01972","株式会社ブリッジサービスパートナーズ","株式会社 ブリッジ サービス パートナーズ","other_services","その他サービス業","広島県","産業市","1955","16","小規模","416","地域生活支援","https://example.invalid/other_services/072","現場の安全管理と品質記録を強化したい","点検記録と事故予防の仕組みを見直しており、導入負担の小さい安全管理提案を受け付けています。","既存施設の改修","現場の安全管理と品質記録を強化したい","点検記録と事故予防の仕組みを見直しており、導入負担の小さい安全管理提案を受け付けています。","安全・品質","中","true","サービス企画部","課長","99","true","情報収集中","2026-08-30","true","本データはデモ用途の架空企業です。実在の企業・団体とは関係ありません。"
"FC-01973","合同会社ブリッジサービスワークス","合同会社 ブリッジ サービス ワークス","other_services","その他サービス業","佐賀県","学園市","1966","51","中小企業","1377","機器修理・保守","https://example.invalid/other_services/073","手作業と紙中心の業務をデジタル化したい","部門間の情報共有が手作業になっているため、現場へ定着しやすい業務システムの提案を募集しています。","事業エリアの拡大","手作業と紙中心の業務をデジタル化したい","部門間の情報共有が手作業になっているため、現場へ定着しやすい業務システムの提案を募集しています。","DX・IT","高","true","サービス企画部","責任者","71","false","アプローチ準備中","2026-08-30","true","本データはデモ用途の架空企業です。実在の企業・団体とは関係ありません。"
"FC-01974","株式会社ブリッジサービスグループ","株式会社 ブリッジ サービス グループ","other_services","その他サービス業","北海道","泉市","1977","538","中堅企業","15064","会員制サービス運営","https://example.invalid/other_services/074","在庫差異と配送負担を減らしたい","在庫状況の把握に時間がかかっており、入出庫と配送計画を改善する提案を募集しています。","DX推進組織の新設","在庫差異と配送負担を減らしたい","在庫状況の把握に時間がかかっており、入出庫と配送計画を改善する提案を募集しています。","物流・在庫","低","true","サービス企画部","企画担当","88","false","未対応","2026-08-30","true","本データはデモ用途の架空企業です。実在の企業・団体とは関係ありません。"
"FC-01975","合同会社ブリッジサービスコーポレーション","合同会社 ブリッジ サービス コーポレーション","other_services","その他サービス業","茨城県","丘陵市","1988","2075","大企業","60175","地域生活支援","https://example.invalid/other_services/075","エネルギー・運用費を削減したい","拠点運営費が増加しているため、効果を測定できる省エネ・コスト削減策を求めています。","安全管理方針の強化","エネルギー・運用費を削減したい","拠点運営費が増加しているため、効果を測定できる省エネ・コスト削減策を求めています。","コスト削減","中","true","サービス企画部","部長","60","false","情報収集中","2026-08-30","true","本データはデモ用途の架空企業です。実在の企業・団体とは関係ありません。"
"FC-01976","株式会社フォーカスサービスソリューションズ","株式会社 フォーカス サービス ソリューションズ","other_services","その他サービス業","新潟県","未来市","1999","12","小規模","132","機器修理・保守","https://example.invalid/other_services/076","設備の老朽化と保守負担を減らしたい","既存設備の故障と保守工数が増えており、更新計画と運用改善を一緒に提案できる企業を探しています。","業務提携の締結","設備の老朽化と保守負担を減らしたい","既存設備の故障と保守工数が増えており、更新計画と運用改善を一緒に提案できる企業を探しています。","設備・施設","高","true","サービス企画部","課長","77","false","アプローチ準備中","2026-08-30","true","本データはデモ用途の架空企業です。実在の企業・団体とは関係ありません。"
"FC-01977","合同会社フォーカスサービスパートナーズ","合同会社 フォーカス サービス パートナーズ","other_services","その他サービス業","静岡県","中央市","2010","199","中小企業","2388","会員制サービス運営","https://example.invalid/other_services/077","問い合わせと顧客対応を効率化したい","問い合わせ情報が複数部署に分散しており、対応状況を一元管理できる仕組みを探しています。","設備更新予算の増額","問い合わせと顧客対応を効率化したい","問い合わせ情報が複数部署に分散しており、対応状況を一元管理できる仕組みを探しています。","営業・顧客管理","低","true","サービス企画部","責任者","94","false","未対応","2026-08-30","true","本データはデモ用途の架空企業です。実在の企業・団体とは関係ありません。"
"FC-01978","株式会社フォーカスサービスワークス","株式会社 フォーカス サービス ワークス","other_services","その他サービス業","奈良県","緑市","2021","686","中堅企業","8918","地域生活支援","https://example.invalid/other_services/078","採用後の教育と定着を改善したい","人員拡大に対して教育担当者が不足しており、研修の標準化と定着支援を相談したいです。","省エネ投資の開始","採用後の教育と定着を改善したい","人員拡大に対して教育担当者が不足しており、研修の標準化と定着支援を相談したいです。","人材・労務","中","true","サービス企画部","企画担当","66","false","情報収集中","2026-08-30","true","本データはデモ用途の架空企業です。実在の企業・団体とは関係ありません。"
"FC-01979","合同会社フォーカスサービスグループ","合同会社 フォーカス サービス グループ","other_services","その他サービス業","徳島県","さくら市","1964","2223","大企業","31122","機器修理・保守","https://example.invalid/other_services/079","新サービスの販売パートナーを探したい","新サービスの提供地域を広げるため、共同提案や販売連携が可能な企業を探しています。","新サービスの発表","新サービスの販売パートナーを探したい","新サービスの提供地域を広げるため、共同提案や販売連携が可能な企業を探しています。","事業開発","高","true","サービス企画部","部長","83","false","アプローチ準備中","2026-08-30","true","本データはデモ用途の架空企業です。実在の企業・団体とは関係ありません。"
"FC-01980","株式会社フォーカスサービスコーポレーション","株式会社 フォーカス サービス コーポレーション","other_services","その他サービス業","熊本県","ひかり市","1975","46","小規模","690","会員制サービス運営","https://example.invalid/other_services/080","現場の安全管理と品質記録を強化したい","点検記録と事故予防の仕組みを見直しており、導入負担の小さい安全管理提案を受け付けています。","新拠点の開設計画","現場の安全管理と品質記録を強化したい","点検記録と事故予防の仕組みを見直しており、導入負担の小さい安全管理提案を受け付けています。","安全・品質","低","true","サービス企画部","課長","55","false","未対応","2026-08-30","true","本データはデモ用途の架空企業です。実在の企業・団体とは関係ありません。"
"FC-01981","合同会社ビジョンサービスソリューションズ","合同会社 ビジョン サービス ソリューションズ","other_services","その他サービス業","岩手県","あおば市","1986","97","中小企業","1552","地域生活支援","https://example.invalid/other_services/081","手作業と紙中心の業務をデジタル化したい","部門間の情報共有が手作業になっているため、現場へ定着しやすい業務システムの提案を募集しています。","人員採用の拡大","手作業と紙中心の業務をデジタル化したい","部門間の情報共有が手作業になっているため、現場へ定着しやすい業務システムの提案を募集しています。","DX・IT","中","true","サービス企画部","責任者","72","false","情報収集中","2026-08-30","true","本データはデモ用途の架空企業です。実在の企業・団体とは関係ありません。"
"FC-01982","株式会社ビジョンサービスパートナーズ","株式会社 ビジョン サービス パートナーズ","other_services","その他サービス業","群馬県","若葉市","1997","834","中堅企業","14178","機器修理・保守","https://example.invalid/other_services/082","在庫差異と配送負担を減らしたい","在庫状況の把握に時間がかかっており、入出庫と配送計画を改善する提案を募集しています。","既存施設の改修","在庫差異と配送負担を減らしたい","在庫状況の把握に時間がかかっており、入出庫と配送計画を改善する提案を募集しています。","物流・在庫","高","true","サービス企画部","企画担当","89","false","アプローチ準備中","2026-08-30","true","本データはデモ用途の架空企業です。実在の企業・団体とは関係ありません。"
"FC-01983","合同会社ビジョンサービスワークス","合同会社 ビジョン サービス ワークス","other_services","その他サービス業","石川県","豊栄市","2008","2371","大企業","42678","会員制サービス運営","https://example.invalid/other_services/083","エネルギー・運用費を削減したい","拠点運営費が増加しているため、効果を測定できる省エネ・コスト削減策を求めています。","事業エリアの拡大","エネルギー・運用費を削減したい","拠点運営費が増加しているため、効果を測定できる省エネ・コスト削減策を求めています。","コスト削減","低","true","サービス企画部","部長","61","false","未対応","2026-08-30","true","本データはデモ用途の架空企業です。実在の企業・団体とは関係ありません。"
"FC-01984","株式会社ビジョンサービスグループ","株式会社 ビジョン サービス グループ","other_services","その他サービス業","三重県","清流市","2019","42","小規模","798","地域生活支援","https://example.invalid/other_services/084","設備の老朽化と保守負担を減らしたい","既存設備の故障と保守工数が増えており、更新計画と運用改善を一緒に提案できる企業を探しています。","DX推進組織の新設","設備の老朽化と保守負担を減らしたい","既存設備の故障と保守工数が増えており、更新計画と運用改善を一緒に提案できる企業を探しています。","設備・施設","中","true","サービス企画部","課長","78","false","情報収集中","2026-08-30","true","本データはデモ用途の架空企業です。実在の企業・団体とは関係ありません。"
"FC-01985","合同会社ビジョンサービスコーポレーション","合同会社 ビジョン サービス コーポレーション","other_services","その他サービス業","鳥取県","旭市","1962","245","中小企業","4900","機器修理・保守","https://example.invalid/other_services/085","問い合わせと顧客対応を効率化したい","問い合わせ情報が複数部署に分散しており、対応状況を一元管理できる仕組みを探しています。","安全管理方針の強化","問い合わせと顧客対応を効率化したい","問い合わせ情報が複数部署に分散しており、対応状況を一元管理できる仕組みを探しています。","営業・顧客管理","高","true","サービス企画部","責任者","95","false","アプローチ準備中","2026-08-30","true","本データはデモ用途の架空企業です。実在の企業・団体とは関係ありません。"
"FC-01986","株式会社コアサービスソリューションズ","株式会社 コア サービス ソリューションズ","other_services","その他サービス業","愛媛県","みなと市","1973","982","中堅企業","20622","会員制サービス運営","https://example.invalid/other_services/086","採用後の教育と定着を改善したい","人員拡大に対して教育担当者が不足しており、研修の標準化と定着支援を相談したいです。","業務提携の締結","採用後の教育と定着を改善したい","人員拡大に対して教育担当者が不足しており、研修の標準化と定着支援を相談したいです。","人材・労務","低","true","サービス企画部","企画担当","67","false","未対応","2026-08-30","true","本データはデモ用途の架空企業です。実在の企業・団体とは関係ありません。"
"FC-01987","合同会社コアサービスパートナーズ","合同会社 コア サービス パートナーズ","other_services","その他サービス業","宮崎県","高台市","1984","2519","大企業","55418","地域生活支援","https://example.invalid/other_services/087","新サービスの販売パートナーを探したい","新サービスの提供地域を広げるため、共同提案や販売連携が可能な企業を探しています。","設備更新予算の増額","新サービスの販売パートナーを探したい","新サービスの提供地域を広げるため、共同提案や販売連携が可能な企業を探しています。","事業開発","中","true","サービス企画部","部長","84","false","情報収集中","2026-08-30","true","本データはデモ用途の架空企業です。実在の企業・団体とは関係ありません。"
"FC-01988","株式会社コアサービスワークス","株式会社 コア サービス ワークス","other_services","その他サービス業","秋田県","新生市","1995","38","小規模","874","機器修理・保守","https://example.invalid/other_services/088","現場の安全管理と品質記録を強化したい","点検記録と事故予防の仕組みを見直しており、導入負担の小さい安全管理提案を受け付けています。","省エネ投資の開始","現場の安全管理と品質記録を強化したい","点検記録と事故予防の仕組みを見直しており、導入負担の小さい安全管理提案を受け付けています。","安全・品質","高","true","サービス企画部","課長","56","false","アプローチ準備中","2026-08-30","true","本データはデモ用途の架空企業です。実在の企業・団体とは関係ありません。"
"FC-01989","合同会社コアサービスグループ","合同会社 コア サービス グループ","other_services","その他サービス業","千葉県","平和市","2006","143","中小企業","3432","会員制サービス運営","https://example.invalid/other_services/089","手作業と紙中心の業務をデジタル化したい","部門間の情報共有が手作業になっているため、現場へ定着しやすい業務システムの提案を募集しています。","新サービスの発表","手作業と紙中心の業務をデジタル化したい","部門間の情報共有が手作業になっているため、現場へ定着しやすい業務システムの提案を募集しています。","DX・IT","低","true","サービス企画部","責任者","73","true","未対応","2026-08-30","true","本データはデモ用途の架空企業です。実在の企業・団体とは関係ありません。"
"FC-01990","株式会社コアサービスコーポレーション","株式会社 コア サービス コーポレーション","other_services","その他サービス業","山梨県","希望市","2017","430","中堅企業","10750","地域生活支援","https://example.invalid/other_services/090","在庫差異と配送負担を減らしたい","在庫状況の把握に時間がかかっており、入出庫と配送計画を改善する提案を募集しています。","新拠点の開設計画","在庫差異と配送負担を減らしたい","在庫状況の把握に時間がかかっており、入出庫と配送計画を改善する提案を募集しています。","物流・在庫","中","true","サービス企画部","企画担当","90","false","情報収集中","2026-08-30","true","本データはデモ用途の架空企業です。実在の企業・団体とは関係ありません。"
"FC-01991","合同会社アドバンスサービスソリューションズ","合同会社 アドバンス サービス ソリューションズ","other_services","その他サービス業","京都府","文化市","1960","2667","大企業","69342","機器修理・保守","https://example.invalid/other_services/091","エネルギー・運用費を削減したい","拠点運営費が増加しているため、効果を測定できる省エネ・コスト削減策を求めています。","人員採用の拡大","エネルギー・運用費を削減したい","拠点運営費が増加しているため、効果を測定できる省エネ・コスト削減策を求めています。","コスト削減","高","true","サービス企画部","部長","62","false","アプローチ準備中","2026-08-30","true","本データはデモ用途の架空企業です。実在の企業・団体とは関係ありません。"
"FC-01992","株式会社アドバンスサービスパートナーズ","株式会社 アドバンス サービス パートナーズ","other_services","その他サービス業","岡山県","産業市","1971","34","小規模","918","会員制サービス運営","https://example.invalid/other_services/092","設備の老朽化と保守負担を減らしたい","既存設備の故障と保守工数が増えており、更新計画と運用改善を一緒に提案できる企業を探しています。","既存施設の改修","設備の老朽化と保守負担を減らしたい","既存設備の故障と保守工数が増えており、更新計画と運用改善を一緒に提案できる企業を探しています。","設備・施設","低","true","サービス企画部","課長","79","false","未対応","2026-08-30","true","本データはデモ用途の架空企業です。実在の企業・団体とは関係ありません。"
"FC-01993","合同会社アドバンスサービスワークス","合同会社 アドバンス サービス ワークス","other_services","その他サービス業","福岡県","学園市","1982","291","中小企業","8148","地域生活支援","https://example.invalid/other_services/093","問い合わせと顧客対応を効率化したい","問い合わせ情報が複数部署に分散しており、対応状況を一元管理できる仕組みを探しています。","事業エリアの拡大","問い合わせと顧客対応を効率化したい","問い合わせ情報が複数部署に分散しており、対応状況を一元管理できる仕組みを探しています。","営業・顧客管理","中","true","サービス企画部","責任者","96","false","情報収集中","2026-08-30","true","本データはデモ用途の架空企業です。実在の企業・団体とは関係ありません。"
"FC-01994","株式会社アドバンスサービスグループ","株式会社 アドバンス サービス グループ","other_services","その他サービス業","沖縄県","泉市","1993","578","中堅企業","16762","機器修理・保守","https://example.invalid/other_services/094","採用後の教育と定着を改善したい","人員拡大に対して教育担当者が不足しており、研修の標準化と定着支援を相談したいです。","DX推進組織の新設","採用後の教育と定着を改善したい","人員拡大に対して教育担当者が不足しており、研修の標準化と定着支援を相談したいです。","人材・労務","高","true","サービス企画部","企画担当","68","false","アプローチ準備中","2026-08-30","true","本データはデモ用途の架空企業です。実在の企業・団体とは関係ありません。"
"FC-01995","合同会社アドバンスサービスコーポレーション","合同会社 アドバンス サービス コーポレーション","other_services","その他サービス業","福島県","丘陵市","2004","2815","大企業","30965","会員制サービス運営","https://example.invalid/other_services/095","新サービスの販売パートナーを探したい","新サービスの提供地域を広げるため、共同提案や販売連携が可能な企業を探しています。","安全管理方針の強化","新サービスの販売パートナーを探したい","新サービスの提供地域を広げるため、共同提案や販売連携が可能な企業を探しています。","事業開発","低","true","サービス企画部","部長","85","false","未対応","2026-08-30","true","本データはデモ用途の架空企業です。実在の企業・団体とは関係ありません。"
"FC-01996","株式会社インテグラサービスソリューションズ","株式会社 インテグラ サービス ソリューションズ","other_services","その他サービス業","神奈川県","未来市","2015","30","小規模","360","地域生活支援","https://example.invalid/other_services/096","現場の安全管理と品質記録を強化したい","点検記録と事故予防の仕組みを見直しており、導入負担の小さい安全管理提案を受け付けています。","業務提携の締結","現場の安全管理と品質記録を強化したい","点検記録と事故予防の仕組みを見直しており、導入負担の小さい安全管理提案を受け付けています。","安全・品質","中","true","サービス企画部","課長","57","false","情報収集中","2026-08-30","true","本データはデモ用途の架空企業です。実在の企業・団体とは関係ありません。"
"FC-01997","合同会社インテグラサービスパートナーズ","合同会社 インテグラ サービス パートナーズ","other_services","その他サービス業","岐阜県","中央市","1958","189","中小企業","2457","機器修理・保守","https://example.invalid/other_services/097","手作業と紙中心の業務をデジタル化したい","部門間の情報共有が手作業になっているため、現場へ定着しやすい業務システムの提案を募集しています。","設備更新予算の増額","手作業と紙中心の業務をデジタル化したい","部門間の情報共有が手作業になっているため、現場へ定着しやすい業務システムの提案を募集しています。","DX・IT","高","true","サービス企画部","責任者","74","false","アプローチ準備中","2026-08-30","true","本データはデモ用途の架空企業です。実在の企業・団体とは関係ありません。"
"FC-01998","株式会社インテグラサービスワークス","株式会社 インテグラ サービス ワークス","other_services","その他サービス業","兵庫県","緑市","1969","726","中堅企業","10164","会員制サービス運営","https://example.invalid/other_services/098","在庫差異と配送負担を減らしたい","在庫状況の把握に時間がかかっており、入出庫と配送計画を改善する提案を募集しています。","省エネ投資の開始","在庫差異と配送負担を減らしたい","在庫状況の把握に時間がかかっており、入出庫と配送計画を改善する提案を募集しています。","物流・在庫","低","true","サービス企画部","企画担当","91","false","未対応","2026-08-30","true","本データはデモ用途の架空企業です。実在の企業・団体とは関係ありません。"
"FC-01999","合同会社インテグラサービスグループ","合同会社 インテグラ サービス グループ","other_services","その他サービス業","山口県","さくら市","1980","2963","大企業","44445","地域生活支援","https://example.invalid/other_services/099","エネルギー・運用費を削減したい","拠点運営費が増加しているため、効果を測定できる省エネ・コスト削減策を求めています。","新サービスの発表","エネルギー・運用費を削減したい","拠点運営費が増加しているため、効果を測定できる省エネ・コスト削減策を求めています。","コスト削減","中","true","サービス企画部","部長","63","false","情報収集中","2026-08-30","true","本データはデモ用途の架空企業です。実在の企業・団体とは関係ありません。"
"FC-02000","株式会社インテグラサービスコーポレーション","株式会社 インテグラ サービス コーポレーション","other_services","その他サービス業","長崎県","ひかり市","1991","26","小規模","416","機器修理・保守","https://example.invalid/other_services/100","設備の老朽化と保守負担を減らしたい","既存設備の故障と保守工数が増えており、更新計画と運用改善を一緒に提案できる企業を探しています。","新拠点の開設計画","設備の老朽化と保守負担を減らしたい","既存設備の故障と保守工数が増えており、更新計画と運用改善を一緒に提案できる企業を探しています。","設備・施設","高","true","サービス企画部","課長","80","false","アプローチ準備中","2026-08-30","true","本データはデモ用途の架空企業です。実在の企業・団体とは関係ありません。"